,0,S23,S24,S33,S34
0,MER11B,30934,17334,19300,20181
1,MER44B,1500,1425,1384,881
2,UCON80_AMi,146,100,124,24
3,MSTA1,206,352,137,144
4,MLT1E1-int,0,4,0,0
5,UCON27,8,12,4,8
6,MER96B,470,450,359,330
7,MLT1E2-int,33,58,52,25
8,UCON29,42,79,33,0
9,Zaphod2,168,116,141,88
10,MER41E,245,113,116,64
11,MER41D,119,242,44,36
12,MER41G,52,96,28,28
13,MLT2B3,1047,1406,907,783
14,LTR82B,293,295,277,64
15,UCON26,170,87,59,60
16,MER41C,244,340,116,132
17,CR1-L3A_Croc,85,130,68,64
18,L1M4a2,554,735,479,415
19,L1M4a1,705,652,728,382
20,UCON19,0,0,0,0
21,MER96,195,250,135,123
22,MER20B,1438,1800,1245,850
23,LTR82A,193,356,274,195
24,MLT1E3,577,624,377,248
25,LTR35A,12,60,44,12
26,LTR35B,12,52,12,28
27,MER95,44,32,56,28
28,MER44A,1582,1697,1498,999
29,MSTB2,442,450,477,215
30,CER,97,119,54,88
31,AluYh7,5,8,5,4
32,Charlie15b,803,985,666,588
33,LTR52-int,36,33,60,80
34,Charlie15a,1083,1141,1127,648
35,LTR85c,164,204,127,160
36,LTR85b,257,291,198,103
37,LTR85a,311,294,167,171
38,MER97b,0,8,0,0
39,Tigger12c,463,456,274,159
40,AluYh9,2,9,5,12
41,LTR66,37,47,87,12
42,LTR103_Mam,50,36,70,59
43,LTR61,87,104,67,36
44,tRNA-Leu-TTA_m_,84,185,159,23
45,FordPrefect_a,16,0,12,27
46,UCON67,40,36,0,12
47,LTR60,32,12,12,12
48,tRNA-Leu-CTY,0,0,3,0
49,LTR60B,8,4,8,11
50,UCON58,0,0,0,0
51,UCON59,0,12,0,0
52,UCON24,0,0,0,0
53,UCON57,0,0,0,0
54,UCON54,36,22,28,0
55,UCON55,159,65,92,76
56,UCON53,0,0,0,0
57,HERVKC4-int,53,8,46,28
58,LSAU,0,8,0,0
59,Chap1_Mam,656,652,503,266
60,LTR3,303,179,309,232
61,X5B_LINE,18,29,15,18
62,AluSg7,1240,1734,1153,889
63,AluYi6_4d,31,32,23,33
64,LTR4,212,204,109,69
65,LTR5,55,87,44,18
66,LTR8,2030,2102,1670,1061
67,LTR9,394,321,258,152
68,UCON66,0,0,0,0
69,ORSL,153,275,169,114
70,X9_LINE,933,765,785,571
71,MER57C2,59,60,56,26
72,HERVH48-int,247,240,155,169
73,MER57C1,60,36,42,8
74,LTR13A,329,302,268,172
75,hAT-16_Crp,0,0,0,0
76,MSTB1-int,44,16,43,24
77,tRNA-Asn-AAT,0,0,0,0
78,L1PB3,3658,4362,2322,1630
79,MER115,1054,1082,585,775
80,Tigger13a,761,958,867,680
81,MER117,1338,1425,868,734
82,MER110,100,118,71,87
83,MER112,1715,1817,1635,1110
84,L1PB1,5127,5207,4895,2803
85,MER74A,1220,853,686,461
86,HERVK11D-int,16,2,18,0
87,LTR13_,28,16,16,8
88,MER119,170,341,300,429
89,MER5C1,204,234,216,137
90,PABL_A,185,301,138,120
91,LTR38,36,28,24,4
92,ALR_Alpha,1545,2700,2392,2528
93,MamGypLTR3,92,13,94,24
94,MER65-int,251,163,193,160
95,MLT1K,5255,5247,3748,2667
96,LTR32,475,422,459,329
97,LTR33,2109,2437,1466,1376
98,L1MA10,913,1147,972,595
99,LTR31,75,48,64,55
100,AluYg6,45,50,112,36
101,LTR34,75,68,60,26
102,LTR35,18,66,32,20
103,MLT2B2,322,401,373,220
104,HERVK13-int,267,448,301,118
105,UCON25,0,0,0,0
106,Tigger17a,1416,1480,1230,1125
107,L1P1,831,881,804,491
108,L1P3,1193,1791,1202,917
109,L1P2,1387,1429,1212,742
110,L1P5,119,30,42,32
111,L1P4,848,894,735,465
112,LTR108b_Mam,8,0,16,0
113,LTR21A,4095,3011,3171,2526
114,tRNA-Arg-AGA,4,0,0,0
115,LTR21C,0,0,0,0
116,LTR21B,8,0,39,28
117,LTR86B1,142,155,104,76
118,LTR86B2,40,12,28,0
119,UCON103,0,0,0,0
120,UCON101,0,0,0,0
121,L1PB,223,359,237,174
122,UCON107,82,32,28,47
123,ERV3-16A3_LTR,248,175,104,161
124,tRNA-Glu-GAA,6,4,65,10
125,LTR18A,38,234,39,48
126,LTR18C,28,0,0,8
127,LTR18B,254,231,99,66
128,ERV24_Prim-int,36,88,100,67
129,MER70C,14,16,59,4
130,LTR3B,2,37,27,13
131,LTR3A,162,142,163,89
132,MSTA,4009,4057,3053,2658
133,MSTB,2579,2657,1726,1080
134,LTR59,0,0,8,0
135,MER11D,34,59,29,14
136,LTR108a_Mam,60,12,12,20
137,GSATII,26,120,66,50
138,ERVL47-int,52,40,24,36
139,MER11C,306,424,292,236
140,MER83B,47,55,37,30
141,LTR24C,94,55,46,0
142,LTR54,286,222,223,103
143,tRNA-Pro-CCY,0,4,4,0
144,MER129,8,35,40,20
145,MER6C,8,6,4,20
146,LTR16B,180,267,170,100
147,MER6A,355,430,381,274
148,MER130,15,20,12,44
149,Tigger15a,2278,2024,1889,1092
150,Tigger2b_Pri,743,750,732,298
151,Kanga11a,118,110,192,141
152,MER131,243,375,358,256
153,THE1D,2149,2523,1702,1061
154,Ricksha_c,243,296,253,199
155,FordPrefect,181,244,183,159
156,Charlie10a,108,152,91,64
157,L1M3c,125,302,252,186
158,Charlie10b,72,60,84,79
159,L1M3f,263,275,295,176
160,L1M3d,183,153,119,82
161,L1M3e,465,408,391,185
162,LTR47B4,19,56,16,72
163,MLT2C2,170,286,192,84
164,MER92C,20,16,0,16
165,MER92B,396,557,320,262
166,CR1-13_AMi,44,16,0,0
167,MER134,0,0,8,0
168,LTR47B2,60,73,38,43
169,LTR47B3,28,23,4,0
170,LTR1A2,430,470,298,249
171,MER51A,502,609,572,312
172,MER51B,300,219,123,55
173,LTR1A1,73,161,92,12
174,MER51D,38,11,72,18
175,MER51E,92,24,56,31
176,Tigger5,350,333,233,106
177,HERV4_I-int,252,267,156,112
178,LTR86C,139,103,52,40
179,MER45C,337,247,241,218
180,MER45B,225,299,274,140
181,L3b,3782,4026,3153,2603
182,LTR108e_Mam,0,0,14,0
183,MER75A,0,28,16,20
184,MER83B-int,136,116,76,59
185,Tigger11a,251,400,444,540
186,Ricksha,9,43,3,1
187,MER57A-int,1225,1136,1441,1398
188,HERVL66-int,89,105,184,59
189,L1MA1,1538,1691,1244,787
190,L1MA2,3092,3109,3211,1634
191,L1MA3,3524,3888,3897,2215
192,L1MA4,3801,4004,3681,2546
193,AluYc,342,687,478,270
194,L1MA6,1540,1666,1459,925
195,L1MA7,1934,2337,2109,1374
196,Charlie29a,540,641,476,250
197,L1MA9,3839,3877,3485,1968
198,MER4D1,466,568,400,253
199,THE1C-int,1153,1217,864,625
200,UCON16,4,0,23,0
201,tRNA-Leu-TTG,0,0,24,0
202,tRNA-Gln-CAA,0,0,0,0
203,ERVL-int,278,358,255,234
204,tRNA-Leu-TTA,0,0,0,0
205,tRNA-Gln-CAG,0,12,0,0
206,_GAATG_n,2,75,1,9
207,MLT1G-int,72,112,127,116
208,MER2B,942,953,891,631
209,UCON12,0,0,0,0
210,MER30,1457,1674,1559,810
211,SSU-rRNA_Hsa,6271,5585,12682,14765
212,Charlie19a,665,770,599,427
213,MLT1-int,11,36,15,15
214,UCON17,0,0,0,12
215,UCON14,32,20,0,0
216,MLT1E2,2036,2695,1466,1033
217,MER21-int,513,510,418,297
218,UCON18,0,0,0,0
219,MIR,56321,57429,45003,32001
220,_CATTC_n,11,8,10,1
221,MLT1E1,175,216,128,107
222,MER92-int,247,168,185,155
223,tRNA-Asn-AAC,0,0,0,0
224,THE1A-int,1828,1645,1379,1240
225,tRNA-Val-GTA,4,0,0,0
226,LTR72B,44,62,36,4
227,Charlie4z,2323,2606,2065,1527
228,Tigger1a_Mars,0,0,0,4
229,MLT1F2,2285,2118,1656,1236
230,Charlie4a,1177,1444,1268,858
231,MLT1F1,1331,1365,988,761
232,tRNA-Cys-TGY,12,0,23,16
233,tRNA-Gln-CAA_,0,0,0,12
234,ERVL-E-int,2790,2256,2344,1708
235,X2_LINE,0,12,0,11
236,X7A_LINE,142,66,191,116
237,UCON8,74,83,60,16
238,MER50-int,251,152,169,62
239,LTR54B,299,381,260,198
240,MamRep488,104,147,62,76
241,MER84-int,47,68,6,7
242,LTR102_Mam,126,73,188,203
243,PABL_B-int,353,496,332,190
244,MER41-int,766,746,626,495
245,Eulor6C,0,0,0,0
246,L1MA4A,3383,3999,3545,2064
247,HERVIP10FH-int,310,350,418,171
248,tRNA-Met_,28,12,28,4
249,MER67D,108,239,128,101
250,MLT1H1,754,650,722,659
251,AluYh3,458,223,331,272
252,AluYk4,156,195,151,247
253,AluYk2,106,146,126,124
254,AluYk3,210,205,130,120
255,LTR27B,108,181,87,44
256,MER8,940,1223,720,665
257,tRNA-Leu-CTA,0,0,0,0
258,MSTC,1129,1341,1204,638
259,LTR2752,230,201,103,80
260,UCON39,277,160,106,94
261,LTR39-int,16,0,36,12
262,HSAT5,91,76,16,19
263,HSAT4,178,291,283,122
264,LTR22B1,172,239,129,131
265,L1ME3E,1513,1819,1798,974
266,UCON89,11,8,12,4
267,LTR46-int,497,791,392,469
268,tRNA-Thr-ACG,0,0,0,0
269,L1P4b,8,46,1,7
270,Zaphod3,298,246,218,88
271,L1PBa,1128,969,621,341
272,MamRTE1,9597,10651,5253,4438
273,UCON80,56,18,16,0
274,UCON83,0,0,0,0
275,LTR16D,186,167,248,91
276,LTR16C,1278,1730,1358,1012
277,L1PBb,205,229,110,131
278,LTR16A,1023,1054,604,453
279,UCON86,24,4,20,0
280,LTR16B2,352,155,156,208
281,SAR,8,25,0,0
282,MARNA,2625,2340,1885,1406
283,LTR16B1,248,217,229,175
284,LTR9A1,195,274,183,115
285,MER58D,887,893,503,509
286,MER58C,1216,1186,860,745
287,MER58B,3125,3298,2691,1785
288,MER58A,4742,5266,4286,3145
289,MamGypLTR2c,103,63,52,4
290,HSATI,0,0,0,24
291,Charlie3,285,141,309,129
292,Charlie1,1649,1895,996,811
293,Charlie6,198,150,97,72
294,Charlie7,1362,1296,1019,678
295,Charlie4,60,29,40,136
296,Charlie5,572,735,643,437
297,MER39B,738,745,449,306
298,Charlie8,1606,1372,1198,900
299,L1MC5,7835,8907,7160,4787
300,MER101-int,456,590,561,312
301,HSMAR1,1479,1173,1086,947
302,LTR42,196,268,220,187
303,LTR41,985,954,633,657
304,HSMAR2,919,1148,786,365
305,LTR46,269,359,245,93
306,LTR45,113,103,39,36
307,LTR44,68,40,99,23
308,Tigger19a,1694,2406,1589,1069
309,LTR49,320,348,226,205
310,LTR48,312,259,300,186
311,AluYb9,55,37,38,41
312,AluYb8,241,245,202,189
313,LTR38C,44,20,20,52
314,LTR38B,47,8,80,16
315,tRNA-Leu-CTG,16,0,0,1
316,Tigger4a,1225,1568,1200,892
317,LTR26B,24,152,16,32
318,Alu,477,432,417,204
319,LTR26D,59,8,20,8
320,LTR26E,117,108,86,87
321,MER9a2,121,89,127,18
322,HERV15-int,20,41,12,28
323,L1MB8,10006,10727,9348,5289
324,UCON69,0,0,0,0
325,Charlie14a,479,606,520,410
326,HERV-Fc2-int,0,0,0,0
327,L1MB1,1665,1571,1380,1021
328,L1MB3,9018,9992,8109,5244
329,L1MB2,5687,5583,5500,3351
330,L1MB5,4853,5555,4853,2589
331,L1MB4,5357,5047,4509,2663
332,AluJr4,4343,4559,3531,2332
333,L1P4a,111,155,192,40
334,UCON4,82,91,44,51
335,UCON71_Crp,170,44,91,39
336,MamRep4096,291,282,243,153
337,MER135,187,326,138,136
338,THE1-int,165,211,36,128
339,HERVS71-int,322,326,179,211
340,HSAT6,0,0,0,0
341,HERVK11-int,468,447,301,186
342,ACRO1,0,5,2,8
343,LTR90A,143,223,112,44
344,UCON35,4,16,0,40
345,LTR90B,32,153,44,36
346,LTR27E,124,137,84,68
347,MER65B,16,24,9,40
348,MER65A,246,412,154,56
349,UCON88,0,0,12,0
350,HERVK3-int,1157,1176,744,699
351,L1ME2z,2584,3101,3345,1971
352,L1PA11,1828,2182,1962,1053
353,OldhAT1,3981,4158,2370,2636
354,LTR91,24,0,60,0
355,Charlie1a,3081,2752,2946,1671
356,Charlie1b,1280,1464,1059,693
357,PRIMA41-int,194,136,150,59
358,LTR26C,165,39,57,39
359,LTR27D,72,49,16,48
360,SST1,114,145,74,62
361,MER54A,369,357,145,170
362,MER103C,3768,3910,2871,2065
363,MER51-int,301,240,164,108
364,MER67C,468,275,292,203
365,L1PA15,3102,3137,2834,2172
366,SVA_C,235,259,161,146
367,AluYm1,703,970,616,681
368,UCON81,19,0,0,0
369,LTR1D1,228,84,44,99
370,L1PA17,2119,2016,1647,1220
371,ERV3-16A3_I-int,2283,2363,1668,1303
372,MER34A1,188,234,132,110
373,Tigger16a,490,377,500,287
374,THE1B-int,2769,3631,2099,1512
375,Tigger9a,228,357,223,168
376,Tigger9b,343,327,217,196
377,LTR27C,179,188,106,79
378,Charlie18a,851,740,612,343
379,MLT2F,707,566,445,494
380,AluSq10,432,353,310,232
381,AluJr,19962,21663,15432,11470
382,Charlie10,341,535,387,211
383,Charlie11,104,35,68,28
384,Charlie12,72,28,8,8
385,UCON21,0,0,0,0
386,L1MEg1,360,146,435,248
387,L1MEg2,230,144,149,84
388,Charlie17,549,331,354,214
389,MER110A,198,143,135,80
390,UCON56,0,0,0,0
391,UCON82,0,0,0,0
392,HERVE-int,400,357,195,154
393,MLT1L,3217,3025,2966,1888
394,UCON87,0,0,0,0
395,MLT1H1-int,95,39,8,29
396,tRNA-Ala-GCA,4,0,20,0
397,HUERS-P2-int,68,76,55,88
398,UCON62,0,0,0,0
399,MLT1E3-int,56,46,5,9
400,L2a,96119,96150,75565,53507
401,Kanga1,131,94,123,96
402,MamGyp-int,676,623,437,379
403,CR1-3_Croc,791,670,325,342
404,LTR22E,53,48,140,56
405,MER76-int,64,75,12,36
406,UCON60,0,0,4,0
407,ERVL-B4-int,1925,1976,1454,1113
408,LTR22B,27,97,52,0
409,LTR22C,15,12,11,0
410,MER81,489,402,190,281
411,MLT1H2,2502,2258,1559,1583
412,UCON23,15,27,4,0
413,MST-int,1243,881,592,630
414,UCON12A,0,0,0,0
415,UCON31,0,0,0,16
416,UCON51,0,0,4,0
417,CR1-16_AMi,48,28,52,56
418,L4_A_Mam,1600,1751,1728,1092
419,HERVH-int,6782,7969,5795,4352
420,AluSg4,1168,1570,1113,839
421,LTR23-int,28,34,12,4
422,LTR88c,59,90,84,24
423,MamTip1,197,172,258,205
424,UCON48,0,12,0,20
425,MamTip3,139,170,183,84
426,MamTip2,1799,1724,1670,1157
427,THE1C,1889,1685,1352,1287
428,THE1B,4571,4714,3623,2779
429,THE1A,1733,1757,1223,973
430,UCON46,16,0,12,4
431,UCON41,0,0,0,0
432,UCON40,88,116,184,83
433,UCON43,4,0,0,0
434,MER84,205,143,292,314
435,MER4CL34,104,96,175,15
436,LTR1,51,32,31,16
437,MamRep1161,0,0,0,0
438,HERV1_I-int,108,120,64,88
439,LTR53B,28,24,45,0
440,UCON68,0,0,0,0
441,Eulor2A,4,0,0,0
442,Eulor2B,40,24,32,76
443,Eulor2C,0,0,0,8
444,L1M4c,1300,3165,2700,1466
445,L1M4b,1601,1652,1549,954
446,LTR109A2,0,0,0,0
447,Plat_L3,1095,1097,1092,665
448,tRNA-Pro-CCA,0,0,0,0
449,tRNA-Pro-CCG,0,0,0,0
450,X6A_LINE,494,667,273,316
451,LTR06,0,4,4,0
452,MER101,174,48,89,103
453,HERVL32-int,1,31,13,0
454,L1PREC2,3628,4400,3429,2225
455,MamGypLTR2b,108,75,40,48
456,MER105,287,280,183,183
457,MER104,840,653,704,439
458,MamGypLTR3a,160,266,193,81
459,MER67B,192,293,180,131
460,U13_,138,201,132,44
461,tRNA-His-CAY_,7,17,6,2
462,HERVK-int,243,406,299,142
463,AluYf1,317,261,200,273
464,AluSx4,2244,2595,1770,1268
465,LTR38A1,16,4,8,0
466,AluSx1,18695,21629,16114,11896
467,AluSx3,6673,6423,5025,3900
468,L1HS,659,631,587,376
469,L5,196,220,262,132
470,MER21C,4016,3294,3042,2136
471,MER21B,2413,2982,1949,1483
472,MER21A,1298,1286,1132,792
473,tRNA-Ser-TCG,0,0,0,0
474,L2,35578,35761,27862,18421
475,MIR3,33072,35758,24770,19169
476,L3,21885,23191,17183,11915
477,Charlie21a,794,867,552,447
478,ERV24B_Prim-int,92,111,148,44
479,Chompy-6_Croc,0,0,0,0
480,MER68-int,234,75,245,142
481,L1M2a1,71,52,63,52
482,MER88,51,12,72,16
483,LTR75_1,39,81,12,12
484,MER57E1,78,124,105,98
485,MER4A1_,246,303,279,204
486,MER57E3,250,203,326,209
487,HERVK14-int,208,399,131,150
488,GSATX,0,28,0,0
489,tRNA-Ser-TCA,0,0,0,0
490,MER85,239,263,334,200
491,LTR16A2,232,296,183,228
492,LTR16A1,555,500,478,314
493,LTR19-int,274,249,173,120
494,LTR71A,68,84,60,84
495,LTR71B,98,99,54,85
496,Charlie9,836,739,842,480
497,MLT1J-int,209,342,344,162
498,MER61C,80,72,75,77
499,MER61B,111,60,170,47
500,MER61A,140,87,79,110
501,Tigger5b,1018,666,918,629
502,MER61F,35,60,36,28
503,MER61E,127,129,6,40
504,MER61D,61,32,44,40
505,MER136,4,0,0,0
506,MER75,27,63,109,119
507,MER76,221,127,130,120
508,MER77,920,930,929,583
509,MER72,410,352,254,140
510,MER73,85,92,32,23
511,L1MC5a,9244,10224,8941,5256
512,UCON33,12,23,67,4
513,Helitron1Na_Mam,47,28,66,0
514,LTR12C,1737,1177,764,664
515,LTR12B,15,29,52,72
516,MER61-int,374,428,498,203
517,tRNA-Ile-ATA,40,43,32,36
518,LTR12F,98,98,168,82
519,LTR12E,177,158,105,70
520,LTR12D,220,120,190,106
521,tRNA-Met,20,24,7,4
522,HERV30-int,44,52,17,0
523,tRNA-Ser-TCY,8,11,0,0
524,U13,67,87,132,59
525,LTR47A2,302,243,202,100
526,LTR40a,607,426,337,204
527,LTR40b,432,606,198,253
528,LTR33A_,425,348,323,195
529,LTR12_,156,282,136,176
530,UCON96,0,0,0,0
531,MLT1M-int,0,0,0,0
532,Eulor9A,44,28,36,16
533,MamGypsy2-LTR,113,98,76,55
534,Eulor9C,0,0,4,0
535,Eulor9B,4,0,20,0
536,tRNA-Met-i,0,0,0,0
537,MER123,8,4,0,0
538,BSR_Beta,402,347,239,204
539,LTR2,656,453,563,287
540,MER2,3925,4422,3681,2524
541,MER3,3133,3200,3054,2288
542,Arthur1C,208,178,65,96
543,HERVL74-int,200,272,305,255
544,Arthur1A,351,379,217,200
545,HERV1_LTRa,40,67,28,25
546,HERV1_LTRc,19,0,0,0
547,HERV1_LTRb,36,0,28,31
548,HERV1_LTRe,0,0,4,1
549,HERV1_LTRd,0,24,60,36
550,MER4-int,1402,1803,1219,782
551,Tigger4b,1297,1745,1546,814
552,MER106B,178,416,214,143
553,MER106A,294,237,284,114
554,MamGypLTR1a,73,106,122,116
555,L1M3de,98,134,71,91
556,MamGypLTR1b,368,564,218,196
557,MamGypLTR1d,99,72,59,57
558,L1PA15-16,571,509,295,195
559,MER44D,238,294,279,175
560,MER113,1177,958,971,756
561,tRNA-Val-GTY,0,0,0,0
562,LTR3B_,265,211,180,228
563,MER65C,1174,1583,975,683
564,HERV-Fc2_LTR,0,0,0,0
565,MER41A,489,734,549,289
566,MER66-int,359,397,111,180
567,TAR1,4,33,13,24
568,Tigger16b,800,855,859,529
569,MER74C,0,24,28,56
570,UCON84,0,0,4,0
571,MLT2A1,691,448,419,302
572,U4,216,82,137,54
573,MLT1E-int,0,0,0,0
574,MER74B,310,274,168,203
575,L2-1_Crp,108,12,0,12
576,MLT2A2,954,767,708,416
577,Arthur1B,368,284,363,158
578,PRIMA4-int,824,600,339,307
579,THE1D-int,1249,1373,884,614
580,Mam_R4,100,174,147,36
581,MLT1G1,1168,1060,1108,826
582,MLT1G3,896,997,634,397
583,Charlie25,269,109,139,141
584,Charlie24,520,575,441,331
585,LTR6B,192,146,171,158
586,UCON72,0,0,0,0
587,tRNA-SeC_e_-TGA,0,0,0,0
588,MLT1H-int,310,277,327,188
589,LOR1a,459,613,352,220
590,Arthur1,464,375,194,204
591,MLT1J1-int,125,161,75,12
592,LOR1b,355,262,314,243
593,LTR10B1,120,162,98,72
594,LTR10B2,44,119,14,28
595,LTR108c_Mam,0,0,0,0
596,MLT1K-int,4,0,0,32
597,MIRb,73591,75432,55360,42251
598,Charlie13a,354,250,244,166
599,Charlie13b,228,273,104,91
600,UCON132b,103,146,120,99
601,MER63B,658,701,493,307
602,LTR39,3800,3988,3164,3042
603,UCON78,192,134,88,40
604,AluYj4,362,393,243,252
605,MER66D,95,16,40,8
606,LTR107_Mam,35,43,40,60
607,MER66C,105,124,107,109
608,MER91B,397,366,335,214
609,MER66A,55,292,76,87
610,Charlie2a,1071,966,913,737
611,Charlie2b,1318,1256,1051,676
612,L1MA8,2999,3437,2741,1582
613,MER50B,84,95,166,146
614,MIRc,33224,33999,26071,19147
615,tRNA-Lys-AAA,44,16,12,0
616,LTR22C0,128,30,48,12
617,X1_LINE,20,52,26,0
618,LTR22C2,19,15,9,0
619,MER46C,1913,2212,1478,1271
620,MER31B,641,520,402,276
621,MamRep38,648,703,579,372
622,MER31A,438,334,396,292
623,MER107,109,64,87,63
624,L4_B_Mam,987,951,844,498
625,MER34D,76,104,31,12
626,LTR88b,185,280,103,95
627,MamRep1151,972,1675,592,518
628,MER20,7212,6859,5013,3851
629,LTR30,133,140,65,89
630,LTR7,680,917,570,498
631,LTR16E2,654,605,452,346
632,LTR16E1,443,618,465,203
633,LTR43B,23,76,8,1
634,MER49,1434,1219,683,740
635,MER48,51,24,64,17
636,PRIMAX-int,0,12,20,0
637,LTR36,232,439,300,218
638,LTR40c,179,135,328,138
639,UCON49,50,44,27,44
640,UCON105,115,100,177,55
641,PRIMA4_LTR,174,121,102,151
642,HERVK22-int,1362,1275,946,498
643,tRNA-Arg-CGG,0,0,0,0
644,Tigger6a,787,768,501,336
645,Tigger6b,23,51,28,24
646,SVA_F,468,392,157,160
647,tRNA-Arg-CGA,0,0,0,0
648,MER52D,134,264,138,164
649,L1MCb,367,320,321,213
650,L1MCc,765,966,635,390
651,L1PB2,924,838,609,403
652,L1MCa,1522,1791,1988,910
653,L1PB4,1891,2222,2052,1169
654,MER72B,39,75,15,40
655,MER102b,2215,2425,1532,1395
656,MER102c,1439,1284,927,556
657,MER102a,1534,1415,1404,891
658,LTR58,16,35,47,44
659,AluYa5,218,264,92,153
660,tRNA-Arg-AGG,0,0,43,19
661,LTR53-int,435,475,255,132
662,AluYa8,16,39,10,33
663,LTR55,95,48,104,12
664,LTR56,393,247,262,140
665,LTR57,138,100,81,32
666,LTR45C,101,154,161,74
667,LTR45B,135,163,71,41
668,LTR52,282,278,151,95
669,LTR53,240,402,131,69
670,MER39,534,984,665,496
671,MER34B-int,155,116,126,84
672,LTR75B,60,10,72,13
673,CR1-12_AMi,59,24,12,20
674,CR1_Mam,635,585,790,411
675,MER33,3630,3786,3384,1750
676,MER34,393,241,314,147
677,L1P4d,15,0,48,1
678,MLT1G3-int,72,24,53,36
679,HERVI-int,107,166,124,107
680,Eulor6A,0,0,0,0
681,Eulor6B,0,0,0,0
682,L1P4e,44,33,16,9
683,Eulor6D,39,16,40,16
684,Eulor6E,4,52,24,0
685,MER83A-int,96,24,12,0
686,MER44C,1066,950,921,504
687,L1MC2,2955,3584,2775,1768
688,L1MC3,4307,5167,4669,2760
689,FRAM,1092,1256,1148,907
690,L1MC1,9027,10128,8433,5138
691,MLT1M,395,706,426,246
692,L1MC4,14949,15342,13535,8697
693,HERV9-int,366,503,369,256
694,X8_LINE,74,72,118,46
695,L2b,54121,53425,40679,36238
696,L1MB7,16148,17891,14804,9001
697,LTR81C,24,76,72,56
698,LTR38-int,64,20,7,23
699,Helitron1Nb_Mam,48,55,12,32
700,LTR5A,259,335,186,173
701,LTR5B,436,516,351,275
702,LTR81B,132,253,66,30
703,BC200,7,105,10,20
704,L4_C_Mam,1385,1579,1268,792
705,LTR81A,92,62,148,56
706,LTR28B,254,93,52,136
707,LTR28C,150,360,192,48
708,LTR104_Mam,674,1295,511,514
709,Tigger17,44,0,79,32
710,Tigger10,822,1274,801,472
711,MLT1F2-int,14,67,36,51
712,Tigger12,445,412,359,213
713,MER4E,424,245,180,184
714,MER4D,632,531,438,322
715,tRNA-Ser-TCA_,0,0,0,0
716,MER4A,555,532,561,280
717,MLT1E,62,268,178,47
718,MER4C,159,150,176,120
719,MER4B,6152,4263,3422,2600
720,MSTA-int,1980,2417,1660,1328
721,MLT1J2-int,121,99,99,68
722,MLT1D-int,2038,2055,1396,765
723,HERV-Fc1_LTR1,0,9,2,0
724,HERV-Fc1_LTR2,0,0,0,0
725,HERV-Fc1_LTR3,0,0,0,0
726,LTR50,1173,1299,799,531
727,MER6,312,353,297,237
728,LTR80A,49,38,84,57
729,LTR80B,76,105,55,46
730,HAL1,9923,11039,9110,5676
731,Chompy-7_Croc,4,0,0,0
732,HERV9NC-int,255,200,223,93
733,MLT2D,1853,1715,994,1041
734,MLT2E,10,107,28,16
735,GSAT,20,0,0,12
736,MER34A,354,180,162,162
737,HUERS-P1-int,192,93,59,28
738,MER34C,31,54,52,44
739,MER34B,730,584,525,256
740,Ricksha_0,160,133,195,98
741,ORSL-2b,120,209,280,149
742,DNA1_Mam,51,130,27,8
743,PrimLTR79,56,108,127,63
744,LTR57-int,87,143,27,40
745,LTR8B,712,776,459,502
746,LTR8A,1184,1433,892,612
747,Tigger12A,304,217,269,126
748,L1ME4a,9293,10968,9717,6340
749,UCON9,0,0,0,0
750,L1ME4c,3373,4196,3233,2265
751,L1ME4b,10189,12398,10091,6355
752,LTR89,324,363,308,279
753,LTR14A,24,31,16,4
754,LTR87,420,344,365,297
755,UCON1,0,0,12,0
756,UCON2,35,32,64,96
757,ORSL-2a,84,114,124,111
758,LTR83,128,136,108,52
759,UCON5,20,32,31,12
760,LTR81,32,28,44,51
761,UCON7,0,0,0,0
762,MER121B,0,0,0,0
763,MER65D,105,113,78,126
764,MER124,301,349,254,226
765,MER57-int,370,528,364,281
766,UCON93,0,0,0,0
767,Charlie17a,324,284,358,124
768,Charlie17b,122,95,39,8
769,HUERS-P3-int,628,554,370,197
770,MER34-int,999,817,577,455
771,UCON79,16,0,0,0
772,UCON61,0,0,0,0
773,Eulor8,32,12,0,4
774,UCON70,141,88,19,87
775,Eulor4,0,0,0,0
776,7SK,169711,86504,131526,100012
777,UCON73,12,40,12,8
778,L1P,3,14,12,3
779,UCON75,0,0,0,0
780,Eulor3,0,0,0,0
781,UCON77,0,0,0,0
782,LTR25-int,784,820,576,607
783,L1M,111,167,123,95
784,Zaphod,300,340,391,139
785,Tigger18a,527,406,400,342
786,tRNA-Arg-CGY_,0,0,0,0
787,Tigger3,531,381,504,175
788,MLT1I-int,137,176,130,15
789,MER4B-int,370,313,227,175
790,LTR106_Mam,41,110,83,28
791,X6B_LINE,451,334,216,256
792,MLT1A-int,384,557,355,127
793,tRNA-Ile-ATC,0,0,0,0
794,Eulor11,32,56,12,0
795,Eulor10,0,0,0,0
796,Eulor12,0,0,4,0
797,MamGypLTR1c,172,143,118,175
798,LTR48B,1544,1519,1309,884
799,Tigger4,839,951,875,478
800,tRNA-Ile-ATT,28,4,47,0
801,AluYe5,174,193,107,91
802,AluYe6,35,65,33,21
803,LTR13,1134,1473,798,597
804,LTR14,156,52,50,32
805,LTR15,211,257,112,129
806,LTR16,431,754,346,270
807,LTR17,574,392,289,337
808,tRNA-Leu-CTA_,0,0,0,0
809,MER5A1,4217,3668,3258,2269
810,LTR78B,439,476,401,265
811,MER97d,24,43,0,4
812,MLT1I,1935,2085,1798,1343
813,MER9B,4,46,8,36
814,LTR51,134,48,72,41
815,X7C_LINE,216,259,144,96
816,Merlin1_HS,39,45,24,20
817,LTR40A1,271,151,143,235
818,LTR41C,333,150,222,119
819,LTR41B,516,412,387,169
820,Kanga2_a,782,945,681,468
821,LTR29,69,336,222,123
822,LTR14C,13,40,0,0
823,LTR14B,242,182,67,76
824,LTR22B2,0,0,20,24
825,MER101B,12,0,48,16
826,MSTB1,1357,1342,1025,865
827,LTR103b_Mam,75,24,55,47
828,AluYk11,148,142,184,129
829,AluYk12,35,31,43,21
830,LTR33B,314,313,260,104
831,HERVE_a-int,125,104,115,59
832,LTR33A,452,372,353,185
833,U14,15,24,20,16
834,LTR105_Mam,88,119,24,69
835,Tigger19b,1618,1637,1286,1030
836,Helitron3Na_Mam,272,160,304,299
837,L1PA2,934,1014,784,464
838,L1PA5,3212,3275,3279,1976
839,L1PA4,2158,2845,2154,1169
840,L1PA7,6790,6661,5585,3682
841,L1PA6,11813,16509,10864,11283
842,L1PA8,3186,2745,2516,1888
843,MER90,151,301,316,171
844,L1P4c,0,0,0,4
845,MER94,1490,969,802,820
846,MER11A,485,516,449,253
847,LTR65,183,313,196,168
848,LTR64,112,127,124,107
849,LTR1B,431,437,152,208
850,LTR1C,12,4,0,0
851,LTR1D,249,139,80,134
852,LTR1E,29,98,48,79
853,LTR1F,44,20,44,20
854,LTR62,64,88,83,44
855,MER41B,871,806,566,374
856,MER5B,6707,6911,5789,3851
857,MER67A,526,414,253,176
858,hAT-N1_Mam,186,161,231,76
859,LTR69,74,32,8,55
860,LTR68,33,81,71,18
861,MER5C,377,332,359,375
862,tRNA-His-CAY,0,0,0,0
863,AluSg,6605,6746,5100,3586
864,MER54B,98,119,72,0
865,MER70A,267,216,99,104
866,Tigger17c,473,671,424,345
867,LTR10F,176,119,137,19
868,LTR24B,424,498,214,240
869,Eulor7,0,0,0,0
870,MER97c,12,36,78,4
871,L1MD3,1697,1734,1990,1239
872,L1MD2,4749,5702,4103,3169
873,L1MD1,2900,3130,2237,1552
874,HERV17-int,714,575,489,346
875,LTR1C1,8,18,37,8
876,LTR1C3,27,0,4,8
877,Eulor1,0,0,0,0
878,MER70B,28,56,42,36
879,tRNA-Gly-GGY,0,0,0,0
880,LTR84a,209,156,124,110
881,LTR84b,364,551,185,131
882,UCON6,127,205,155,40
883,tRNA-Gly-GGG,0,0,7,0
884,MLT1G1-int,71,89,76,48
885,MER77B,824,776,369,391
886,MER132,0,0,0,0
887,Tigger17b,84,0,7,43
888,L1ME3A,6592,6432,6108,3524
889,L1ME3B,3728,4332,4016,2629
890,L1ME3C,917,1125,890,622
891,L1ME3D,1604,1921,1596,1140
892,L1MEf,3790,4007,3661,2216
893,L1ME3F,2408,3295,2781,1605
894,L1ME3G,6698,7229,5278,4088
895,Tigger1a_Art,69,143,88,8
896,MER57F,84,56,44,20
897,MER57D,227,98,168,43
898,MER47C,357,320,142,125
899,MER47B,183,267,176,103
900,MER47A,1479,1661,1273,869
901,SVA_D,402,588,288,262
902,SVA_E,184,179,154,101
903,D20S16,36,48,10,4
904,MER30B,39,116,21,22
905,SVA_A,621,618,422,438
906,SVA_B,317,267,112,149
907,FAM,944,1355,878,623
908,MER89-int,138,150,85,22
909,MER90a,763,544,543,368
910,MER97a,16,40,12,20
911,tRNA-Thr-ACY_,0,0,0,0
912,MLT1F-int,215,422,176,296
913,MER34C_,89,103,115,60
914,Tigger14a,374,515,565,235
915,MSTD-int,281,461,398,218
916,Charlie22a,246,392,409,175
917,L1MC4a,6278,6881,6069,4068
918,Helitron2Na_Mam,122,82,93,129
919,Ricksha_a,0,0,40,36
920,LFSINE_Vert,1242,860,990,834
921,L1MDb,403,224,333,235
922,L1MDa,2444,3128,2348,1480
923,UCON38,0,24,12,0
924,7SLRNA,133128,63714,76897,75863
925,MER6B,203,224,160,94
926,LOR1-int,769,758,704,494
927,LTR72,92,51,88,27
928,UCON37,0,12,0,4
929,HERVP71A-int,374,301,159,208
930,L1P3b,2,7,29,1
931,LTR73,63,87,50,40
932,HERV35I-int,171,257,163,156
933,MER68,1337,1537,932,629
934,LTR108d_Mam,0,0,0,0
935,MamGypsy2-I,534,308,501,287
936,tRNA-Tyr-TAT,0,0,0,0
937,MER110-int,64,96,119,17
938,Tigger2a,1062,1277,1145,891
939,MLT1C-int,525,539,291,180
940,HY1,151,196,141,81
941,HY3,158,217,169,150
942,HY4,251,112,204,144
943,HY5,31,0,52,54
944,MamRep605,1427,1674,919,920
945,tRNA-Thr-ACY,0,0,0,16
946,MER87,79,133,28,40
947,MER89,375,296,287,81
948,HUERS-P3b-int,626,617,550,244
949,MER133B,0,0,8,0
950,HERV9N-int,76,195,106,59
951,MER133A,0,0,0,0
952,Eulor5A,0,16,8,0
953,5S,1128,757,683,959
954,Eulor5B,0,4,0,0
955,LTR19B,101,152,80,52
956,LTR19C,189,188,87,66
957,LTR19A,641,319,304,163
958,MLT1J2,1396,1634,1243,869
959,MamRep564,274,439,256,246
960,UCON28c,0,4,3,0
961,MLT1J1,766,818,644,471
962,UCON34,591,153,244,151
963,LTR2C,128,279,92,65
964,LTR2B,216,105,110,129
965,HAL1M8,887,1234,796,429
966,AluYi6,40,62,66,42
967,MSR1,285,313,133,218
968,Tigger8,367,470,362,187
969,LTR49-int,634,678,464,390
970,MER31-int,261,436,263,183
971,Tigger1,10611,10859,10126,6536
972,tRNA-Ala-GCY_,0,0,0,0
973,Kanga1d,85,80,152,100
974,Tigger2,2071,1984,1763,1079
975,Kanga1b,35,138,56,64
976,Kanga1c,139,239,112,93
977,Tigger7,2277,2001,1631,1286
978,Kanga1a,199,210,263,132
979,L1M3b,84,88,35,32
980,UCON71,0,0,0,0
981,LTR10A,184,172,153,106
982,tRNA-Asp-GAY,12,28,12,0
983,LTR10C,264,283,216,128
984,LTR10B,31,54,48,32
985,LTR10E,123,98,188,18
986,LTR10D,80,146,112,72
987,LTR10G,36,89,39,25
988,AluY,11445,12912,10064,7120
989,SATR2,193,281,144,89
990,LTR16D1,159,167,158,48
991,LTR16D2,81,0,41,43
992,L1M3a,279,238,176,140
993,MER57B1,163,167,107,110
994,UCON85,0,0,0,4
995,L2-1_AMi,547,608,447,470
996,MER57B2,198,238,260,76
997,MamSINE1,3754,4412,3380,2543
998,UCON11,0,0,4,16
999,Tigger3a,2914,2355,2032,1834
1000,HERVL40-int,540,614,613,344
1001,MER53,808,656,480,403
1002,MER50,594,497,375,300
1003,MER52-int,98,25,22,12
1004,UCON76,0,0,0,12
1005,Penelope1_Vert,675,502,240,355
1006,MER87B,98,228,59,32
1007,MamRep434,1051,800,614,661
1008,HERVFH19-int,152,95,92,70
1009,L2-3_Crp,836,1110,812,565
1010,HERVK14C-int,33,65,94,28
1011,HAL1ME,2075,2590,1860,1083
1012,LTR28,20,15,52,48
1013,MLT1A1-int,256,310,248,179
1014,FLAM_C,4224,4810,3346,2557
1015,LTR81AB,8,8,24,8
1016,FLAM_A,3044,3019,2285,1936
1017,L1M6B,291,372,373,308
1018,MER121,119,95,60,44
1019,LTR37B,394,271,425,254
1020,LTR23,159,95,175,67
1021,LTR22,20,32,34,19
1022,LTR25,52,102,39,27
1023,LTR12,258,314,192,189
1024,LTR27,4,32,79,44
1025,LTR26,207,206,130,52
1026,LTR7A,19,43,13,24
1027,tRNA-Thr-ACG_,20,0,0,0
1028,LTR6A,454,344,160,198
1029,LTR37A,143,160,146,104
1030,L1ME3Cz,3595,3952,3361,1937
1031,MER92D,64,0,87,56
1032,MER4E1,207,405,278,224
1033,MLT1O,986,1142,972,521
1034,U8,0,0,0,12
1035,U5,12,0,94,0
1036,MER125,0,4,4,0
1037,U7,18,87,40,28
1038,HAL1b,1087,1417,1154,834
1039,U1,255,160,199,75
1040,U3,5839,4459,6603,5002
1041,LTR24,230,185,146,184
1042,MLT2B1,608,457,560,426
1043,MER1A,1720,1690,1365,740
1044,MER57A1,221,329,163,136
1045,MER127,8,79,31,20
1046,MLT1A0-int,509,362,156,182
1047,LTR86A1,316,274,257,88
1048,LTR86A2,20,69,81,64
1049,MER126,68,80,57,103
1050,tRNA-Arg-CGA_,0,0,0,0
1051,MER9a1,62,154,68,50
1052,Charlie16a,759,782,841,459
1053,MER9a3,387,361,187,225
1054,MER63A,749,560,545,417
1055,MER63C,113,161,158,106
1056,MER51C,48,80,89,15
1057,MER63D,332,514,341,258
1058,MLT2C1,441,582,341,318
1059,UCON97,0,0,8,16
1060,MLT2B5,15,59,19,16
1061,MLT-int,256,178,167,76
1062,MLT2B4,680,738,601,379
1063,AluSq4,333,342,379,263
1064,AluSq2,9985,11728,7932,6115
1065,MLT1F1-int,72,121,84,76
1066,MER94B,168,39,83,12
1067,Tigger20a,365,617,494,278
1068,U2,622,271,526,306
1069,Charlie7a,333,467,445,304
1070,MER45A,778,870,760,550
1071,UCON15,0,4,0,0
1072,MLT1E1A-int,71,64,32,16
1073,MERX,52,146,91,48
1074,HERVIP10B3-int,643,872,781,659
1075,MER34C2,315,285,270,196
1076,Charlie26a,187,303,184,151
1077,Cheshire,557,827,619,493
1078,L1ME2,5532,6603,5040,2814
1079,MER75B,4,15,40,4
1080,Charlie30a,239,475,287,220
1081,LTR7Y,303,388,360,253
1082,MSTD,2118,2102,1703,1270
1083,LTR1F2,92,176,71,91
1084,LTR1F1,115,148,52,32
1085,tRNA-Val-GTG,0,0,4,0
1086,HERVK9-int,770,605,494,256
1087,tRNA-Ser-AGY,0,0,0,0
1088,HERVIP10F-int,276,251,226,161
1089,HERV3-int,764,1053,402,766
1090,U17,5031,2136,2870,2407
1091,MER92A,20,0,0,0
1092,UCON100,0,0,12,0
1093,MER70-int,136,73,60,67
1094,CR1-11_Crp,0,0,0,0
1095,UCON74,32,104,48,20
1096,AluJb,28652,31372,24179,18805
1097,AluSc5,1165,1041,929,431
1098,SATR1,94,66,30,21
1099,AluSc8,3767,4041,2854,2278
1100,L1PA10,3084,3884,2619,1818
1101,L1PA13,3340,3901,3182,1823
1102,L1PA12,1328,1774,1236,952
1103,AluJo,18797,18445,13987,11844
1104,L1PA14,1268,1168,981,640
1105,AluYh3a3,137,76,89,47
1106,L1PA16,4502,4670,3568,2553
1107,HERVFH21-int,68,76,45,112
1108,L1MC,1997,1961,1723,1141
1109,UCON65,0,0,0,0
1110,UCON64,0,0,0,0
1111,UCON63,32,0,4,0
1112,LTR43,68,59,90,61
1113,L1MD,2603,2797,2440,1866
1114,MLT1J,5405,4317,4303,3121
1115,MLT1N2,869,898,717,709
1116,UCON28a,0,0,20,32
1117,UCON28b,8,12,8,4
1118,LSU-rRNA_Hsa,7754,6735,13382,17066
1119,MLT1H2-int,93,118,86,84
1120,HERVL18-int,746,663,337,546
1121,tRNA-Phe-TTY,4,0,4,0
1122,tRNA-Thr-ACA,0,0,0,0
1123,MSTB2-int,116,24,6,36
1124,MamRep137,1080,1020,875,611
1125,MER66B,522,600,342,369
1126,MER83,409,193,190,98
1127,MER91A,921,1094,573,658
1128,MIR1_Amn,4042,3795,3207,2505
1129,MER45R,108,75,79,25
1130,MER4D0,236,273,158,108
1131,BLACKJACK,405,559,419,203
1132,MLT1A1,1685,2178,1616,786
1133,MLT1A0,5448,6126,4732,3458
1134,L2-3_AMi,0,0,0,0
1135,HERVL-int,1854,2073,1807,1411
1136,MER91C,297,346,175,239
1137,L1MA5,2001,2143,1944,1115
1138,MLT1N2-int,20,43,0,8
1139,U6,345,383,310,201
1140,X7B_LINE,218,140,177,133
1141,L1M2a,495,682,513,469
1142,MamRep1879,192,370,260,218
1143,L1M2c,467,405,319,380
1144,L1M2b,155,104,67,133
1145,CR1-8_Crp,0,0,0,0
1146,LTR22A,72,79,72,60
1147,HERV-Fc1-int,0,12,33,10
1148,AluSz6,8976,9862,7895,5712
1149,L1PA8A,1381,1346,1108,740
1150,MER68B,197,229,261,130
1151,MER68C,65,79,51,8
1152,MER83C,36,66,16,8
1153,MER50C,12,50,40,39
1154,AluYd8,53,14,10,9
1155,MER52A,1249,1188,684,479
1156,tRNA-Trp-TGG,0,0,0,0
1157,MER52C,110,191,118,112
1158,L1M2,2798,2492,2706,1608
1159,L1M3,1549,1592,1591,1077
1160,L2c,76529,80586,59320,43719
1161,L1M1,3464,3102,2790,1798
1162,L1M6,855,1251,891,772
1163,L1M7,971,1141,681,684
1164,L1M4,6992,8687,6624,4614
1165,L1M5,12966,13923,12972,7306
1166,MLT1G,706,774,354,406
1167,MLT1F,1527,1553,1202,984
1168,L1M8,625,815,573,305
1169,MLT1D,7362,7668,5152,4173
1170,MLT1C,7316,7542,5595,4891
1171,MLT1B,16255,10209,12090,9131
1172,MLT1A,2471,2804,2275,1814
1173,tRNA-Ser-TCA_m_,28,65,43,57
1174,MER4A1,1365,1146,1032,642
1175,UCON99,20,0,0,0
1176,Looper,194,176,358,122
1177,UCON92,0,0,0,0
1178,MLT1B-int,426,536,404,400
1179,LTR9B,346,428,290,189
1180,LTR9C,40,76,3,0
1181,LTR9D,255,209,203,49
1182,UCON22,0,0,0,0
1183,UCON94,27,12,0,0
1184,MADE1,384,626,593,461
1185,MADE2,841,580,457,444
1186,AluSp,9596,9623,7312,6158
1187,AluSq,4485,4381,3098,2460
1188,PABL_A-int,199,342,133,179
1189,LTR33C,122,123,92,110
1190,tRNA-Lys-AAG,12,104,36,28
1191,AluSx,24711,25177,18325,14222
1192,AluSz,19307,21326,15713,11870
1193,Ricksha_b,15,6,6,35
1194,PABL_B,100,79,97,106
1195,Charlie20a,215,292,223,64
1196,L1MEh,455,782,464,288
1197,L1MEi,1170,910,1076,691
1198,L1MEj,438,558,685,199
1199,AluSc,7155,7267,6003,4836
1200,L1MEd,4749,5779,5362,2989
1201,tRNA-Gly-GGA,60,83,12,0
1202,Charlie23a,353,519,327,107
1203,L1MEg,3410,4074,4262,2408
1204,LTR7B,486,503,454,232
1205,L1MEa,339,235,43,120
1206,L1MEb,446,451,379,378
1207,L1MEc,5826,6258,4867,3172
1208,LTR76,180,210,116,104
1209,LTR77,0,0,5,3
1210,LTR101_Mam,264,368,291,133
1211,LTR75,238,194,111,81
1212,LTR47A,182,409,193,142
1213,AluYc3,85,105,94,79
1214,LTR70,99,121,125,104
1215,LTR47B,0,0,0,0
1216,tRNA-Glu-GAG,0,0,0,0
1217,Tigger3d,397,149,177,229
1218,Tigger3c,1092,1076,711,642
1219,MLT1E1A,735,691,848,300
1220,LTR78,869,984,781,566
1221,LTR79,754,760,779,375
1222,tRNA-Tyr-TAC,32,8,0,0
1223,LTR67B,816,815,496,521
1224,MSTA1-int,0,8,0,0
1225,MER113A,552,491,346,254
1226,MER113B,80,208,235,53
1227,tRNA-Glu-GAG_,26,16,394,117
1228,MamRep1527,252,112,100,52
1229,MER1B,3528,3496,2552,1857
1230,LTR1B1,20,11,20,8
1231,LTR1B0,0,20,36,32
1232,LTR37-int,469,143,413,384
1233,Harlequin-int,751,683,392,457
1234,LTR88a,100,175,119,56
1235,tRNA-Ala-GCG,0,0,0,0
1236,L1ME5,916,916,1114,629
1237,HERV16-int,370,312,395,223
1238,L1ME1,13950,14628,13584,7880
1239,CR1-L3B_Croc,0,0,4,0
1240,L1ME3,4274,4243,3635,2419
1241,MSTC-int,140,92,79,32
1242,L1PBa1,377,408,398,162
1243,LTR43-int,71,62,20,52
1244,LTR7C,335,326,229,194
1245,tRNA-Ala-GCY,4,14,0,0
1246,L1MA5A,1377,1260,1508,682
1247,LTR5_Hs,417,661,402,277
1248,MER5A,9950,10965,7903,6347
1249,REP522,21,60,9,18
1250,AmnSINE1,2001,1577,1389,1256
1251,X7D_LINE,0,0,0,0
1252,AmnSINE2,324,334,268,301
1253,Tigger3b,3531,2917,3051,1464
1254,MSTB-int,570,903,531,414
1255,MLT1L-int,0,0,0,0
1256,L1PA3,1837,1636,1661,1047
1257,MamRep1894,299,84,92,84
1258,UCON20,4,20,0,0
1259,MER57E2,4,0,0,0
1260,MER99,79,119,92,56
1261,UCON50,0,4,8,0
1262,CRP1,0,0,0,0
1263,UCON44,0,0,0,0
1264,MLT1O-int,0,0,12,0
1265,MLT1H,2774,2865,2140,1367
1266,UCON47,106,38,60,52
