,gene,class,family,S1,S2,S4,S5,S8,S3,S6,S7,S9,S10
0,MER11B,LTR,ERVK,20780,11421,10834,10741,19684,12639,11669,13104,26413,10848
1,MER44B,DNA,TcMar-Tigger,1149,755,1922,864,921,1648,981,888,1135,854
2,UCON80_AMi,Unknown,Unknown,151,83,103,127,109,181,112,104,56,100
3,MSTA1,LTR,ERVL-MaLR,92,129,290,136,117,143,144,116,119,104
4,MLT1E1-int,LTR,ERVL-MaLR,0,4,24,12,4,0,0,16,0,20
5,UCON27,Unknown,Unknown,8,20,4,12,60,19,0,20,0,8
6,MER96B,DNA,hAT-Tip100,201,292,394,213,322,425,255,216,226,151
7,MLT1E2-int,LTR,ERVL-MaLR,12,23,46,68,49,62,48,57,48,38
8,UCON29,DNA,PiggyBac?,70,53,24,56,39,122,27,55,71,13
9,Zaphod2,DNA,hAT-Tip100,229,98,201,106,234,167,196,205,24,40
10,MER41E,LTR,ERV1,157,98,96,126,106,140,131,99,129,135
11,MER41D,LTR,ERV1,141,112,90,70,142,222,48,87,80,52
12,MER41G,LTR,ERV1,16,64,64,40,12,20,52,24,28,0
13,MLT2B3,LTR,ERVL,801,596,1109,684,722,1033,557,760,923,579
14,LTR82B,LTR,ERVL,167,226,181,141,195,256,131,238,216,164
15,UCON26,Unknown,Unknown,79,8,76,12,55,34,52,0,15,34
16,MER41C,LTR,ERV1,122,151,142,126,102,181,104,127,97,65
17,CR1-L3A_Croc,LINE,CR1,44,12,66,44,32,49,38,44,36,59
18,L1M4a2,LINE,L1,331,358,662,418,443,652,538,488,284,316
19,L1M4a1,LINE,L1,482,623,900,650,862,1185,473,579,456,484
20,UCON19,Unknown,Unknown,0,0,0,12,0,0,0,0,0,0
21,MER96,DNA,hAT-Tip100,138,100,168,88,139,171,135,162,119,92
22,MER20B,DNA,hAT-Charlie,1002,1053,1667,1146,1310,1673,1019,1118,756,826
23,LTR82A,LTR,ERVL,176,137,323,145,242,232,207,226,72,197
24,MLT1E3,LTR,ERVL-MaLR,290,299,596,256,440,555,331,287,330,282
25,LTR35A,LTR,ERV1,0,4,8,32,48,36,12,16,8,28
26,LTR35B,LTR,ERV1,8,32,16,44,55,24,24,32,7,20
27,MER95,LTR,ERV1,15,16,72,36,72,63,72,48,57,24
28,MER44A,DNA,TcMar-Tigger,1625,1261,2033,1545,2008,2287,1681,1735,1141,1394
29,MSTB2,LTR,ERVL-MaLR,317,305,585,257,261,505,281,329,467,388
30,CER,Satellite,Satellite,114,106,140,101,55,96,53,48,44,29
31,AluYh7,SINE,Alu,5,5,10,18,10,5,6,6,13,11
32,Charlie15b,DNA,hAT-Charlie,691,635,841,473,837,979,707,597,419,481
33,LTR52-int,LTR,ERVL,0,27,83,31,8,48,0,27,39,4
34,Charlie15a,DNA,hAT-Charlie,1107,1124,1730,806,1339,1622,1469,1120,484,1056
35,LTR85c,LTR,Gypsy?,226,203,235,101,143,162,260,183,205,224
36,LTR85b,LTR,Gypsy?,176,70,194,116,167,156,81,117,110,80
37,LTR85a,LTR,Gypsy?,187,243,284,207,327,357,201,305,116,316
38,MER97b,DNA,hAT-Tip100,0,0,4,0,8,4,0,8,0,20
39,Tigger12c,DNA,TcMar-Tigger,259,169,266,287,275,293,171,275,224,151
40,AluYh9,SINE,Alu,2,8,1,1,1,9,2,1,1,1
41,LTR66,LTR,ERVL,29,23,126,24,32,76,41,44,52,17
42,LTR103_Mam,LTR,ERV1?,10,32,90,24,25,88,45,44,16,12
43,LTR61,LTR,ERV1,12,54,48,16,69,49,92,68,24,41
44,tRNA-Leu-TTA_m_,tRNA,tRNA,139,64,285,52,76,117,84,182,119,84
45,FordPrefect_a,DNA,hAT-Tip100,40,4,36,16,39,16,40,44,0,48
46,UCON67,Unknown,Unknown,0,0,0,0,0,16,4,0,0,0
47,LTR60,LTR,ERV1,24,1,30,16,0,4,6,0,1,5
48,tRNA-Leu-CTY,tRNA,tRNA,0,0,0,16,16,0,0,0,0,0
49,LTR60B,LTR,ERV1,8,20,63,4,8,40,9,6,4,28
50,UCON58,Unknown,Unknown,0,7,0,0,0,0,0,0,0,0
51,UCON59,Unknown,Unknown,0,0,0,24,0,0,0,12,0,0
52,UCON24,Unknown,Unknown,0,0,0,0,0,0,8,0,0,0
53,UCON57,Unknown,Unknown,0,0,0,0,0,12,0,0,0,0
54,UCON54,Unknown,Unknown,19,32,119,27,24,40,44,36,18,60
55,UCON55,DNA,TcMar-Tigger,79,113,168,56,151,183,111,124,72,96
56,UCON53,Unknown,Unknown,0,0,0,0,4,11,1,0,0,4
57,HERVKC4-int,LTR,ERVK,36,25,33,67,36,32,16,12,15,49
58,LSAU,Satellite,Satellite,0,0,12,1,0,0,0,0,0,0
59,Chap1_Mam,DNA,hAT-Charlie,458,240,512,371,477,577,406,373,339,414
60,LTR3,LTR,ERVK,242,164,112,158,529,179,211,249,293,148
61,X5B_LINE,LINE,CR1,9,36,22,19,35,25,30,18,7,36
62,AluSg7,SINE,Alu,1215,1056,1259,757,1022,1397,1136,1359,995,993
63,AluYi6_4d,SINE,Alu,30,23,48,20,25,28,27,35,39,18
64,LTR4,LTR,ERV1,96,29,58,62,85,99,60,89,82,49
65,LTR5,LTR,ERVK,25,75,56,29,50,47,34,57,24,34
66,LTR8,LTR,ERV1,1125,1029,1334,753,1232,1373,1129,1032,926,1069
67,LTR9,LTR,ERV1,172,163,392,108,218,252,126,142,137,106
68,UCON66,Unknown,Unknown,0,12,28,4,0,0,0,0,0,24
69,ORSL,DNA,hAT-Tip100,186,105,275,139,284,190,175,191,125,141
70,X9_LINE,LINE,L1,562,496,627,435,517,389,593,554,675,383
71,MER57C2,LTR,ERV1,42,67,120,36,52,33,12,23,23,0
72,HERVH48-int,LTR,ERV1,287,213,294,247,300,266,79,181,127,195
73,MER57C1,LTR,ERV1,18,29,66,24,96,21,77,49,52,26
74,LTR13A,LTR,ERVK,146,178,157,119,118,235,231,168,144,100
75,hAT-16_Crp,DNA,hAT-Charlie,24,0,0,0,0,0,0,0,0,0
76,MSTB1-int,LTR,ERVL-MaLR,36,24,71,36,52,116,4,67,11,60
77,tRNA-Asn-AAT,tRNA,tRNA,0,0,0,0,0,0,0,0,0,0
78,L1PB3,LINE,L1,1370,1697,4918,2778,2108,2751,1579,1396,1810,1657
79,MER115,DNA,hAT-Tip100,497,390,812,768,565,555,423,477,438,362
80,Tigger13a,DNA,TcMar-Tigger,746,673,1581,959,879,1209,914,774,500,709
81,MER117,DNA,hAT-Charlie,1082,804,1245,944,921,1462,1048,1150,1052,820
82,MER110,LTR,ERV1,158,32,203,57,88,79,62,44,51,80
83,MER112,DNA,hAT-Charlie,1259,1319,2184,1225,1382,2018,1621,1200,664,1030
84,L1PB1,LINE,L1,3641,3207,6176,3606,4304,6513,3434,2997,2911,2595
85,MER74A,LTR,ERVL,505,411,668,332,390,502,402,443,536,487
86,HERVK11D-int,LTR,ERVK,59,0,16,2,0,14,8,0,0,0
87,LTR13_,LTR,ERVK,80,32,82,21,65,46,29,45,28,27
88,MER119,DNA,hAT-Charlie,261,338,518,251,409,476,393,219,241,316
89,MER5C1,DNA,hAT-Charlie,182,207,240,114,231,307,116,132,245,82
90,PABL_A,LTR,ERV1,207,74,225,137,103,186,107,181,73,161
91,LTR38,LTR,ERV1,0,0,0,16,4,20,44,32,24,4
92,ALR_Alpha,Satellite,centr,2999,2615,2494,1781,2709,1555,1440,1044,759,1028
93,MamGypLTR3,LTR,Gypsy,54,55,63,27,52,40,30,21,40,79
94,MER65-int,LTR,ERV1,66,107,241,72,119,216,121,60,81,33
95,MLT1K,LTR,ERVL-MaLR,3668,2957,4221,2587,3172,4112,3149,3105,2343,2857
96,LTR32,LTR,ERVL,389,195,472,261,335,475,219,317,439,277
97,LTR33,LTR,ERVL,1534,1155,1730,1224,1285,1708,1139,1119,1576,1091
98,L1MA10,LINE,L1,900,569,1335,785,1008,1371,848,825,671,730
99,LTR31,LTR,ERV1,16,16,40,47,59,66,52,32,8,36
100,AluYg6,SINE,Alu,59,59,55,24,49,91,29,40,43,37
101,LTR34,LTR,ERV1,28,16,103,68,84,123,84,54,112,24
102,LTR35,LTR,ERV1,0,20,59,87,46,94,11,32,12,16
103,MLT2B2,LTR,ERVL,220,225,317,288,142,279,203,272,180,210
104,HERVK13-int,LTR,ERVK,238,235,345,259,267,318,153,177,159,194
105,UCON25,Unknown,Unknown,4,0,20,0,0,0,0,0,0,0
106,Tigger17a,DNA,TcMar-Tigger,1027,975,1528,1085,1398,1727,1103,1283,864,1148
107,L1P1,LINE,L1,724,661,1043,802,705,1163,628,577,504,594
108,L1P3,LINE,L1,1295,870,1723,887,1035,1740,995,971,597,890
109,L1P2,LINE,L1,993,942,1585,882,1063,1575,1001,797,636,814
110,L1P5,LINE,L1,15,29,11,43,59,60,33,42,19,13
111,L1P4,LINE,L1,622,519,1039,513,728,1011,741,684,426,536
112,LTR108b_Mam,LTR,ERVL,24,4,4,4,4,12,8,4,0,12
113,LTR21A,LTR,ERV1,3192,1772,1254,1680,2771,2310,2930,2826,2454,2305
114,tRNA-Arg-AGA,tRNA,tRNA,8,4,12,0,0,0,8,0,0,4
115,LTR21C,LTR,ERVL,0,0,0,0,0,0,0,0,0,0
116,LTR21B,LTR,ERV1,8,24,0,24,4,32,16,8,12,4
117,LTR86B1,LTR,ERVL,35,91,186,88,63,148,114,163,56,175
118,LTR86B2,LTR,ERVL,0,24,60,12,28,38,36,39,32,9
119,UCON103,Unknown,Unknown,0,0,0,0,0,0,0,0,0,0
120,UCON101,Unknown,Unknown,0,0,0,0,0,0,0,0,0,0
121,L1PB,LINE,L1,227,222,486,231,266,462,305,226,86,177
122,UCON107,DNA,hAT-Tag1,32,24,0,40,59,35,64,8,12,12
123,ERV3-16A3_LTR,LTR,ERVL,157,115,229,64,121,192,120,118,57,52
124,tRNA-Glu-GAA,tRNA,tRNA,88,22,34,19,18,54,21,13,107,35
125,LTR18A,LTR,ERVL,42,59,99,79,56,46,32,36,4,24
126,LTR18C,LTR,ERVL,8,16,8,0,0,8,20,3,0,4
127,LTR18B,LTR,ERVL,62,120,121,137,108,99,60,76,68,36
128,ERV24_Prim-int,LTR,ERV1,40,41,96,63,82,116,96,112,70,28
129,MER70C,LTR,ERVL,7,39,20,32,34,69,4,24,24,40
130,LTR3B,LTR,ERVK,16,1,4,1,1,17,0,9,3,0
131,LTR3A,LTR,ERVK,116,96,83,56,89,111,68,65,100,37
132,MSTA,LTR,ERVL-MaLR,2380,2829,4128,2560,2788,4484,2494,3070,2853,2450
133,MSTB,LTR,ERVL-MaLR,1987,1387,2710,1699,1996,2513,1554,1823,1780,1495
134,LTR59,LTR,ERV1,20,4,28,12,12,24,0,40,27,0
135,MER11D,LTR,ERVK,29,41,38,20,36,18,5,42,23,19
136,LTR108a_Mam,LTR,ERVL,7,37,4,16,16,22,16,50,0,75
137,GSATII,Satellite,centr,0,3,9,5,17,1,3,0,37,5
138,ERVL47-int,LTR,ERVL,16,24,71,56,0,20,20,40,31,52
139,MER11C,LTR,ERVK,251,148,411,252,372,352,232,316,93,234
140,MER83B,LTR,ERV1,25,43,9,27,14,39,23,33,82,14
141,LTR24C,LTR,ERV1,60,73,82,82,51,90,23,20,19,62
142,LTR54,LTR,ERV1,119,119,228,160,183,189,172,187,120,143
143,tRNA-Pro-CCY,tRNA,tRNA,4,12,0,0,0,4,4,4,0,4
144,MER129,LTR?,LTR?,140,15,0,8,4,24,28,12,23,23
145,MER6C,DNA,TcMar-Tigger,0,12,56,0,4,52,18,21,1,12
146,LTR16B,LTR,ERVL,140,65,127,84,100,181,128,68,67,152
147,MER6A,DNA,TcMar-Tigger,568,287,591,234,312,832,417,451,230,443
148,MER130,DNA,DNA,0,16,32,46,44,32,36,47,8,8
149,Tigger15a,DNA,TcMar-Tigger,1676,1369,2593,1390,1579,2535,1773,1502,1100,1256
150,Tigger2b_Pri,DNA,TcMar-Tigger,519,550,871,531,571,901,489,627,469,665
151,Kanga11a,DNA,TcMar-Tc2,18,146,194,142,92,245,174,111,143,26
152,MER131,DNA?,DNA?,296,263,411,319,294,590,556,416,145,353
153,THE1D,LTR,ERVL-MaLR,1517,1339,2253,1569,1484,2209,1308,1551,1493,1441
154,Ricksha_c,DNA,MULE-MuDR,197,145,278,180,209,343,109,201,232,178
155,FordPrefect,DNA,hAT-Tip100,290,235,548,199,343,434,272,163,369,258
156,Charlie10a,DNA,hAT-Charlie,99,84,220,60,59,103,120,107,31,76
157,L1M3c,LINE,L1,313,246,453,215,329,282,178,127,43,102
158,Charlie10b,DNA,hAT-Charlie,64,72,99,68,44,132,52,44,19,82
159,L1M3f,LINE,L1,246,166,316,191,294,382,256,152,223,92
160,L1M3d,LINE,L1,66,64,132,87,136,115,88,59,56,48
161,L1M3e,LINE,L1,289,252,536,248,241,408,224,438,410,344
162,LTR47B4,LTR,ERVL,11,4,8,7,24,20,12,16,0,47
163,MLT2C2,LTR,ERVL,165,69,237,90,186,175,98,150,199,82
164,MER92C,LTR,ERV1,8,16,4,6,19,4,12,16,0,8
165,MER92B,LTR,ERV1,340,182,423,291,338,411,392,335,225,395
166,CR1-13_AMi,LINE,CR1,27,8,36,0,40,31,32,32,4,19
167,MER134,DNA?,DNA?,0,0,4,0,0,0,4,0,4,0
168,LTR47B2,LTR,ERVL,52,40,78,8,44,55,47,29,29,45
169,LTR47B3,LTR,ERVL,8,8,32,16,16,40,8,24,84,24
170,LTR1A2,LTR,ERV1,231,223,259,150,205,421,271,217,381,237
171,MER51A,LTR,ERV1,367,362,577,337,491,547,457,209,158,423
172,MER51B,LTR,ERV1,99,88,148,126,100,137,89,156,139,88
173,LTR1A1,LTR,ERV1,52,71,36,80,43,61,48,57,24,42
174,MER51D,LTR,ERV1,16,24,16,36,4,60,40,25,43,1
175,MER51E,LTR,ERV1,12,37,4,12,16,36,52,20,0,67
176,Tigger5,DNA,TcMar-Tigger,220,305,267,190,176,294,270,246,211,206
177,HERV4_I-int,LTR,ERV1,167,163,373,132,131,379,204,223,152,180
178,LTR86C,LTR,ERVL,48,60,99,71,97,128,68,100,171,80
179,MER45C,DNA,hAT-Tip100,243,161,614,144,313,418,148,139,374,246
180,MER45B,DNA,hAT-Tip100,158,217,258,146,272,233,149,138,141,215
181,L3b,LINE,CR1,2882,2372,3872,2257,2731,3718,2491,2581,2516,2278
182,LTR108e_Mam,LTR,ERVL,23,8,8,48,20,0,0,4,24,8
183,MER75A,DNA,PiggyBac,24,8,8,0,0,48,4,8,0,12
184,MER83B-int,LTR,ERV1,34,52,80,44,19,60,32,28,39,95
185,Tigger11a,DNA,TcMar-Tigger,357,411,443,291,402,473,435,359,197,403
186,Ricksha,DNA,MULE-MuDR,25,25,70,16,0,73,8,52,54,32
187,MER57A-int,LTR,ERV1,1015,692,1065,581,1114,880,862,811,717,692
188,HERVL66-int,LTR,ERVL,77,86,143,29,140,53,54,78,110,48
189,L1MA1,LINE,L1,1158,1088,2089,1075,1561,2009,1411,1128,784,959
190,L1MA2,LINE,L1,2030,1998,3824,1921,2016,3936,1816,1731,1665,1714
191,L1MA3,LINE,L1,2623,3005,5156,3120,3100,5306,2863,2807,2308,2502
192,L1MA4,LINE,L1,2571,2483,4633,2715,3119,4705,2820,2388,1754,2399
193,AluYc,SINE,Alu,446,261,343,286,583,520,311,425,375,244
194,L1MA6,LINE,L1,1413,1243,2379,1263,1410,2242,1384,1136,989,999
195,L1MA7,LINE,L1,1730,1475,3527,2157,2233,2867,1920,1579,1150,1701
196,Charlie29a,DNA,hAT-Charlie,574,446,678,543,697,773,614,425,407,265
197,L1MA9,LINE,L1,2714,2393,5237,3039,3030,4762,3208,2577,1918,2334
198,MER4D1,LTR,ERV1,346,307,469,276,390,556,340,440,138,346
199,THE1C-int,LTR,ERVL-MaLR,754,720,1082,724,747,1167,540,606,600,574
200,UCON16,Unknown,Unknown,0,12,0,0,0,0,0,0,4,0
201,tRNA-Leu-TTG,tRNA,tRNA,0,48,0,0,8,0,0,0,0,0
202,tRNA-Gln-CAA,tRNA,tRNA,16,0,44,12,12,32,0,12,0,4
203,ERVL-int,LTR,ERVL,277,193,364,254,295,375,299,258,184,203
204,tRNA-Leu-TTA,tRNA,tRNA,0,0,0,0,0,0,0,0,0,0
205,tRNA-Gln-CAG,tRNA,tRNA,0,0,0,0,0,4,0,4,0,0
206,_GAATG_n,Satellite,Satellite,4,0,4,10,3,36,44,14,7,3
207,MLT1G-int,LTR,ERVL-MaLR,141,92,207,107,128,167,126,60,101,104
208,MER2B,DNA,TcMar-Tigger,722,593,996,665,822,1029,796,893,732,537
209,UCON12,Unknown,Unknown,0,12,0,4,16,0,0,4,0,0
210,MER30,DNA,hAT-Charlie,1409,1183,1880,929,1166,1999,1144,1052,1027,990
211,SSU-rRNA_Hsa,rRNA,rRNA,20512,20572,42266,27084,15537,9697,11505,4169,10236,14101
212,Charlie19a,DNA,hAT-Charlie,428,382,886,518,522,619,432,491,267,422
213,MLT1-int,LTR,ERVL-MaLR,27,40,73,53,36,79,7,49,138,17
214,UCON17,Unknown,Unknown,0,0,0,0,0,8,0,0,0,0
215,UCON14,DNA?,DNA?,47,12,8,8,4,4,0,0,0,8
216,MLT1E2,LTR,ERVL-MaLR,942,869,1261,869,1029,1289,832,927,1019,776
217,MER21-int,LTR,ERVL,233,341,630,226,394,499,273,240,304,296
218,UCON18,Unknown,Unknown,0,0,0,0,0,0,0,0,0,0
219,MIR,SINE,MIR,39493,33895,56304,35710,40671,54353,37370,38670,32531,34837
220,_CATTC_n,Satellite,Satellite,0,0,0,1,0,1,0,1,3,0
221,MLT1E1,LTR,ERVL-MaLR,176,91,94,112,107,177,117,194,130,94
222,MER92-int,LTR,ERV1,246,212,259,167,175,268,247,159,55,73
223,tRNA-Asn-AAC,tRNA,tRNA,0,0,0,4,0,1,7,0,0,16
224,THE1A-int,LTR,ERVL-MaLR,2149,1489,2116,1281,1659,1713,1424,1532,1308,1301
225,tRNA-Val-GTA,tRNA,tRNA,0,0,0,0,0,0,0,0,0,0
226,LTR72B,LTR,ERV1,0,8,24,4,40,28,0,4,24,4
227,Charlie4z,DNA,hAT-Charlie,2031,1825,3252,1746,2371,3025,2247,2754,2069,2229
228,Tigger1a_Mars,DNA,TcMar-Tigger,0,0,0,0,0,8,0,0,20,0
229,MLT1F2,LTR,ERVL-MaLR,1589,1140,1761,1258,1362,1799,1176,1362,1099,1286
230,Charlie4a,DNA,hAT-Charlie,949,920,1515,894,1279,1411,1481,703,572,794
231,MLT1F1,LTR,ERVL-MaLR,765,752,908,684,817,1109,727,827,780,668
232,tRNA-Cys-TGY,tRNA,tRNA,0,11,0,4,12,15,4,4,24,0
233,tRNA-Gln-CAA_,tRNA,tRNA,7,0,2,3,6,15,6,31,1,2
234,ERVL-E-int,LTR,ERVL,1631,1265,2680,1584,1670,2192,1449,1378,1356,1205
235,X2_LINE,LINE,CR1,71,0,24,12,16,48,20,8,4,0
236,X7A_LINE,LINE,CR1,146,252,257,136,198,323,165,183,70,79
237,UCON8,DNA,DNA,40,43,80,12,63,48,32,70,0,52
238,MER50-int,LTR,ERV1,167,59,230,32,138,173,68,78,95,80
239,LTR54B,LTR,ERV1,215,209,241,205,178,297,200,235,305,168
240,MamRep488,DNA,hAT-Tip100,96,80,100,60,48,68,63,68,16,40
241,MER84-int,LTR,ERV1,40,16,10,13,11,11,0,23,6,21
242,LTR102_Mam,LTR,ERVL,43,75,124,119,96,116,107,84,47,104
243,PABL_B-int,LTR,ERV1,332,235,409,228,286,274,272,299,115,144
244,MER41-int,LTR,ERV1,497,482,763,664,655,1107,600,620,347,395
245,Eulor6C,DNA?,DNA?,0,0,0,0,0,0,0,0,0,0
246,L1MA4A,LINE,L1,2462,2079,3973,1991,2753,4176,2393,1935,1526,1730
247,HERVIP10FH-int,LTR,ERV1,365,248,389,260,222,331,196,319,150,278
248,tRNA-Met_,tRNA,tRNA,0,0,0,3,16,4,0,0,0,0
249,MER67D,LTR,ERV1,88,84,179,126,21,87,54,40,34,94
250,MLT1H1,LTR,ERVL-MaLR,714,460,633,553,698,694,572,560,613,489
251,AluYh3,SINE,Alu,211,212,302,230,214,270,218,306,98,286
252,AluYk4,SINE,Alu,189,101,178,132,111,222,133,184,105,123
253,AluYk2,SINE,Alu,135,76,126,105,138,152,120,101,99,67
254,AluYk3,SINE,Alu,100,103,84,91,120,123,129,127,100,94
255,LTR27B,LTR,ERV1,90,52,80,36,28,45,40,88,62,70
256,MER8,DNA,TcMar-Tigger,559,614,1286,588,674,972,712,723,857,696
257,tRNA-Leu-CTA,tRNA,tRNA,0,0,0,0,0,0,0,0,0,0
258,MSTC,LTR,ERVL-MaLR,806,612,880,603,564,1136,640,557,613,673
259,LTR2752,LTR,ERV1,63,72,134,82,107,92,28,68,115,106
260,UCON39,DNA,TcMar-Tigger,416,159,164,146,419,158,220,172,251,139
261,LTR39-int,LTR,ERV1,4,24,64,23,20,32,32,20,0,20
262,HSAT5,Satellite,Satellite,62,53,65,21,49,85,30,50,60,26
263,HSAT4,Satellite,centr,287,260,587,223,251,349,215,136,336,349
264,LTR22B1,LTR,ERVK,92,99,222,76,176,148,58,84,14,166
265,L1ME3E,LINE,L1,1147,1045,1845,1057,1468,2352,1472,1202,1019,1045
266,UCON89,DNA,hAT?,0,16,4,0,16,12,32,20,0,12
267,LTR46-int,LTR,ERV1,359,330,272,214,256,331,203,401,189,209
268,tRNA-Thr-ACG,tRNA,tRNA,12,0,0,0,0,0,4,0,0,0
269,L1P4b,LINE,L1,3,9,2,0,4,0,0,0,14,1
270,Zaphod3,DNA,hAT-Tip100,40,128,198,146,132,191,48,135,76,124
271,L1PBa,LINE,L1,553,555,970,556,722,1195,543,607,491,570
272,MamRTE1,LINE,RTE-BovB,7605,6705,7991,5227,8638,8618,7775,8696,6587,6438
273,UCON80,DNA,hAT?,0,11,15,2,10,1,32,12,30,0
274,UCON83,SINE?,SINE?,0,0,0,0,0,0,0,0,0,0
275,LTR16D,LTR,ERVL,120,126,200,80,72,144,66,132,138,135
276,LTR16C,LTR,ERVL,874,747,1286,690,783,1224,888,860,1083,787
277,L1PBb,LINE,L1,134,118,206,119,115,161,80,125,179,36
278,LTR16A,LTR,ERVL,489,414,892,593,456,685,508,521,359,465
279,UCON86,LINE,L2,22,8,4,8,28,19,27,0,23,20
280,LTR16B2,LTR,ERVL,233,133,230,86,215,243,152,147,238,172
281,SAR,Satellite,Satellite,0,4,1,2,0,4,0,0,0,0
282,MARNA,DNA,TcMar-Mariner,2078,1322,2224,1288,1819,2477,2129,2253,1551,1430
283,LTR16B1,LTR,ERVL,273,136,215,191,118,210,189,252,138,138
284,LTR9A1,LTR,ERV1,108,118,162,68,133,123,143,76,83,76
285,MER58D,DNA,hAT-Charlie,802,507,825,612,1008,1066,1064,810,651,1183
286,MER58C,DNA,hAT-Charlie,890,840,1209,924,986,1260,1032,984,586,845
287,MER58B,DNA,hAT-Charlie,2476,2165,3362,2043,2460,3206,2505,2311,1628,2154
288,MER58A,DNA,hAT-Charlie,4355,3683,6212,4027,4898,5887,4270,4596,2993,3321
289,MamGypLTR2c,LTR,Gypsy,48,96,128,106,96,119,116,76,55,44
290,HSATI,Satellite,Satellite,0,0,8,0,16,4,0,0,0,0
291,Charlie3,DNA,hAT-Charlie,319,194,313,300,196,241,151,234,257,103
292,Charlie1,DNA,hAT-Charlie,1067,953,1378,837,1172,1328,1243,994,682,950
293,Charlie6,DNA,hAT-Charlie,131,147,179,146,224,221,161,173,118,57
294,Charlie7,DNA,hAT-Charlie,1139,802,1295,615,771,1351,914,816,691,725
295,Charlie4,DNA,hAT-Charlie,19,21,52,11,20,29,28,52,0,20
296,Charlie5,DNA,hAT-Charlie,515,487,716,534,588,722,545,530,285,569
297,MER39B,LTR,ERV1,411,344,520,336,400,620,371,502,358,302
298,Charlie8,DNA,hAT-Charlie,1014,1110,1411,858,1215,1332,1165,809,517,1018
299,L1MC5,LINE,L1,6467,5987,9930,6079,7843,10493,6882,6806,4231,5251
300,MER101-int,LTR,ERV1,462,486,865,537,599,758,631,489,410,500
301,HSMAR1,DNA,TcMar-Mariner,1051,983,1207,483,1006,1316,1332,1363,688,850
302,LTR42,LTR,ERVL,87,184,246,97,270,117,125,160,125,68
303,LTR41,LTR,ERVL,849,791,677,656,1021,1034,1022,997,628,836
304,HSMAR2,DNA,TcMar-Mariner,558,733,1122,450,754,960,842,699,635,570
305,LTR46,LTR,ERV1,217,208,170,78,158,216,221,189,104,161
306,LTR45,LTR,ERV1,40,28,56,12,12,28,28,16,20,0
307,LTR44,LTR,ERV1,65,47,94,62,39,59,71,32,74,40
308,Tigger19a,DNA,TcMar-Tigger,1808,1428,2244,1186,1550,1734,1273,1150,926,1109
309,LTR49,LTR,ERV1,197,225,404,242,328,354,242,292,186,177
310,LTR48,LTR,ERV1,133,228,327,241,243,238,224,239,61,138
311,AluYb9,SINE,Alu,30,39,48,16,80,51,47,30,51,29
312,AluYb8,SINE,Alu,178,294,244,246,209,256,170,194,145,149
313,LTR38C,LTR,ERV1,8,35,27,12,15,24,9,48,9,40
314,LTR38B,LTR,ERV1,28,16,51,16,8,31,36,12,24,116
315,tRNA-Leu-CTG,tRNA,tRNA,0,0,0,0,0,0,0,12,0,0
316,Tigger4a,DNA,TcMar-Tigger,1038,983,1675,840,1275,1582,1276,1088,740,1086
317,LTR26B,LTR,ERV1,39,34,40,8,8,71,51,28,4,48
318,Alu,SINE,Alu,202,453,399,309,307,495,383,497,342,366
319,LTR26D,LTR,ERV1,83,49,65,39,28,31,0,24,56,24
320,LTR26E,LTR,ERV1,124,46,56,28,37,76,37,54,143,48
321,MER9a2,LTR,ERVK,55,51,164,98,86,150,61,102,96,104
322,HERV15-int,LTR,ERV1,16,42,67,30,97,57,55,68,37,48
323,L1MB8,LINE,L1,8048,7199,13168,7115,9418,13070,9087,8699,5078,7212
324,UCON69,DNA,hAT?,0,0,0,0,0,0,0,0,0,0
325,Charlie14a,DNA,hAT-Charlie,597,406,655,375,686,683,589,548,348,584
326,HERV-Fc2-int,LTR,ERV1,0,0,0,0,0,0,0,0,0,0
327,L1MB1,LINE,L1,1102,1059,2244,1049,1291,1759,1115,1064,785,846
328,L1MB3,LINE,L1,8077,6524,11370,6868,7210,11202,7321,7366,4787,6895
329,L1MB2,LINE,L1,4303,3751,8427,4546,4854,6918,4525,3959,2856,3778
330,L1MB5,LINE,L1,3868,3504,6394,3473,3978,6068,4237,3828,2788,3632
331,L1MB4,LINE,L1,3923,3744,6587,3621,4316,7105,4355,4184,2843,3903
332,AluJr4,SINE,Alu,3285,2566,3588,2479,3495,4432,3079,3275,2253,2263
333,L1P4a,LINE,L1,116,77,139,146,102,185,147,35,67,153
334,UCON4,Unknown,Unknown,60,91,118,31,107,114,75,44,16,44
335,UCON71_Crp,Unknown,Unknown,105,69,163,61,181,193,181,175,133,99
336,MamRep4096,DNA,hAT-Tip100,160,191,329,188,127,210,156,252,234,203
337,MER135,DNA,DNA,139,168,262,117,117,224,252,175,140,157
338,THE1-int,LTR,ERVL-MaLR,168,192,301,135,182,175,136,120,225,53
339,HERVS71-int,LTR,ERV1,208,228,451,166,267,442,312,463,293,318
340,HSAT6,Satellite,Satellite,0,0,0,0,0,0,0,0,0,0
341,HERVK11-int,LTR,ERVK,141,64,169,155,124,224,128,135,81,87
342,ACRO1,Satellite,acro,12,0,0,0,6,6,3,8,8,0
343,LTR90A,LTR,LTR,54,92,75,66,82,137,61,76,0,80
344,UCON35,Unknown,Unknown,0,8,8,0,0,0,0,16,0,0
345,LTR90B,LTR,LTR,52,28,168,58,36,36,104,52,0,80
346,LTR27E,LTR,ERV1,24,64,90,126,100,84,68,68,200,124
347,MER65B,LTR,ERV1,8,17,34,8,0,31,24,13,16,0
348,MER65A,LTR,ERV1,247,197,293,159,199,253,241,231,210,172
349,UCON88,Unknown,Unknown,0,0,4,4,0,0,0,4,0,0
350,HERVK3-int,LTR,ERVK,661,550,727,516,929,593,683,747,401,460
351,L1ME2z,LINE,L1,2604,2198,4849,2371,2766,4200,2695,2538,1588,1862
352,L1PA11,LINE,L1,1478,1282,2004,1331,1507,2334,1509,1366,1057,1247
353,OldhAT1,DNA,hAT-Ac,4542,3045,4473,2708,4404,4138,4102,3642,3591,3353
354,LTR91,LTR,ERVL,16,8,23,16,7,39,16,8,0,31
355,Charlie1a,DNA,hAT-Charlie,2577,2298,3823,2243,2824,3889,2611,2261,1383,2000
356,Charlie1b,DNA,hAT-Charlie,899,874,1665,694,979,1775,1362,1258,583,880
357,PRIMA41-int,LTR,ERV1,171,63,124,89,16,128,87,80,40,50
358,LTR26C,LTR,ERV1,68,8,86,75,24,60,54,34,33,35
359,LTR27D,LTR,ERV1,0,4,0,18,0,29,8,4,19,0
360,SST1,Satellite,centr,34,63,68,55,82,44,51,86,46,50
361,MER54A,LTR,ERVL,151,123,164,162,212,228,101,107,72,99
362,MER103C,DNA,hAT-Charlie,2998,2831,4129,3240,3695,3631,2710,2491,2709,2957
363,MER51-int,LTR,ERV1,178,167,293,153,232,321,173,337,248,151
364,MER67C,LTR,ERV1,164,181,277,109,95,356,191,211,88,139
365,L1PA15,LINE,L1,2379,2308,3708,2399,2518,4265,1992,2221,1746,2007
366,SVA_C,Retroposon,SVA,171,178,148,122,208,187,101,141,174,153
367,AluYm1,SINE,Alu,547,454,575,346,650,610,599,504,364,420
368,UCON81,DNA,hAT-Charlie,0,0,0,0,0,8,0,12,0,0
369,LTR1D1,LTR,ERV1,87,60,167,86,136,175,116,88,112,107
370,L1PA17,LINE,L1,1176,1038,1998,980,1278,1866,1088,914,757,933
371,ERV3-16A3_I-int,LTR,ERVL,1039,752,1562,1233,1198,1469,1039,993,1101,755
372,MER34A1,LTR,ERV1,138,172,173,56,152,258,259,281,93,140
373,Tigger16a,DNA,TcMar-Tigger,344,364,858,327,366,872,577,427,263,524
374,THE1B-int,LTR,ERVL-MaLR,1810,1631,2882,1870,1938,2767,1379,1569,1287,1884
375,Tigger9a,DNA,TcMar-Tigger,287,225,581,243,291,427,281,244,173,188
376,Tigger9b,DNA,TcMar-Tigger,187,168,391,207,292,376,174,294,161,250
377,LTR27C,LTR,ERV1,129,105,98,100,95,146,87,87,79,95
378,Charlie18a,DNA,hAT-Charlie,1116,1161,1305,905,1578,1417,1117,1119,636,764
379,MLT2F,LTR,ERVL,412,364,450,445,344,419,210,422,314,355
380,AluSq10,SINE,Alu,344,300,233,177,287,316,293,274,178,308
381,AluJr,SINE,Alu,14896,11802,16781,11025,16258,18938,15552,14856,10314,11312
382,Charlie10,DNA,hAT-Charlie,330,185,379,249,198,354,280,188,119,147
383,Charlie11,DNA,hAT-Charlie,23,28,24,16,28,32,12,68,52,27
384,Charlie12,DNA,hAT-Charlie,12,12,26,24,28,28,16,8,24,56
385,UCON21,DNA?,DNA?,0,0,0,0,0,8,0,0,0,0
386,L1MEg1,LINE,L1,151,247,335,186,291,365,229,189,97,92
387,L1MEg2,LINE,L1,74,197,301,201,172,140,120,204,145,279
388,Charlie17,DNA,hAT-Charlie,344,444,429,328,487,498,568,277,184,268
389,MER110A,LTR,ERV1,84,48,112,47,80,47,56,61,75,32
390,UCON56,Unknown,Unknown,0,0,0,0,0,0,0,0,0,0
391,UCON82,Unknown,Unknown,27,0,0,0,0,4,0,0,15,4
392,HERVE-int,LTR,ERV1,180,191,217,248,248,427,214,287,133,211
393,MLT1L,LTR,ERVL-MaLR,2524,1905,3056,2015,2593,3048,2070,2382,1753,1709
394,UCON87,Unknown,Unknown,0,0,0,0,0,0,0,0,0,0
395,MLT1H1-int,LTR,ERVL-MaLR,39,57,117,50,36,44,39,51,34,54
396,tRNA-Ala-GCA,tRNA,tRNA,0,12,12,0,0,16,0,12,27,24
397,HUERS-P2-int,LTR,ERV1,103,86,71,71,78,65,20,46,12,32
398,UCON62,DNA?,DNA?,12,0,0,4,12,0,0,0,0,0
399,MLT1E3-int,LTR,ERVL-MaLR,20,7,26,13,33,66,28,25,8,18
400,L2a,LINE,L2,67220,55992,87431,57872,65026,92652,60812,65849,59699,55704
401,Kanga1,DNA,TcMar-Tc2,146,156,82,136,104,147,176,120,106,124
402,MamGyp-int,LTR,Gypsy,532,385,323,278,319,391,322,423,165,236
403,CR1-3_Croc,LINE,CR1,391,383,504,430,505,505,364,337,170,386
404,LTR22E,LTR,ERVK,132,150,145,92,131,196,172,122,87,66
405,MER76-int,LTR,ERVL,69,40,87,28,91,94,56,80,16,24
406,UCON60,Unknown,Unknown,7,0,0,0,0,11,0,4,0,0
407,ERVL-B4-int,LTR,ERVL,1074,1241,1684,1119,1136,1479,928,1170,936,1022
408,LTR22B,LTR,ERVK,12,42,69,29,48,66,58,55,69,0
409,LTR22C,LTR,ERVK,1,9,20,12,3,13,3,12,5,0
410,MER81,DNA,hAT-Blackjack,401,249,589,163,164,381,210,372,483,419
411,MLT1H2,LTR,ERVL-MaLR,2989,2515,1779,1781,3450,2368,2027,2665,2718,2572
412,UCON23,DNA,hAT-Tip100?,59,4,44,4,19,35,8,16,0,56
413,MST-int,LTR,ERVL-MaLR,257,98,317,76,199,213,128,152,263,163
414,UCON12A,Unknown,Unknown,0,0,0,0,0,0,0,0,0,0
415,UCON31,Unknown,Unknown,4,16,12,0,0,0,12,0,0,0
416,UCON51,LTR?,LTR?,0,16,0,0,0,0,0,12,0,0
417,CR1-16_AMi,LINE,CR1,67,43,32,32,100,96,39,80,72,36
418,L4_A_Mam,LINE,RTE-X,1272,1311,2249,1465,1336,2458,1227,1155,860,1036
419,HERVH-int,LTR,ERV1,6987,4867,6054,5662,6025,6410,4469,4503,3296,3462
420,AluSg4,SINE,Alu,961,819,838,935,1124,1200,991,979,766,754
421,LTR23-int,LTR,ERV1,76,12,30,12,52,76,12,16,24,0
422,LTR88c,LTR,Gypsy?,77,47,68,49,8,85,63,24,0,53
423,MamTip1,DNA,hAT-Tip100,159,116,130,92,184,188,151,88,187,76
424,UCON48,Unknown,Unknown,0,4,24,0,12,4,0,8,12,0
425,MamTip3,DNA,hAT-Tip100,64,43,98,99,81,128,170,99,52,140
426,MamTip2,DNA,hAT-Tip100,1202,945,1633,978,1478,1857,1225,1381,1312,987
427,THE1C,LTR,ERVL-MaLR,1380,1181,2045,1235,1190,1804,1287,1256,1226,1288
428,THE1B,LTR,ERVL-MaLR,2643,2508,4308,2962,2789,4038,2709,2770,2209,2241
429,THE1A,LTR,ERVL-MaLR,1329,996,1629,994,1402,1582,1328,1172,1549,1103
430,UCON46,Unknown,Unknown,0,0,16,11,0,0,0,0,12,0
431,UCON41,Unknown,Unknown,0,0,0,12,4,0,0,4,0,0
432,UCON40,Unknown,Unknown,67,151,287,107,146,233,228,91,24,74
433,UCON43,Unknown,Unknown,12,0,15,0,0,0,4,0,16,0
434,MER84,LTR,ERV1,237,83,175,199,161,158,139,48,128,107
435,MER4CL34,LTR,ERV1,79,40,121,99,152,156,183,96,133,76
436,LTR1,LTR,ERV1,24,32,44,42,63,53,13,28,100,44
437,MamRep1161,DNA,TcMar-Tigger,0,0,8,4,0,0,8,0,0,0
438,HERV1_I-int,LTR,ERV1,83,31,100,26,28,172,36,68,58,51
439,LTR53B,LTR,ERVL,24,3,28,15,44,31,4,24,32,0
440,UCON68,Unknown,Unknown,0,0,0,0,0,0,0,0,0,0
441,Eulor2A,DNA?,DNA?,12,20,36,19,12,0,28,16,0,4
442,Eulor2B,DNA?,DNA?,35,24,12,36,12,100,76,47,0,36
443,Eulor2C,DNA?,DNA?,0,4,0,0,0,8,0,0,0,0
444,L1M4c,LINE,L1,1945,2171,6569,2679,2398,2736,1926,1570,729,1532
445,L1M4b,LINE,L1,1778,1016,1913,1100,1339,1908,1277,1178,658,780
446,LTR109A2,LTR,ERV1,0,0,0,0,0,0,0,0,0,0
447,Plat_L3,LINE,CR1,632,768,1378,653,1073,1146,863,882,619,760
448,tRNA-Pro-CCA,tRNA,tRNA,0,0,0,0,0,0,0,0,0,0
449,tRNA-Pro-CCG,tRNA,tRNA,0,0,0,0,0,0,0,0,0,0
450,X6A_LINE,LINE,CR1,690,474,405,418,598,636,482,473,1005,435
451,LTR06,LTR,ERV1,0,4,0,24,27,49,16,44,8,20
452,MER101,LTR,ERV1,12,22,30,67,52,89,20,76,63,8
453,HERVL32-int,LTR,ERVL,0,4,10,0,0,52,8,4,12,16
454,L1PREC2,LINE,L1,2929,2526,3786,2448,3334,3793,2408,2404,1904,2046
455,MamGypLTR2b,LTR,Gypsy,32,20,40,44,30,63,52,68,103,80
456,MER105,DNA,hAT-Charlie,210,157,362,244,291,442,184,281,212,183
457,MER104,DNA,TcMar-Tc2,681,538,1038,577,593,1103,710,572,441,629
458,MamGypLTR3a,LTR,Gypsy,175,96,144,128,107,147,108,114,122,69
459,MER67B,LTR,ERV1,100,105,205,56,155,181,184,118,119,126
460,U13_,snRNA,snRNA,68,49,119,50,53,164,80,93,32,119
461,tRNA-His-CAY_,tRNA,tRNA,23,6,12,46,13,11,13,1,46,1
462,HERVK-int,LTR,ERVK,167,195,257,158,228,308,178,124,79,78
463,AluYf1,SINE,Alu,173,131,160,239,254,288,225,210,142,162
464,AluSx4,SINE,Alu,1705,1310,1851,1265,1810,2041,1432,1591,1515,1562
465,LTR38A1,LTR,ERV1,0,28,8,4,4,28,4,4,44,0
466,AluSx1,SINE,Alu,16345,12779,16376,11781,15936,18362,14730,14302,12483,11371
467,AluSx3,SINE,Alu,5590,4058,4761,4163,4810,5984,5074,4950,4182,3945
468,L1HS,LINE,L1,396,432,710,415,464,742,437,441,333,470
469,L5,LINE,RTE-X,127,152,299,167,154,210,161,163,118,156
470,MER21C,LTR,ERVL,2296,2263,3517,2544,2676,3778,2444,2444,1957,1833
471,MER21B,LTR,ERVL,1694,1451,2229,1448,1402,2057,1379,1658,1575,1121
472,MER21A,LTR,ERVL,956,640,1102,651,1028,1258,982,922,982,666
473,tRNA-Ser-TCG,tRNA,tRNA,0,0,0,0,0,0,0,0,0,0
474,L2,LINE,L2,20999,18931,29432,19953,20973,32014,20018,20622,18536,18235
475,MIR3,SINE,MIR,25659,20348,32711,19784,26303,29155,22948,23891,19377,19818
476,L3,LINE,CR1,19313,14693,23144,14366,17342,23028,16959,17010,15538,15047
477,Charlie21a,DNA,hAT-Charlie,950,470,756,367,620,665,516,510,402,508
478,ERV24B_Prim-int,LTR,ERV1,12,44,125,72,111,138,60,84,98,90
479,Chompy-6_Croc,DNA,PIF-Harbinger,0,0,0,0,0,0,0,0,0,0
480,MER68-int,LTR,ERVL,87,84,216,59,144,161,78,72,46,96
481,L1M2a1,LINE,L1,51,0,24,4,16,16,32,4,0,32
482,MER88,LTR,ERVL,11,8,48,16,8,48,28,20,0,63
483,LTR75_1,LTR,ERV1,0,31,40,53,16,26,0,15,87,28
484,MER57E1,LTR,ERV1,76,60,104,36,71,123,50,81,55,28
485,MER4A1_,LTR,ERV1,219,165,306,146,237,284,197,354,200,263
486,MER57E3,LTR,ERV1,130,100,185,101,193,332,259,306,125,208
487,HERVK14-int,LTR,ERVK,146,154,261,124,199,242,130,163,56,78
488,GSATX,Satellite,centr,12,4,4,20,8,12,4,21,0,0
489,tRNA-Ser-TCA,tRNA,tRNA,0,0,0,0,0,0,0,0,0,0
490,MER85,DNA,PiggyBac,211,197,257,182,300,293,275,309,168,263
491,LTR16A2,LTR,ERVL,176,134,299,182,212,279,279,187,242,196
492,LTR16A1,LTR,ERVL,349,405,618,451,448,648,386,608,490,387
493,LTR19-int,LTR,ERV1,164,80,218,131,161,236,188,136,110,147
494,LTR71A,LTR,ERV1,83,39,100,60,73,111,43,72,112,88
495,LTR71B,LTR,ERV1,98,72,108,60,92,124,21,80,87,98
496,Charlie9,DNA,hAT-Charlie,489,494,622,416,704,465,579,461,369,258
497,MLT1J-int,LTR,ERVL-MaLR,253,136,313,182,309,504,262,200,122,140
498,MER61C,LTR,ERV1,65,28,88,79,28,110,40,80,18,32
499,MER61B,LTR,ERV1,91,60,140,103,75,80,84,72,79,52
500,MER61A,LTR,ERV1,71,67,136,95,28,86,72,95,77,63
501,Tigger5b,DNA,TcMar-Tigger,584,574,933,575,873,923,780,806,591,421
502,MER61F,LTR,ERV1,4,75,56,68,60,65,12,27,16,16
503,MER61E,LTR,ERV1,133,215,503,223,171,306,212,216,144,179
504,MER61D,LTR,ERV1,53,90,73,103,24,24,36,29,72,106
505,MER136,DNA,DNA,0,4,4,0,4,0,0,0,15,12
506,MER75,DNA,PiggyBac,151,140,180,92,171,278,140,129,63,141
507,MER76,LTR,ERVL,45,41,104,73,87,158,114,117,94,111
508,MER77,LTR,ERVL,912,696,786,761,727,967,763,791,820,447
509,MER72,LTR,ERV1,113,214,240,79,155,201,102,102,321,110
510,MER73,LTR,ERVL,0,16,88,69,22,62,32,40,26,40
511,L1MC5a,LINE,L1,7369,6857,11471,6951,7546,11463,8678,7656,4600,6157
512,UCON33,DNA,TcMar-Tigger,16,16,66,0,4,44,8,8,0,12
513,Helitron1Na_Mam,RC,Helitron,97,36,68,72,27,88,28,16,12,16
514,LTR12C,LTR,ERV1,1015,888,1269,732,829,1194,821,889,1091,947
515,LTR12B,LTR,ERV1,25,32,81,29,3,15,43,81,47,41
516,MER61-int,LTR,ERV1,203,364,568,321,308,497,324,301,244,255
517,tRNA-Ile-ATA,tRNA,tRNA,32,24,32,12,8,28,20,0,66,27
518,LTR12F,LTR,ERV1,110,64,152,99,111,112,78,126,95,42
519,LTR12E,LTR,ERV1,118,102,170,129,88,165,91,112,82,68
520,LTR12D,LTR,ERV1,29,73,94,113,68,110,50,145,114,81
521,tRNA-Met,tRNA,tRNA,24,12,20,31,32,4,36,28,0,4
522,HERV30-int,LTR,ERV1,1,16,41,28,44,51,8,16,2,8
523,tRNA-Ser-TCY,tRNA,tRNA,0,8,0,0,0,0,0,12,0,0
524,U13,snRNA,snRNA,52,44,125,54,101,62,44,84,161,84
525,LTR47A2,LTR,ERVL,177,75,111,64,166,124,96,188,56,78
526,LTR40a,LTR,ERVL,216,254,521,255,445,475,217,339,380,419
527,LTR40b,LTR,ERVL,266,145,389,202,363,469,258,340,232,328
528,LTR33A_,LTR,ERVL,220,200,170,152,287,348,192,156,136,168
529,LTR12_,LTR,ERV1,127,69,140,97,49,111,92,105,68,54
530,UCON96,Unknown,Unknown,0,0,0,24,0,0,0,0,0,0
531,MLT1M-int,LTR,ERVL-MaLR,0,0,0,0,0,0,0,0,0,0
532,Eulor9A,DNA,DNA,16,48,56,40,52,72,72,0,0,24
533,MamGypsy2-LTR,LTR,Gypsy,48,56,118,156,72,76,43,100,0,84
534,Eulor9C,DNA,DNA,0,0,19,31,4,10,0,0,0,0
535,Eulor9B,DNA,DNA,0,0,0,16,0,16,36,12,0,0
536,tRNA-Met-i,tRNA,tRNA,0,0,0,8,0,31,0,0,0,0
537,MER123,DNA?,DNA?,0,0,28,12,12,23,20,8,0,0
538,BSR_Beta,Satellite,Satellite,240,275,270,141,411,393,324,250,288,120
539,LTR2,LTR,ERV1,117,171,439,258,347,332,295,223,369,191
540,MER2,DNA,TcMar-Tigger,3428,3182,4963,2960,3528,5295,3770,3719,2324,3025
541,MER3,DNA,hAT-Charlie,3367,2348,3651,2479,3277,3772,2914,2869,1870,2699
542,Arthur1C,DNA,hAT-Tip100,89,135,76,92,99,150,143,48,167,134
543,HERVL74-int,LTR,ERVL,256,227,248,143,207,199,238,366,265,216
544,Arthur1A,DNA,hAT-Tip100,351,159,274,213,308,212,193,277,171,111
545,HERV1_LTRa,LTR,ERV1,4,29,0,8,48,8,36,8,19,11
546,HERV1_LTRc,LTR,ERV1,28,33,0,8,4,25,4,32,0,8
547,HERV1_LTRb,LTR,ERV1,3,17,47,0,0,16,0,0,4,4
548,HERV1_LTRe,LTR,ERV1,12,0,0,0,56,0,0,0,0,0
549,HERV1_LTRd,LTR,ERV1,0,32,17,12,0,0,36,27,12,7
550,MER4-int,LTR,ERV1,738,565,1073,704,753,1062,1014,691,594,810
551,Tigger4b,DNA,TcMar-Tigger,1442,1201,2444,1265,1788,2022,1495,1594,725,1168
552,MER106B,DNA,hAT-Charlie,385,209,484,232,148,383,220,283,261,180
553,MER106A,DNA,hAT-Charlie,203,110,293,175,140,224,268,244,168,237
554,MamGypLTR1a,LTR,Gypsy,63,56,83,25,60,70,34,76,67,72
555,L1M3de,LINE,L1,116,67,102,82,104,183,87,87,95,92
556,MamGypLTR1b,LTR,Gypsy,1563,852,609,625,1245,1193,1272,1271,604,1024
557,MamGypLTR1d,LTR,Gypsy,24,119,132,7,96,155,24,40,29,52
558,L1PA15-16,LINE,L1,262,193,398,280,321,409,250,208,255,150
559,MER44D,DNA,TcMar-Tigger,221,107,298,272,321,384,223,199,136,349
560,MER113,DNA,hAT-Charlie,737,679,1145,572,1008,1217,686,597,776,606
561,tRNA-Val-GTY,tRNA,tRNA,0,0,0,0,0,4,0,0,4,5
562,LTR3B_,LTR,ERVK,52,82,48,32,140,87,104,67,31,36
563,MER65C,LTR,ERV1,873,808,1187,831,1087,934,903,745,767,541
564,HERV-Fc2_LTR,LTR,ERV1,0,0,0,0,0,0,0,0,0,0
565,MER41A,LTR,ERV1,364,338,576,424,465,619,371,375,271,301
566,MER66-int,LTR,ERV1,291,168,311,302,224,295,248,175,243,120
567,TAR1,Satellite,telo,0,17,16,9,10,30,4,2,3,4
568,Tigger16b,DNA,TcMar-Tigger,804,557,1077,651,716,879,758,833,488,646
569,MER74C,LTR,ERVL,12,8,44,40,32,15,4,0,0,0
570,UCON84,Unknown,Unknown,0,0,20,0,0,12,0,3,44,0
571,MLT2A1,LTR,ERVL,433,405,709,462,414,765,326,402,531,332
572,U4,snRNA,snRNA,115,43,179,79,184,90,107,103,287,47
573,MLT1E-int,LTR,ERVL-MaLR,0,0,0,0,0,0,0,0,0,0
574,MER74B,LTR,ERVL,198,236,312,167,188,364,236,318,160,163
575,L2-1_Crp,LINE,L2,4,23,32,28,12,51,62,20,36,0
576,MLT2A2,LTR,ERVL,422,383,742,630,500,722,404,438,480,387
577,Arthur1B,DNA,hAT-Tip100,235,231,406,248,318,306,303,134,186,229
578,PRIMA4-int,LTR,ERV1,425,239,480,220,378,496,385,274,292,188
579,THE1D-int,LTR,ERVL-MaLR,663,687,1236,843,608,1421,589,760,781,720
580,Mam_R4,LINE,Dong-R4,90,49,71,94,76,221,46,56,63,93
581,MLT1G1,LTR,ERVL-MaLR,1247,865,1113,610,877,903,717,770,812,590
582,MLT1G3,LTR,ERVL-MaLR,367,433,687,486,663,444,371,323,566,385
583,Charlie25,DNA,hAT-Charlie,183,111,274,135,219,341,116,110,76,34
584,Charlie24,DNA,hAT-Charlie,270,260,510,355,300,328,361,303,149,313
585,LTR6B,LTR,ERV1,244,259,250,170,322,202,240,377,177,164
586,UCON72,Unknown,Unknown,0,0,8,12,4,8,0,0,0,0
587,tRNA-SeC_e_-TGA,tRNA,tRNA,0,0,0,0,0,0,0,0,0,0
588,MLT1H-int,LTR,ERVL-MaLR,359,142,441,262,257,357,180,166,134,152
589,LOR1a,LTR,ERV1,463,387,895,664,434,636,360,411,585,443
590,Arthur1,DNA,hAT-Tip100,167,191,361,209,335,369,221,260,106,81
591,MLT1J1-int,LTR,ERVL-MaLR,179,38,95,80,87,226,112,56,67,99
592,LOR1b,LTR,ERV1,109,102,239,80,99,133,69,127,145,91
593,LTR10B1,LTR,ERV1,8,60,136,149,73,179,76,112,72,66
594,LTR10B2,LTR,ERV1,12,4,36,36,36,24,16,32,16,23
595,LTR108c_Mam,LTR,ERVL,0,0,4,16,0,0,0,0,0,8
596,MLT1K-int,LTR,ERVL-MaLR,32,12,26,20,8,20,8,20,94,28
597,MIRb,SINE,MIR,51205,43960,72511,43836,52857,66664,46217,48044,42782,42212
598,Charlie13a,DNA,hAT-Charlie,63,92,225,167,126,181,155,199,104,76
599,Charlie13b,DNA,hAT-Charlie,111,137,179,71,192,251,151,112,25,72
600,UCON132b,DNA,hAT-Tip100,89,62,126,126,121,167,90,85,48,25
601,MER63B,DNA,hAT-Blackjack,468,328,753,402,470,714,454,299,205,451
602,LTR39,LTR,ERV1,891,542,3204,653,667,522,485,473,875,392
603,UCON78,DNA,DNA,75,24,84,52,35,12,68,56,36,44
604,AluYj4,SINE,Alu,245,288,395,276,373,340,218,272,307,265
605,MER66D,LTR,ERV1,28,27,19,4,12,8,24,4,72,0
606,LTR107_Mam,LTR,LTR,60,28,79,16,16,44,24,27,0,16
607,MER66C,LTR,ERV1,43,88,214,47,93,178,68,103,82,46
608,MER91B,DNA,hAT-Tip100,306,301,271,226,320,419,259,346,364,282
609,MER66A,LTR,ERV1,50,54,107,100,100,64,39,80,89,35
610,Charlie2a,DNA,hAT-Charlie,847,522,888,505,702,965,689,536,344,677
611,Charlie2b,DNA,hAT-Charlie,887,672,1377,753,756,1251,889,803,503,666
612,L1MA8,LINE,L1,1836,2156,4335,2349,2429,4062,2678,2544,1530,2079
613,MER50B,LTR,ERV1,102,64,146,35,32,130,32,76,117,67
614,MIRc,SINE,MIR,23680,20179,33425,20257,23850,30170,22843,22315,18789,19767
615,tRNA-Lys-AAA,tRNA,tRNA,0,4,12,28,12,4,4,4,0,0
616,LTR22C0,LTR,ERVK,20,57,64,66,27,41,44,67,82,16
617,X1_LINE,LINE,CR1,12,12,8,0,15,28,0,0,0,41
618,LTR22C2,LTR,ERVK,0,4,20,0,0,31,18,8,18,12
619,MER46C,DNA,TcMar-Tigger,1487,1289,2359,1402,2104,2027,1771,1598,1036,1268
620,MER31B,LTR,ERV1,277,334,489,195,295,411,250,306,253,268
621,MamRep38,DNA,hAT,351,536,464,204,308,461,267,297,308,355
622,MER31A,LTR,ERV1,364,236,546,297,411,447,435,297,342,360
623,MER107,DNA,hAT-Charlie,32,59,133,53,86,87,60,46,55,48
624,L4_B_Mam,LINE,RTE-X,761,747,1039,591,886,1247,827,581,490,545
625,MER34D,LTR,ERV1,63,20,115,64,12,43,43,40,15,23
626,LTR88b,LTR,Gypsy?,145,90,267,108,115,283,115,124,225,184
627,MamRep1151,LTR?,LTR?,308,232,391,232,296,245,234,187,184,152
628,MER20,DNA,hAT-Charlie,5559,4274,5684,3853,5209,6453,4622,4841,4290,3929
629,LTR30,LTR,ERV1,11,35,96,25,24,25,52,81,1,72
630,LTR7,LTR,ERV1,392,429,462,411,452,515,365,410,352,356
631,LTR16E2,LTR,ERVL,348,343,421,303,319,478,295,400,327,500
632,LTR16E1,LTR,ERVL,421,372,485,440,139,483,358,330,241,168
633,LTR43B,LTR,ERV1,20,45,18,12,14,34,17,18,7,32
634,MER49,LTR,ERV1,613,629,826,451,780,921,627,639,776,734
635,MER48,LTR,ERV1,23,41,96,36,45,59,62,32,52,0
636,PRIMAX-int,LTR,ERV1,4,4,4,24,0,20,0,8,0,4
637,LTR36,LTR,ERV1,219,116,329,142,150,217,148,215,58,80
638,LTR40c,LTR,ERVL,292,136,170,186,180,330,115,197,287,111
639,UCON49,LINE,L2,20,45,76,56,12,60,7,16,79,0
640,UCON105,Unknown,Unknown,96,86,156,123,95,88,80,44,32,119
641,PRIMA4_LTR,LTR,ERV1,103,64,132,60,60,89,83,110,111,86
642,HERVK22-int,LTR,ERVK,987,748,1535,814,949,1371,850,947,857,698
643,tRNA-Arg-CGG,tRNA,tRNA,0,0,0,0,0,0,8,4,0,0
644,Tigger6a,DNA,TcMar-Tigger,325,284,495,420,322,423,319,263,193,213
645,Tigger6b,DNA,TcMar-Tigger,91,4,109,46,113,113,41,68,56,110
646,SVA_F,Retroposon,SVA,208,188,278,163,225,265,265,269,165,164
647,tRNA-Arg-CGA,tRNA,tRNA,0,0,0,0,0,0,0,0,0,0
648,MER52D,LTR,ERV1,136,69,202,136,129,228,89,212,159,90
649,L1MCb,LINE,L1,244,228,389,226,346,386,282,252,140,232
650,L1MCc,LINE,L1,588,547,1021,608,660,1103,678,587,692,557
651,L1PB2,LINE,L1,645,606,923,644,795,1247,625,465,349,535
652,L1MCa,LINE,L1,1240,1304,2619,1352,1296,2449,1435,1414,931,1174
653,L1PB4,LINE,L1,1250,1068,2592,1272,1477,2391,1159,1132,723,1129
654,MER72B,LTR,ERV1,52,28,80,16,12,59,56,32,24,20
655,MER102b,DNA,hAT-Charlie,1600,1387,1897,1231,1607,2252,1612,1605,956,1374
656,MER102c,DNA,hAT-Charlie,1057,931,1441,896,1148,1536,1162,1153,625,891
657,MER102a,DNA,hAT-Charlie,981,787,1224,835,909,1102,776,881,781,855
658,LTR58,LTR,ERV1,0,40,72,24,60,122,68,24,12,16
659,AluYa5,SINE,Alu,140,132,215,144,169,152,119,119,112,136
660,tRNA-Arg-AGG,tRNA,tRNA,0,20,0,4,0,12,0,4,0,12
661,LTR53-int,LTR,ERVL,197,144,186,109,182,159,136,112,109,92
662,AluYa8,SINE,Alu,15,33,30,9,28,35,19,12,75,32
663,LTR55,LTR,ERVL?,72,60,60,75,65,72,28,8,19,44
664,LTR56,LTR,ERV1,210,159,314,159,253,346,313,262,402,80
665,LTR57,LTR,ERVL,26,49,58,49,49,16,85,119,38,55
666,LTR45C,LTR,ERV1,75,70,158,49,76,172,108,106,116,59
667,LTR45B,LTR,ERV1,71,37,63,80,38,130,57,86,75,116
668,LTR52,LTR,ERVL,98,72,279,111,118,158,163,168,102,67
669,LTR53,LTR,ERVL,139,70,159,111,180,183,110,133,130,112
670,MER39,LTR,ERV1,543,339,560,418,542,792,434,609,410,398
671,MER34B-int,LTR,ERV1,254,183,337,156,191,229,277,174,75,190
672,LTR75B,LTR,ERVL,15,18,53,50,44,44,27,31,7,59
673,CR1-12_AMi,LINE,CR1,4,24,51,8,4,87,16,4,56,8
674,CR1_Mam,LINE,CR1,566,471,807,454,596,881,659,520,376,394
675,MER33,DNA,hAT-Charlie,2493,2156,3963,2218,2812,3990,2929,2702,1708,2495
676,MER34,LTR,ERV1,290,186,348,212,282,417,155,169,64,254
677,L1P4d,LINE,L1,2,25,8,1,21,37,16,0,9,0
678,MLT1G3-int,LTR,ERVL-MaLR,123,76,164,107,81,48,84,132,98,83
679,HERVI-int,LTR,ERV1,69,48,138,88,64,95,119,114,68,53
680,Eulor6A,DNA?,DNA?,0,0,0,0,0,0,0,0,0,0
681,Eulor6B,DNA?,DNA?,0,16,0,0,0,4,0,12,0,0
682,L1P4e,LINE,L1,15,20,60,20,36,31,5,19,12,16
683,Eulor6D,DNA?,DNA?,4,0,4,0,16,8,0,0,24,0
684,Eulor6E,DNA?,DNA?,0,0,0,20,16,8,12,12,20,0
685,MER83A-int,LTR,ERV1,47,16,8,0,0,16,16,0,28,4
686,MER44C,DNA,TcMar-Tigger,625,485,1041,613,600,960,608,738,525,479
687,L1MC2,LINE,L1,2183,2015,4227,2012,2094,3805,2265,2138,1591,1828
688,L1MC3,LINE,L1,3188,3403,5921,3481,3919,5557,3709,3458,2595,2754
689,FRAM,SINE,Alu,1237,985,1381,1168,1514,1515,1206,1379,991,1100
690,L1MC1,LINE,L1,6900,6067,10727,6496,6511,9980,6476,6010,5466,6050
691,MLT1M,LTR,ERVL-MaLR,287,287,500,366,352,592,511,285,567,291
692,L1MC4,LINE,L1,10288,9032,17228,10211,11527,18462,12025,11134,7226,9713
693,HERV9-int,LTR,ERV1,168,160,263,168,223,237,135,151,192,231
694,X8_LINE,LINE,CR1,40,58,67,24,84,59,75,23,40,63
695,L2b,LINE,L2,35988,31129,46377,29934,36135,44428,30777,35325,33381,29723
696,L1MB7,LINE,L1,10822,10201,19628,11162,14179,18367,11789,11511,8223,10138
697,LTR81C,LTR,Gypsy,72,52,60,24,20,40,32,36,36,32
698,LTR38-int,LTR,ERV1,0,12,20,12,0,24,0,4,20,0
699,Helitron1Nb_Mam,RC,Helitron,8,23,68,56,52,20,24,44,20,8
700,LTR5A,LTR,ERVK,174,170,342,145,280,190,136,84,123,112
701,LTR5B,LTR,ERVK,387,266,510,161,287,522,352,431,316,268
702,LTR81B,LTR,Gypsy,148,124,116,115,158,114,60,112,54,12
703,BC200,scRNA,scRNA,148,101,25,73,170,156,81,135,59,65
704,L4_C_Mam,LINE,RTE-X,1147,692,1936,1016,920,1852,909,913,467,836
705,LTR81A,LTR,Gypsy,79,40,136,64,71,91,76,68,114,40
706,LTR28B,LTR,ERV1,123,72,15,30,72,190,88,60,84,96
707,LTR28C,LTR,ERV1,84,96,203,122,88,253,111,72,128,124
708,LTR104_Mam,LTR,Gypsy,245,249,435,217,226,230,205,100,301,108
709,Tigger17,DNA,TcMar-Tigger,16,68,16,24,24,40,16,20,4,27
710,Tigger10,DNA,TcMar-Tigger,840,778,1297,837,941,1311,1027,967,992,828
711,MLT1F2-int,LTR,ERVL-MaLR,35,78,78,19,67,54,41,52,33,55
712,Tigger12,DNA,TcMar-Tigger,449,413,762,402,451,620,437,428,266,347
713,MER4E,LTR,ERV1,137,209,242,189,309,347,245,230,99,158
714,MER4D,LTR,ERV1,288,304,327,366,371,394,418,354,174,250
715,tRNA-Ser-TCA_,tRNA,tRNA,0,0,0,0,4,0,0,0,0,0
716,MER4A,LTR,ERV1,333,231,300,290,221,426,348,434,495,269
717,MLT1E,LTR,ERVL-MaLR,162,107,191,128,186,136,162,117,116,92
718,MER4C,LTR,ERV1,89,152,162,128,92,201,131,166,119,83
719,MER4B,LTR,ERV1,1394,718,1060,893,877,1161,1015,806,803,962
720,MSTA-int,LTR,ERVL-MaLR,1371,1002,2044,1599,1497,1762,1038,1218,1306,1033
721,MLT1J2-int,LTR,ERVL-MaLR,68,104,84,49,44,95,27,64,171,56
722,MLT1D-int,LTR,ERVL-MaLR,1234,1063,1496,1066,1186,1806,1541,1281,984,1379
723,HERV-Fc1_LTR1,LTR,ERV1,0,0,0,0,1,0,0,0,0,0
724,HERV-Fc1_LTR2,LTR,ERV1,0,0,0,0,0,0,0,0,0,0
725,HERV-Fc1_LTR3,LTR,ERV1,0,0,0,0,3,0,0,0,0,0
726,LTR50,LTR,ERVL,606,549,1119,568,646,877,706,641,596,669
727,MER6,DNA,TcMar-Tigger,391,249,484,324,482,497,290,263,130,268
728,LTR80A,LTR,ERVL,0,44,61,20,16,88,27,51,20,36
729,LTR80B,LTR,ERVL,0,48,92,44,42,45,55,51,50,20
730,HAL1,LINE,L1,8287,7521,12704,7276,9236,13323,8959,7750,4508,6763
731,Chompy-7_Croc,DNA,PIF-Harbinger,0,0,0,0,0,0,0,0,0,0
732,HERV9NC-int,LTR,ERV1,118,92,202,173,214,319,165,150,195,128
733,MLT2D,LTR,ERVL,709,812,1033,730,919,799,581,630,761,844
734,MLT2E,LTR,ERVL,27,64,36,55,30,54,20,52,104,16
735,GSAT,Satellite,centr,0,0,0,0,0,0,0,4,0,0
736,MER34A,LTR,ERV1,175,185,339,194,180,322,177,151,200,208
737,HUERS-P1-int,LTR,ERV1,138,95,146,133,104,229,54,184,118,173
738,MER34C,LTR,ERV1,48,16,80,52,67,24,32,16,12,52
739,MER34B,LTR,ERV1,333,207,350,242,346,251,319,144,180,187
740,Ricksha_0,DNA,MULE-MuDR,170,128,88,52,120,102,67,72,50,88
741,ORSL-2b,DNA,hAT-Tip100,179,115,195,91,171,317,119,148,92,104
742,DNA1_Mam,DNA,TcMar,32,12,28,4,52,44,16,44,0,44
743,PrimLTR79,LTR,ERV1,77,76,104,14,26,78,33,84,47,52
744,LTR57-int,LTR,ERVL,40,28,116,43,20,111,96,95,44,0
745,LTR8B,LTR,ERV1,330,399,844,397,470,554,371,436,285,410
746,LTR8A,LTR,ERV1,753,634,907,605,784,874,640,702,507,633
747,Tigger12A,DNA,TcMar-Tigger,225,195,276,206,306,265,156,201,116,162
748,L1ME4a,LINE,L1,8415,7258,13610,7637,9874,12755,9788,7951,4984,6713
749,UCON9,Unknown,Unknown,0,0,4,0,0,0,0,0,0,4
750,L1ME4c,LINE,L1,2727,2379,4686,2257,2901,4591,2944,2293,1334,2332
751,L1ME4b,LINE,L1,8624,7020,13818,7845,9629,11919,8388,7422,5935,7261
752,LTR89,LTR,ERVL?,314,121,335,162,256,247,121,185,79,180
753,LTR14A,LTR,ERVK,20,16,32,11,35,22,20,50,8,4
754,LTR87,LTR,ERVL?,298,245,565,257,352,404,361,349,300,253
755,UCON1,Unknown,Unknown,0,0,8,8,11,0,0,0,28,0
756,UCON2,DNA?,DNA?,59,60,31,24,62,98,68,52,19,27
757,ORSL-2a,DNA,hAT-Tip100,92,51,211,80,112,116,97,40,42,71
758,LTR83,LTR,ERVL,15,40,172,84,72,251,40,86,76,88
759,UCON5,Unknown,Unknown,8,0,12,8,20,8,16,0,12,12
760,LTR81,LTR,Gypsy,0,12,16,52,0,16,8,43,46,0
761,UCON7,DNA?,DNA?,0,0,20,0,8,0,0,0,0,28
762,MER121B,DNA,hAT?,0,0,0,0,4,4,0,0,0,0
763,MER65D,LTR,ERV1,64,91,80,71,44,102,96,32,91,25
764,MER124,DNA?,DNA?,363,302,332,182,336,250,250,271,75,224
765,MER57-int,LTR,ERV1,297,230,480,311,289,483,280,263,229,324
766,UCON93,Unknown,Unknown,0,0,0,12,0,0,0,0,0,0
767,Charlie17a,DNA,hAT-Charlie,236,196,344,174,295,369,300,247,321,132
768,Charlie17b,DNA,hAT-Charlie,84,52,37,44,73,94,75,48,36,96
769,HUERS-P3-int,LTR,ERV1,1358,962,1918,1034,1154,1669,1357,1717,1158,1289
770,MER34-int,LTR,ERV1,543,510,611,382,832,1153,1080,1077,487,627
771,UCON79,DNA?,DNA?,15,0,0,0,0,12,0,0,0,0
772,UCON61,Unknown,Unknown,0,0,0,0,0,0,0,0,0,0
773,Eulor8,DNA,TcMar?,0,4,8,8,0,8,4,0,0,0
774,UCON70,Unknown,Unknown,111,79,132,66,95,51,91,71,8,128
775,Eulor4,Unknown,Unknown,0,0,0,0,0,0,0,0,0,0
776,7SK,RNA,RNA,76794,42979,50063,49558,73267,46793,47929,47096,131294,50515
777,UCON73,Unknown,Unknown,63,39,36,51,148,79,77,39,0,43
778,L1P,LINE,L1,1,10,25,2,12,25,2,10,1,6
779,UCON75,Unknown,Unknown,0,0,0,0,0,0,0,0,0,0
780,Eulor3,DNA?,DNA?,0,0,0,0,0,0,0,0,0,0
781,UCON77,Unknown,Unknown,0,0,0,8,4,0,0,0,0,0
782,LTR25-int,LTR,ERV1,765,492,923,535,905,583,613,672,674,601
783,L1M,LINE,L1,195,144,233,79,159,149,84,96,42,132
784,Zaphod,DNA,hAT-Tip100,173,133,298,118,148,319,157,129,90,152
785,Tigger18a,DNA,TcMar-Tigger,486,380,757,253,422,858,449,447,236,463
786,tRNA-Arg-CGY_,tRNA,tRNA,0,6,18,0,4,5,0,8,8,1
787,Tigger3,DNA,TcMar-Tigger,297,297,578,273,383,683,436,261,239,353
788,MLT1I-int,LTR,ERVL-MaLR,78,108,215,96,68,108,112,35,20,55
789,MER4B-int,LTR,ERV1,228,168,257,236,305,348,240,116,227,152
790,LTR106_Mam,LTR,LTR,54,102,107,35,82,77,58,25,27,36
791,X6B_LINE,LINE,CR1,508,351,433,218,312,447,395,333,306,263
792,MLT1A-int,LTR,ERVL-MaLR,316,199,300,127,246,296,347,246,183,220
793,tRNA-Ile-ATC,tRNA,tRNA,0,0,0,0,0,0,0,0,0,0
794,Eulor11,DNA,DNA,24,0,0,0,28,40,16,0,31,0
795,Eulor10,DNA?,DNA?,0,0,0,8,8,0,0,0,0,0
796,Eulor12,DNA?,DNA?,0,0,0,0,4,0,20,0,31,0
797,MamGypLTR1c,LTR,Gypsy,52,75,173,200,69,235,107,99,80,88
798,LTR48B,LTR,ERV1,951,465,657,587,781,491,522,545,504,485
799,Tigger4,DNA,TcMar-Tigger,597,626,1045,581,602,1158,577,484,410,440
800,tRNA-Ile-ATT,tRNA,tRNA,0,58,32,72,14,42,42,52,60,48
801,AluYe5,SINE,Alu,152,109,222,114,206,89,128,101,110,80
802,AluYe6,SINE,Alu,29,50,39,22,46,42,41,47,41,26
803,LTR13,LTR,ERVK,1505,778,948,644,890,857,833,771,479,591
804,LTR14,LTR,ERVK,30,43,27,32,71,41,24,55,0,6
805,LTR15,LTR,ERV1,122,260,155,168,237,273,423,263,119,236
806,LTR16,LTR,ERVL,248,306,557,331,439,350,239,295,218,307
807,LTR17,LTR,ERV1,330,139,417,229,287,374,267,265,431,368
808,tRNA-Leu-CTA_,tRNA,tRNA,0,0,0,0,0,0,0,0,0,0
809,MER5A1,DNA,hAT-Charlie,2215,2104,3395,2326,2598,3649,2500,2596,2359,2003
810,LTR78B,LTR,ERV1,329,190,433,270,387,379,275,356,262,196
811,MER97d,DNA,hAT-Tip100,102,32,20,64,40,48,56,52,24,35
812,MLT1I,LTR,ERVL-MaLR,1522,1274,2496,1309,1336,1750,1134,1399,1621,1368
813,MER9B,LTR,ERVK,8,8,0,16,30,0,12,16,0,0
814,LTR51,LTR,ERV1,27,12,100,76,56,72,32,95,48,89
815,X7C_LINE,LINE,CR1,179,211,174,55,92,244,88,84,153,104
816,Merlin1_HS,DNA,Merlin,16,31,20,38,74,39,28,28,4,32
817,LTR40A1,LTR,ERVL,80,108,133,75,79,180,148,152,56,118
818,LTR41C,LTR,ERVL,244,204,236,142,203,275,195,170,271,87
819,LTR41B,LTR,ERVL,869,640,642,402,671,874,727,867,578,654
820,Kanga2_a,DNA,TcMar-Tc2,600,527,998,617,747,1323,636,550,676,507
821,LTR29,LTR,ERV1,324,76,259,105,176,113,112,109,35,139
822,LTR14C,LTR,ERVK,20,5,51,2,0,12,0,12,0,16
823,LTR14B,LTR,ERVK,85,65,168,80,102,113,110,60,100,45
824,LTR22B2,LTR,ERVK,16,0,0,0,0,0,0,0,16,0
825,MER101B,LTR,ERV1,52,28,48,63,20,16,32,40,23,8
826,MSTB1,LTR,ERVL-MaLR,744,683,1395,788,789,1219,877,973,875,756
827,LTR103b_Mam,LTR,ERV1?,71,40,20,32,51,72,68,58,27,48
828,AluYk11,SINE,Alu,97,58,94,83,95,97,103,118,65,108
829,AluYk12,SINE,Alu,19,30,19,13,54,23,20,18,14,31
830,LTR33B,LTR,ERVL,257,150,248,180,157,224,223,67,111,98
831,HERVE_a-int,LTR,ERV1,18,19,89,86,40,49,50,89,32,111
832,LTR33A,LTR,ERVL,213,273,357,248,282,276,173,209,140,170
833,U14,snRNA,snRNA,43,28,27,16,79,140,140,119,148,118
834,LTR105_Mam,LTR,ERVL,16,113,98,48,127,95,36,36,90,83
835,Tigger19b,DNA,TcMar-Tigger,1764,1225,1903,1174,1655,1922,1768,1578,1139,1254
836,Helitron3Na_Mam,RC,Helitron,294,210,439,315,282,363,223,232,241,379
837,L1PA2,LINE,L1,610,585,1022,687,678,1066,594,654,548,554
838,L1PA5,LINE,L1,2392,2154,3742,2461,2598,3748,1963,2247,1790,2054
839,L1PA4,LINE,L1,1559,1441,2719,1696,1621,2838,1630,1566,1597,1575
840,L1PA7,LINE,L1,5274,4961,8720,4954,5506,8370,4813,4768,3982,4422
841,L1PA6,LINE,L1,15853,14413,16348,15436,14970,14080,13236,15948,11929,14758
842,L1PA8,LINE,L1,1946,1810,2918,2198,1972,3492,1839,1654,1341,1604
843,MER90,LTR,ERV1,169,99,208,135,162,211,235,156,193,120
844,L1P4c,LINE,L1,0,0,0,0,0,0,0,0,0,0
845,MER94,DNA,hAT-Blackjack,881,811,1394,655,939,1270,764,856,866,599
846,MER11A,LTR,ERVK,288,251,509,290,346,427,280,234,135,168
847,LTR65,LTR,ERV1,71,182,260,117,201,117,110,186,158,110
848,LTR64,LTR,ERV1,146,147,75,88,112,164,64,101,116,100
849,LTR1B,LTR,ERV1,351,388,263,266,378,495,451,348,570,310
850,LTR1C,LTR,ERV1,0,8,0,19,0,0,12,4,0,0
851,LTR1D,LTR,ERV1,127,119,167,78,109,134,79,48,73,120
852,LTR1E,LTR,ERV1,88,32,79,96,59,112,48,87,12,64
853,LTR1F,LTR,ERV1,8,11,32,24,20,104,36,44,4,8
854,LTR62,LTR,ERVL,49,39,98,27,64,79,89,66,109,84
855,MER41B,LTR,ERV1,422,198,635,316,370,680,350,367,259,293
856,MER5B,DNA,hAT-Charlie,4388,4287,7108,4093,5687,7323,5134,5437,3678,3960
857,MER67A,LTR,ERV1,118,116,29,132,114,173,60,73,95,124
858,hAT-N1_Mam,DNA,hAT-Tip100?,135,76,234,155,216,177,108,128,88,119
859,LTR69,LTR,ERVL,15,16,36,32,24,16,24,20,36,12
860,LTR68,LTR,ERV1,55,12,20,28,64,45,95,64,7,28
861,MER5C,DNA,hAT-Charlie,259,244,626,185,341,513,344,244,154,140
862,tRNA-His-CAY,tRNA,tRNA,0,0,0,0,0,0,0,0,0,0
863,AluSg,SINE,Alu,5274,3921,4916,3605,5251,6122,4696,5225,4022,4101
864,MER54B,LTR,ERVL,56,52,60,52,52,76,52,44,0,24
865,MER70A,LTR,ERVL,85,47,112,36,72,59,44,68,28,95
866,Tigger17c,DNA,TcMar-Tigger,575,452,446,238,287,585,373,382,324,266
867,LTR10F,LTR,ERV1,53,82,147,105,104,180,53,80,22,49
868,LTR24B,LTR,ERV1,385,197,312,95,141,318,243,248,270,163
869,Eulor7,DNA?,DNA?,0,0,0,0,0,0,0,0,0,0
870,MER97c,DNA,hAT-Tip100,16,0,52,4,20,28,28,44,0,0
871,L1MD3,LINE,L1,1709,1389,2231,1350,1603,2861,1651,1421,1233,1224
872,L1MD2,LINE,L1,3970,2985,5227,3394,3818,5606,3627,3376,2507,2984
873,L1MD1,LINE,L1,2395,1845,3476,1808,2481,3712,2221,2019,1298,2052
874,HERV17-int,LTR,ERV1,609,294,819,438,413,523,319,438,379,298
875,LTR1C1,LTR,ERV1,11,0,12,12,8,8,22,4,16,4
876,LTR1C3,LTR,ERV1,0,0,20,4,0,0,0,0,0,0
877,Eulor1,DNA,DNA,0,0,36,0,0,0,16,0,0,0
878,MER70B,LTR,ERVL,32,20,39,20,15,16,40,8,0,0
879,tRNA-Gly-GGY,tRNA,tRNA,0,4,7,8,1,0,3,4,0,0
880,LTR84a,LTR,ERVL,64,92,211,48,147,125,163,120,136,105
881,LTR84b,LTR,ERVL,137,135,334,128,103,230,119,160,74,131
882,UCON6,Unknown,Unknown,202,139,203,32,205,184,156,175,83,136
883,tRNA-Gly-GGG,tRNA,tRNA,20,1,0,0,0,1,4,4,4,0
884,MLT1G1-int,LTR,ERVL-MaLR,36,44,36,124,20,73,56,12,24,31
885,MER77B,LTR,ERVL,403,312,404,430,236,668,415,461,506,324
886,MER132,DNA,TcMar-Pogo,0,0,4,0,12,0,0,0,0,0
887,Tigger17b,DNA,TcMar-Tigger,39,42,46,55,19,0,4,0,16,16
888,L1ME3A,LINE,L1,5053,4096,7162,4399,5578,7641,5180,4478,3545,4241
889,L1ME3B,LINE,L1,3779,2882,4847,2682,3237,5471,3707,3141,1710,2465
890,L1ME3C,LINE,L1,678,625,1180,737,754,1142,849,651,485,622
891,L1ME3D,LINE,L1,1556,1274,2544,1432,1795,2495,1808,1523,729,1195
892,L1MEf,LINE,L1,3591,3640,6041,3625,5032,6544,4154,3573,2159,3146
893,L1ME3F,LINE,L1,2623,1930,4448,2205,2774,3826,2691,2284,1035,1726
894,L1ME3G,LINE,L1,4945,4208,8467,4941,5122,7409,5140,5088,3384,3826
895,Tigger1a_Art,DNA,TcMar-Tigger,36,28,71,109,49,97,121,20,12,39
896,MER57F,LTR,ERV1,145,43,97,63,76,67,48,53,8,31
897,MER57D,LTR,ERV1,100,59,56,32,36,48,24,40,43,137
898,MER47C,DNA,TcMar-Tigger,278,186,183,264,218,240,230,210,246,334
899,MER47B,DNA,TcMar-Tigger,245,168,294,94,216,224,120,188,219,188
900,MER47A,DNA,TcMar-Tigger,883,890,1717,1016,1237,1749,1157,1160,818,982
901,SVA_D,Retroposon,SVA,333,230,324,199,215,315,215,254,237,200
902,SVA_E,Retroposon,SVA,150,150,187,105,106,234,135,135,123,133
903,D20S16,Satellite,Satellite,4,4,35,23,8,13,2,5,18,7
904,MER30B,DNA,hAT-Charlie,73,50,152,13,72,88,28,60,65,32
905,SVA_A,Retroposon,SVA,414,287,414,319,403,526,296,379,387,320
906,SVA_B,Retroposon,SVA,190,197,204,96,117,227,175,160,141,161
907,FAM,SINE,Alu,847,598,1251,764,937,1156,882,977,825,783
908,MER89-int,LTR,ERV1,107,36,115,75,88,127,73,78,8,20
909,MER90a,LTR,ERV1,454,400,455,335,406,632,455,302,344,398
910,MER97a,DNA,hAT-Tip100,0,4,40,11,8,60,12,0,0,0
911,tRNA-Thr-ACY_,tRNA,tRNA,0,0,0,0,0,4,0,0,0,0
912,MLT1F-int,LTR,ERVL-MaLR,165,224,248,214,264,337,114,124,236,187
913,MER34C_,LTR,ERV1,27,39,122,47,80,48,48,40,8,95
914,Tigger14a,DNA,TcMar-Tigger,315,257,618,290,398,535,400,348,247,244
915,MSTD-int,LTR,ERVL-MaLR,273,231,507,236,328,296,229,239,232,330
916,Charlie22a,DNA,hAT-Charlie,216,286,587,302,313,414,263,358,319,355
917,L1MC4a,LINE,L1,4221,3825,7844,4289,5222,7003,4855,4897,3526,3438
918,Helitron2Na_Mam,RC?,Helitron?,416,248,255,301,304,337,218,346,211,234
919,Ricksha_a,DNA,MULE-MuDR,24,8,36,4,24,48,15,32,27,0
920,LFSINE_Vert,SINE,tRNA,753,872,1129,790,951,1308,945,1341,1430,1024
921,L1MDb,LINE,L1,494,343,321,275,413,606,330,426,373,297
922,L1MDa,LINE,L1,1822,1747,2755,1650,2261,2958,1813,1587,1130,1738
923,UCON38,Unknown,Unknown,27,12,28,2,16,10,12,8,0,24
924,7SLRNA,srpRNA,srpRNA,84698,47145,42489,44842,79129,47378,48416,56010,112585,46800
925,MER6B,DNA,TcMar-Tigger,134,133,318,187,262,350,184,172,159,172
926,LOR1-int,LTR,ERV1,829,654,1631,998,949,1180,711,624,725,756
927,LTR72,LTR,ERV1,28,75,32,23,40,68,48,20,16,39
928,UCON37,Unknown,Unknown,4,20,4,0,16,16,24,0,0,0
929,HERVP71A-int,LTR,ERV1,105,169,422,120,202,206,101,168,160,96
930,L1P3b,LINE,L1,1,25,13,9,8,42,0,4,5,9
931,LTR73,LTR,ERV1,45,37,120,77,46,49,40,55,27,47
932,HERV35I-int,LTR,ERV1,42,92,167,55,68,120,52,142,75,91
933,MER68,LTR,ERVL,869,708,1045,763,1001,1015,669,838,769,627
934,LTR108d_Mam,LTR,ERVL,0,0,16,0,15,0,0,0,0,0
935,MamGypsy2-I,LTR,Gypsy,313,238,412,283,303,356,224,172,154,276
936,tRNA-Tyr-TAT,tRNA,tRNA,0,0,0,0,0,0,0,0,0,0
937,MER110-int,LTR,ERV1,8,12,110,20,35,93,65,41,4,35
938,Tigger2a,DNA,TcMar-Tigger,978,618,1506,827,986,1270,935,884,556,674
939,MLT1C-int,LTR,ERVL-MaLR,266,242,361,282,236,371,219,259,304,262
940,HY1,scRNA,scRNA,230,190,302,200,231,338,168,202,293,165
941,HY3,scRNA,scRNA,144,187,193,127,255,306,266,192,117,299
942,HY4,scRNA,scRNA,120,68,174,100,63,83,96,92,140,87
943,HY5,scRNA,scRNA,84,47,24,70,27,32,8,36,105,0
944,MamRep605,LTR?,LTR?,1226,1246,1640,997,1188,1898,1240,1241,1010,1026
945,tRNA-Thr-ACY,tRNA,tRNA,0,0,0,0,0,12,0,0,32,0
946,MER87,LTR,ERV1,8,55,24,24,0,44,28,5,20,7
947,MER89,LTR,ERV1,236,127,266,219,108,290,164,224,297,153
948,HUERS-P3b-int,LTR,ERV1,356,404,723,482,569,762,478,297,351,277
949,MER133B,DNA?,DNA?,36,0,0,0,19,7,4,0,0,0
950,HERV9N-int,LTR,ERV1,53,99,212,115,87,216,80,200,59,137
951,MER133A,DNA?,DNA?,0,0,32,0,0,0,4,0,0,0
952,Eulor5A,DNA?,DNA?,4,28,48,36,11,7,8,20,4,44
953,5S,rRNA,rRNA,1233,706,778,1558,1282,585,742,511,1313,1052
954,Eulor5B,DNA?,DNA?,0,0,0,0,8,0,0,0,0,0
955,LTR19B,LTR,ERV1,131,86,85,85,77,96,141,81,83,122
956,LTR19C,LTR,ERV1,96,64,96,28,51,59,124,75,51,135
957,LTR19A,LTR,ERV1,394,301,657,235,289,631,543,429,274,299
958,MLT1J2,LTR,ERVL-MaLR,747,877,1480,937,950,1355,804,912,947,851
959,MamRep564,Unknown,Unknown,231,275,309,227,244,298,266,215,27,287
960,UCON28c,Unknown,Unknown,12,0,0,4,0,4,0,0,4,32
961,MLT1J1,LTR,ERVL-MaLR,588,580,899,612,666,905,452,591,665,525
962,UCON34,Unknown,Unknown,163,60,195,73,56,102,100,59,32,67
963,LTR2C,LTR,ERV1,66,53,126,77,53,111,70,40,55,57
964,LTR2B,LTR,ERV1,85,42,96,65,86,89,76,79,118,20
965,HAL1M8,LINE,L1,710,796,1352,770,855,1500,1079,1047,417,820
966,AluYi6,SINE,Alu,47,54,62,24,72,40,59,35,28,60
967,MSR1,Satellite,Satellite,84,114,126,65,139,95,110,81,107,84
968,Tigger8,DNA,TcMar-Tigger,215,258,462,217,336,318,275,227,101,148
969,LTR49-int,LTR,ERV1,430,388,864,558,694,881,461,466,298,554
970,MER31-int,LTR,ERV1,317,177,358,165,302,431,188,226,142,240
971,Tigger1,DNA,TcMar-Tigger,8655,7569,13579,8702,8914,13965,8898,8738,6796,7681
972,tRNA-Ala-GCY_,tRNA,tRNA,0,0,0,0,0,0,0,16,0,11
973,Kanga1d,DNA,TcMar-Tc2,36,199,182,68,104,112,108,36,58,71
974,Tigger2,DNA,TcMar-Tigger,1670,1538,2671,1554,1792,2846,1823,1761,778,1508
975,Kanga1b,DNA,TcMar-Tc2,94,80,111,76,122,144,76,72,80,36
976,Kanga1c,DNA,TcMar-Tc2,76,72,210,132,199,270,109,127,111,55
977,Tigger7,DNA,TcMar-Tigger,1584,1158,1605,1156,1578,2051,1680,1679,947,1168
978,Kanga1a,DNA,TcMar-Tc2,123,106,272,132,158,285,188,137,84,169
979,L1M3b,LINE,L1,58,147,104,13,59,183,92,84,154,100
980,UCON71,Unknown,Unknown,59,12,8,0,0,0,4,0,0,0
981,LTR10A,LTR,ERV1,85,78,119,109,95,162,306,220,122,82
982,tRNA-Asp-GAY,tRNA,tRNA,2,12,24,0,16,8,11,4,0,17
983,LTR10C,LTR,ERV1,296,219,312,159,253,333,204,214,186,199
984,LTR10B,LTR,ERV1,62,23,19,41,28,0,0,31,4,32
985,LTR10E,LTR,ERV1,95,40,84,56,32,118,45,106,9,85
986,LTR10D,LTR,ERV1,20,18,126,70,100,127,51,31,63,61
987,LTR10G,LTR,ERV1,35,16,32,21,1,24,21,20,0,14
988,AluY,SINE,Alu,10311,7571,9408,6269,8859,10577,8821,9014,6416,7515
989,SATR2,Satellite,Satellite,89,68,257,130,118,94,81,83,182,84
990,LTR16D1,LTR,ERVL,106,35,104,76,156,82,53,49,71,60
991,LTR16D2,LTR,ERVL,17,26,62,33,10,24,46,32,65,40
992,L1M3a,LINE,L1,201,102,227,138,163,302,156,291,46,173
993,MER57B1,LTR,ERV1,141,106,223,134,222,289,120,182,154,115
994,UCON85,Unknown,Unknown,0,0,20,8,0,4,0,0,0,0
995,L2-1_AMi,LINE,L2,421,417,609,371,389,578,307,386,301,335
996,MER57B2,LTR,ERV1,161,138,360,163,230,331,208,252,143,191
997,MamSINE1,SINE,tRNA-RTE,3635,2670,3512,2613,3564,3637,3984,3271,2135,2694
998,UCON11,DNA,TcMar-Tigger,0,0,0,0,0,0,4,0,0,11
999,Tigger3a,DNA,TcMar-Tigger,1433,1424,2335,1514,1533,2410,1733,1708,1796,1561
1000,HERVL40-int,LTR,ERVL,579,404,703,421,473,718,331,568,342,515
1001,MER53,DNA,hAT,537,347,696,362,643,887,436,454,380,433
1002,MER50,LTR,ERV1,336,281,426,293,462,356,196,337,321,306
1003,MER52-int,LTR,ERV1,9,23,75,117,44,24,45,30,6,43
1004,UCON76,Unknown,Unknown,0,12,12,0,4,11,8,0,0,0
1005,Penelope1_Vert,LINE,Penelope,432,258,463,302,439,337,273,368,396,318
1006,MER87B,LTR,ERV1,48,70,97,52,50,76,76,16,4,39
1007,MamRep434,DNA,TcMar-Tigger,715,697,1121,605,565,966,753,755,486,616
1008,HERVFH19-int,LTR,ERV1,62,39,109,67,91,73,60,10,28,8
1009,L2-3_Crp,LINE,L2,676,568,848,538,447,945,515,546,503,528
1010,HERVK14C-int,LTR,ERVK,29,36,30,12,8,24,4,12,24,4
1011,HAL1ME,LINE,L1,1533,1078,2785,1708,1814,2645,1711,1652,1108,1250
1012,LTR28,LTR,ERV1,20,32,48,4,16,28,47,32,3,16
1013,MLT1A1-int,LTR,ERVL-MaLR,56,96,202,210,128,320,123,136,213,219
1014,FLAM_C,SINE,Alu,4099,3091,4544,2798,4334,5067,4150,3754,2393,2791
1015,LTR81AB,LTR,Gypsy,40,12,32,16,12,4,16,32,0,16
1016,FLAM_A,SINE,Alu,2418,2074,2826,1670,2227,2900,2345,2489,1725,1870
1017,L1M6B,LINE,L1,304,150,525,164,301,261,188,150,117,239
1018,MER121,DNA,hAT?,40,38,84,87,73,82,34,37,142,63
1019,LTR37B,LTR,ERV1,281,165,528,256,247,446,223,241,188,200
1020,LTR23,LTR,ERV1,55,124,293,163,112,163,109,113,26,86
1021,LTR22,LTR,ERVK,21,12,38,30,36,14,24,16,83,16
1022,LTR25,LTR,ERV1,76,50,40,48,34,159,87,93,46,24
1023,LTR12,LTR,ERV1,116,147,252,126,146,214,141,191,122,59
1024,LTR27,LTR,ERV1,8,16,25,8,16,40,4,24,43,20
1025,LTR26,LTR,ERV1,68,172,108,112,152,132,52,100,202,84
1026,LTR7A,LTR,ERV1,5,12,5,7,20,22,5,23,6,3
1027,tRNA-Thr-ACG_,tRNA,tRNA,0,0,0,0,0,0,0,0,0,0
1028,LTR6A,LTR,ERV1,201,166,169,147,215,163,193,241,130,114
1029,LTR37A,LTR,ERV1,119,84,195,168,216,302,171,127,135,76
1030,L1ME3Cz,LINE,L1,2961,2528,5167,2901,3256,5113,3751,3081,1721,2682
1031,MER92D,LTR,ERV1,39,64,104,27,75,87,32,36,24,0
1032,MER4E1,LTR,ERV1,172,255,316,134,149,260,183,182,106,137
1033,MLT1O,LTR,ERVL-MaLR,789,636,1143,559,705,1092,691,869,857,831
1034,U8,snRNA,snRNA,32,8,32,0,0,16,4,0,0,0
1035,U5,snRNA,snRNA,0,23,39,44,12,43,16,12,0,0
1036,MER125,DNA,DNA,0,0,12,3,0,28,20,12,0,12
1037,U7,snRNA,snRNA,67,48,51,20,39,136,51,20,4,52
1038,HAL1b,LINE,L1,1111,846,1561,754,1041,1511,919,738,519,742
1039,U1,snRNA,snRNA,271,131,267,222,234,205,182,192,301,217
1040,U3,snRNA,snRNA,7125,3786,6353,6818,6632,5954,4929,4763,12536,5874
1041,LTR24,LTR,ERV1,59,63,111,83,195,103,152,120,155,59
1042,MLT2B1,LTR,ERVL,489,303,719,274,311,500,317,452,271,266
1043,MER1A,DNA,hAT-Charlie,1526,802,1767,1165,1141,1722,1207,1247,1277,1019
1044,MER57A1,LTR,ERV1,193,199,276,151,212,275,146,139,82,177
1045,MER127,DNA,TcMar-Tigger,36,20,55,4,60,63,68,54,72,24
1046,MLT1A0-int,LTR,ERVL-MaLR,254,246,362,181,255,384,141,199,178,257
1047,LTR86A1,LTR,ERVL,76,89,180,118,161,280,144,150,98,151
1048,LTR86A2,LTR,ERVL,47,36,77,56,55,30,47,53,28,38
1049,MER126,DNA,DNA,80,76,130,51,13,97,35,37,11,87
1050,tRNA-Arg-CGA_,tRNA,tRNA,0,0,0,0,0,0,0,0,0,0
1051,MER9a1,LTR,ERVK,63,50,107,94,48,62,34,48,43,90
1052,Charlie16a,DNA,hAT-Charlie,685,391,832,351,575,717,562,453,397,498
1053,MER9a3,LTR,ERVK,362,154,269,146,117,309,189,178,299,225
1054,MER63A,DNA,hAT-Blackjack,577,425,783,419,501,588,398,525,627,482
1055,MER63C,DNA,hAT-Blackjack,138,108,233,119,188,112,149,163,68,64
1056,MER51C,LTR,ERV1,91,64,46,60,40,92,35,45,63,32
1057,MER63D,DNA,hAT-Blackjack,421,240,410,311,313,473,291,305,241,228
1058,MLT2C1,LTR,ERVL,316,315,440,253,293,517,406,270,407,355
1059,UCON97,DNA,DNA,0,4,0,0,16,8,0,0,0,0
1060,MLT2B5,LTR,ERVL,46,12,28,35,56,20,4,12,24,4
1061,MLT-int,LTR,ERVL-MaLR,146,81,167,101,144,80,157,100,107,88
1062,MLT2B4,LTR,ERVL,731,417,851,398,587,796,512,467,475,377
1063,AluSq4,SINE,Alu,501,342,391,293,384,678,556,333,359,383
1064,AluSq2,SINE,Alu,7845,6418,8123,5555,7640,9732,7573,7513,5881,6182
1065,MLT1F1-int,LTR,ERVL-MaLR,87,60,135,161,131,122,169,76,76,40
1066,MER94B,DNA,hAT-Blackjack,123,48,107,91,27,166,108,95,126,16
1067,Tigger20a,DNA,TcMar-Tigger,521,480,620,529,370,679,482,398,325,297
1068,U2,snRNA,snRNA,708,352,412,638,556,389,584,357,710,350
1069,Charlie7a,DNA,hAT-Charlie,268,291,619,262,379,554,396,371,84,220
1070,MER45A,DNA,hAT-Tip100,262,378,722,303,435,556,440,379,331,251
1071,UCON15,Unknown,Unknown,0,0,0,0,0,4,0,4,0,0
1072,MLT1E1A-int,LTR,ERVL-MaLR,4,8,56,4,78,16,24,76,0,72
1073,MERX,DNA,TcMar-Tigger,87,31,156,54,94,178,72,67,148,64
1074,HERVIP10B3-int,LTR,ERV1,584,574,932,533,510,801,713,619,537,427
1075,MER34C2,LTR,ERV1,181,100,300,143,165,156,279,167,168,178
1076,Charlie26a,DNA,hAT-Charlie,157,89,197,60,171,203,101,137,68,193
1077,Cheshire,DNA,hAT-Charlie,454,464,888,390,515,763,554,557,282,531
1078,L1ME2,LINE,L1,4172,3925,7024,3924,5055,6636,4328,4245,2872,3459
1079,MER75B,DNA,PiggyBac,0,30,22,11,1,40,21,17,7,11
1080,Charlie30a,DNA,hAT-Charlie,325,430,262,198,542,411,396,532,278,374
1081,LTR7Y,LTR,ERV1,318,194,232,247,267,208,168,182,121,119
1082,MSTD,LTR,ERVL-MaLR,1740,1449,2103,1301,1420,2149,1249,1370,1254,1074
1083,LTR1F2,LTR,ERV1,150,92,164,80,118,107,142,80,86,99
1084,LTR1F1,LTR,ERV1,37,4,20,27,20,64,16,32,31,24
1085,tRNA-Val-GTG,tRNA,tRNA,20,0,1,4,0,2,0,0,0,12
1086,HERVK9-int,LTR,ERVK,481,372,624,455,390,763,445,455,338,575
1087,tRNA-Ser-AGY,tRNA,tRNA,0,0,0,8,0,8,4,4,0,19
1088,HERVIP10F-int,LTR,ERV1,224,263,295,240,291,510,180,205,231,136
1089,HERV3-int,LTR,ERV1,408,264,537,234,295,379,324,251,151,252
1090,U17,snRNA,snRNA,3575,2070,3487,1877,2876,2418,2301,1948,5852,2060
1091,MER92A,LTR,ERV1,0,0,20,12,8,0,20,0,27,11
1092,UCON100,DNA?,DNA?,24,0,4,0,0,0,4,0,0,0
1093,MER70-int,LTR,ERVL,37,77,80,70,78,120,120,164,98,73
1094,CR1-11_Crp,LINE,CR1,0,12,0,12,0,12,4,4,0,4
1095,UCON74,DNA?,DNA?,40,28,51,33,23,115,24,39,43,43
1096,AluJb,SINE,Alu,21970,17461,24948,17178,22882,25748,21208,20840,16216,17130
1097,AluSc5,SINE,Alu,725,585,676,600,720,815,705,785,735,507
1098,SATR1,Satellite,Satellite,2,32,127,36,29,54,28,49,0,8
1099,AluSc8,SINE,Alu,2921,2461,2880,1951,2846,3499,2708,2890,2084,2345
1100,L1PA10,LINE,L1,2422,1721,3560,1936,2062,3086,1954,1934,1291,1645
1101,L1PA13,LINE,L1,2339,2020,4081,2199,2458,3617,2084,2365,2223,1951
1102,L1PA12,LINE,L1,1081,744,1201,644,869,1014,986,781,786,441
1103,AluJo,SINE,Alu,13734,11439,14939,10189,13187,16178,12052,12465,9809,10026
1104,L1PA14,LINE,L1,884,900,1539,768,887,1437,980,959,739,739
1105,AluYh3a3,SINE,Alu,80,81,71,84,78,82,150,51,39,92
1106,L1PA16,LINE,L1,3342,3122,5691,3162,3668,5329,3232,2915,1946,3013
1107,HERVFH21-int,LTR,ERV1,39,20,76,8,24,39,24,36,44,4
1108,L1MC,LINE,L1,1511,1111,2319,1257,1580,2224,1259,1352,953,1279
1109,UCON65,Unknown,Unknown,0,0,0,0,0,0,4,0,0,0
1110,UCON64,Unknown,Unknown,0,0,0,0,0,8,12,0,0,0
1111,UCON63,Unknown,Unknown,0,0,0,0,0,0,0,0,0,0
1112,LTR43,LTR,ERV1,77,43,43,26,58,72,64,79,14,68
1113,L1MD,LINE,L1,2492,1820,3460,1931,2695,3092,2448,2059,1944,1697
1114,MLT1J,LTR,ERVL-MaLR,3464,2986,3920,2666,3843,4347,3115,3066,3325,2840
1115,MLT1N2,LTR,ERVL-MaLR,907,523,908,536,771,831,688,527,602,643
1116,UCON28a,Unknown,Unknown,0,0,24,48,48,0,4,4,4,0
1117,UCON28b,Unknown,Unknown,15,4,28,4,16,12,0,0,8,0
1118,LSU-rRNA_Hsa,rRNA,rRNA,14314,12306,21007,15854,10015,6856,7318,3422,9214,8729
1119,MLT1H2-int,LTR,ERVL-MaLR,63,51,92,79,30,119,40,48,28,24
1120,HERVL18-int,LTR,ERVL,372,429,421,395,506,539,220,272,401,228
1121,tRNA-Phe-TTY,tRNA,tRNA,0,0,3,0,0,16,0,8,0,0
1122,tRNA-Thr-ACA,tRNA,tRNA,0,0,0,8,0,0,0,0,4,4
1123,MSTB2-int,LTR,ERVL-MaLR,12,3,26,9,44,25,29,20,0,0
1124,MamRep137,DNA,TcMar-Tigger,1187,898,1241,884,893,1123,963,956,421,690
1125,MER66B,LTR,ERV1,509,506,552,484,614,576,461,491,798,385
1126,MER83,LTR,ERV1,145,104,186,109,128,103,136,124,68,116
1127,MER91A,DNA,hAT-Tip100,572,418,967,584,612,458,455,514,577,512
1128,MIR1_Amn,SINE,MIR,3105,2092,3808,2052,2562,3958,2508,2515,2060,2535
1129,MER45R,DNA,hAT-Tip100,67,24,62,95,20,47,32,32,27,24
1130,MER4D0,LTR,ERV1,190,94,237,119,195,227,184,198,68,116
1131,BLACKJACK,DNA,hAT-Blackjack,306,238,418,344,379,552,305,355,178,238
1132,MLT1A1,LTR,ERVL-MaLR,1268,1158,1582,1174,1252,1917,1143,1142,1089,976
1133,MLT1A0,LTR,ERVL-MaLR,3923,3297,5411,3600,4406,5537,3840,3894,3353,3233
1134,L2-3_AMi,LINE,L2,0,0,0,0,0,0,0,0,0,0
1135,HERVL-int,LTR,ERVL,1568,1152,1951,1262,1341,1852,1140,1339,1770,1062
1136,MER91C,DNA,hAT-Tip100,251,189,335,254,228,290,235,301,184,198
1137,L1MA5,LINE,L1,1570,1377,2490,1268,1631,2412,1473,1593,969,1298
1138,MLT1N2-int,LTR,ERVL-MaLR,0,0,12,24,36,56,8,12,8,23
1139,U6,snRNA,snRNA,147,365,420,274,337,457,311,232,132,196
1140,X7B_LINE,LINE,CR1,180,55,197,105,166,271,146,133,109,200
1141,L1M2a,LINE,L1,824,777,1018,581,925,1144,821,933,563,633
1142,MamRep1879,DNA,hAT-Tip100?,273,164,329,340,168,298,224,161,287,335
1143,L1M2c,LINE,L1,239,212,384,144,204,290,250,270,181,246
1144,L1M2b,LINE,L1,40,88,94,64,20,135,64,12,44,8
1145,CR1-8_Crp,LINE,CR1,0,0,0,0,0,0,0,0,0,0
1146,LTR22A,LTR,ERVK,17,8,26,22,26,82,23,45,22,24
1147,HERV-Fc1-int,LTR,ERV1,5,0,12,5,39,9,1,4,0,0
1148,AluSz6,SINE,Alu,7104,6199,8768,5632,8052,9117,7694,7161,5346,5941
1149,L1PA8A,LINE,L1,931,844,1393,912,1066,1357,748,776,642,840
1150,MER68B,LTR,ERVL,252,202,217,135,223,255,170,183,59,140
1151,MER68C,LTR,ERVL,54,24,52,16,48,12,24,44,8,16
1152,MER83C,LTR,ERV1,36,16,40,0,8,40,23,25,44,13
1153,MER50C,LTR,ERV1,43,31,48,36,40,51,44,48,26,40
1154,AluYd8,SINE,Alu,57,11,10,21,13,24,14,13,9,14
1155,MER52A,LTR,ERV1,630,654,996,584,546,675,443,647,916,574
1156,tRNA-Trp-TGG,tRNA,tRNA,0,0,0,0,0,0,0,0,0,0
1157,MER52C,LTR,ERV1,99,127,142,83,72,47,152,96,52,24
1158,L1M2,LINE,L1,2503,2102,3655,2107,2772,3997,2760,2663,1619,2250
1159,L1M3,LINE,L1,1297,1209,1822,1009,1482,2160,1235,1161,851,1002
1160,L2c,LINE,L2,54393,45966,72056,46060,51633,72507,49222,52161,45897,46961
1161,L1M1,LINE,L1,2089,2002,3763,2033,2447,4411,2379,2129,1715,1928
1162,L1M6,LINE,L1,794,592,1188,790,750,1036,817,746,599,652
1163,L1M7,LINE,L1,673,642,816,567,598,1223,799,625,354,617
1164,L1M4,LINE,L1,5775,5572,9487,5661,6103,9972,6209,6443,3274,5016
1165,L1M5,LINE,L1,10816,8720,17122,9803,12684,17398,11450,10804,6082,8197
1166,MLT1G,LTR,ERVL-MaLR,628,436,724,457,538,894,338,477,467,426
1167,MLT1F,LTR,ERVL-MaLR,1246,1062,1704,1111,1183,1610,1166,1389,1021,908
1168,L1M8,LINE,L1,458,311,656,398,343,640,513,406,275,391
1169,MLT1D,LTR,ERVL-MaLR,4862,4402,7157,4781,4814,7410,4673,4904,4737,4542
1170,MLT1C,LTR,ERVL-MaLR,4814,4224,7346,4188,4487,6294,4434,4501,4618,4506
1171,MLT1B,LTR,ERVL-MaLR,9634,6163,8615,7107,9517,8421,6857,7214,12952,6623
1172,MLT1A,LTR,ERVL-MaLR,1822,1640,2800,1602,2103,2610,1737,1815,1915,1414
1173,tRNA-Ser-TCA_m_,tRNA,tRNA,199,230,123,104,190,254,253,326,65,123
1174,MER4A1,LTR,ERV1,522,480,599,507,644,575,658,626,816,478
1175,UCON99,DNA,DNA,12,0,4,4,16,4,0,0,0,0
1176,Looper,DNA,PiggyBac,304,235,418,232,184,298,303,179,64,279
1177,UCON92,Unknown,Unknown,0,0,0,0,0,0,0,0,0,0
1178,MLT1B-int,LTR,ERVL-MaLR,315,338,455,198,436,574,332,430,334,331
1179,LTR9B,LTR,ERV1,223,280,349,250,360,254,176,346,355,162
1180,LTR9C,LTR,ERV1,67,32,38,40,0,28,36,36,0,0
1181,LTR9D,LTR,ERV1,215,101,258,180,248,197,93,94,170,34
1182,UCON22,Unknown,Unknown,0,0,4,0,0,0,12,16,0,0
1183,UCON94,Unknown,Unknown,24,4,8,4,0,16,0,12,12,0
1184,MADE1,DNA,TcMar-Mariner,446,456,494,266,377,578,361,330,202,467
1185,MADE2,DNA,TcMar-Mariner,432,369,766,503,488,652,516,571,472,473
1186,AluSp,SINE,Alu,8056,5515,6593,5064,7182,8406,7308,7514,5531,5852
1187,AluSq,SINE,Alu,3646,3125,3200,2436,3215,3700,2924,3501,2668,2829
1188,PABL_A-int,LTR,ERV1,311,177,271,168,154,284,236,244,45,157
1189,LTR33C,LTR,ERVL,134,86,147,112,40,124,80,96,124,135
1190,tRNA-Lys-AAG,tRNA,tRNA,25,16,43,48,20,40,12,20,52,32
1191,AluSx,SINE,Alu,20192,16549,18579,13697,18464,21578,18288,18861,15710,13878
1192,AluSz,SINE,Alu,16127,13070,16456,11596,15521,18555,15454,15545,12173,12178
1193,Ricksha_b,DNA,MULE-MuDR,27,35,61,66,49,68,37,48,42,0
1194,PABL_B,LTR,ERV1,76,64,80,36,83,156,58,48,114,77
1195,Charlie20a,DNA,hAT-Charlie,241,133,259,154,216,265,155,203,70,123
1196,L1MEh,LINE,L1,409,434,736,394,342,741,551,473,381,349
1197,L1MEi,LINE,L1,680,707,1414,749,824,1381,905,718,753,518
1198,L1MEj,LINE,L1,341,343,824,477,390,741,378,411,399,350
1199,AluSc,SINE,Alu,6398,5141,5569,3806,5811,6703,5942,5772,5039,4733
1200,L1MEd,LINE,L1,3609,3442,6954,3783,4358,7054,4178,3837,2384,3477
1201,tRNA-Gly-GGA,tRNA,tRNA,8,44,19,12,16,39,16,48,35,20
1202,Charlie23a,DNA,hAT-Charlie,202,142,315,156,311,349,231,218,194,155
1203,L1MEg,LINE,L1,3038,2566,4986,2980,3426,4967,3181,2471,1658,2477
1204,LTR7B,LTR,ERV1,348,241,221,214,283,304,207,277,169,223
1205,L1MEa,LINE,L1,108,44,132,70,89,90,84,28,104,88
1206,L1MEb,LINE,L1,494,348,724,505,446,879,483,423,256,391
1207,L1MEc,LINE,L1,4982,4005,8165,4660,5306,7978,5355,4381,3048,4255
1208,LTR76,LTR,ERV1,130,125,191,140,170,207,143,129,178,75
1209,LTR77,LTR,ERV1,35,4,63,0,0,23,6,4,0,0
1210,LTR101_Mam,LTR,ERVL,256,225,252,195,269,363,254,183,258,220
1211,LTR75,LTR,ERVL,154,92,209,104,139,121,134,152,90,124
1212,LTR47A,LTR,ERVL,151,126,190,113,130,193,152,83,106,132
1213,AluYc3,SINE,Alu,150,103,122,82,82,171,72,104,62,47
1214,LTR70,LTR,ERV1,91,140,128,118,116,237,286,216,89,225
1215,LTR47B,LTR,ERVL,0,0,0,0,4,0,0,4,0,8
1216,tRNA-Glu-GAG,tRNA,tRNA,0,0,0,0,0,0,0,0,0,0
1217,Tigger3d,DNA,TcMar-Tigger,224,250,356,122,203,300,420,316,141,225
1218,Tigger3c,DNA,TcMar-Tigger,517,618,873,518,731,777,588,654,553,586
1219,MLT1E1A,LTR,ERVL-MaLR,766,569,837,338,573,844,629,522,502,459
1220,LTR78,LTR,ERV1,520,535,1172,665,715,888,480,516,471,637
1221,LTR79,LTR,ERVL,633,646,793,413,728,675,456,486,558,549
1222,tRNA-Tyr-TAC,tRNA,tRNA,0,0,0,24,0,0,4,0,0,4
1223,LTR67B,LTR,ERVL,571,548,860,576,571,800,546,664,476,551
1224,MSTA1-int,LTR,ERVL-MaLR,32,16,24,8,0,0,19,0,0,0
1225,MER113A,DNA,hAT-Charlie,630,415,713,411,499,686,610,353,504,408
1226,MER113B,DNA,hAT-Charlie,148,63,251,123,181,253,159,257,96,75
1227,tRNA-Glu-GAG_,tRNA,tRNA,261,93,108,101,57,190,36,100,319,122
1228,MamRep1527,LTR,LTR,112,36,167,41,100,179,74,98,134,32
1229,MER1B,DNA,hAT-Charlie,2255,1868,2783,1652,2204,2765,1810,2175,2223,2064
1230,LTR1B1,LTR,ERV1,0,28,16,0,0,48,16,17,8,0
1231,LTR1B0,LTR,ERV1,12,8,28,16,8,47,0,13,26,64
1232,LTR37-int,LTR,ERV1,184,192,683,396,461,507,402,327,188,257
1233,Harlequin-int,LTR,ERV1,374,455,835,496,580,696,380,505,377,391
1234,LTR88a,LTR,Gypsy?,122,92,135,152,104,91,148,60,153,36
1235,tRNA-Ala-GCG,tRNA,tRNA,0,0,0,0,0,7,4,0,0,0
1236,L1ME5,LINE,L1,943,594,1411,632,663,1239,699,750,436,490
1237,HERV16-int,LTR,ERVL,129,157,267,193,118,265,234,160,125,148
1238,L1ME1,LINE,L1,11063,9579,18488,10593,12632,18994,12710,11620,7088,9871
1239,CR1-L3B_Croc,LINE,CR1,0,0,0,4,0,12,0,0,0,20
1240,L1ME3,LINE,L1,3291,2763,5006,2543,3694,4866,3219,2819,2157,2805
1241,MSTC-int,LTR,ERVL-MaLR,68,112,59,24,84,116,52,52,32,96
1242,L1PBa1,LINE,L1,286,240,501,127,268,282,277,195,141,153
1243,LTR43-int,LTR,ERV1,17,30,21,8,86,17,49,44,24,20
1244,LTR7C,LTR,ERV1,383,221,273,151,180,202,290,234,238,200
1245,tRNA-Ala-GCY,tRNA,tRNA,0,24,0,0,0,0,0,8,0,0
1246,L1MA5A,LINE,L1,1029,941,1876,974,1056,1616,993,850,610,711
1247,LTR5_Hs,LTR,ERVK,289,186,324,161,182,327,290,290,181,184
1248,MER5A,DNA,hAT-Charlie,9692,7845,9510,6551,9836,11802,8816,8223,6695,7451
1249,REP522,Satellite,telo,22,2,6,3,0,33,5,2,0,1
1250,AmnSINE1,SINE,5S-Deu-L2,1941,1245,1430,954,1824,1562,1775,1564,1339,1234
1251,X7D_LINE,LINE,CR1,0,4,0,4,0,4,12,0,0,0
1252,AmnSINE2,SINE,tRNA-Deu,257,138,302,123,196,190,161,187,165,55
1253,Tigger3b,DNA,TcMar-Tigger,2000,2001,3393,1934,2190,3320,2197,2507,1858,2077
1254,MSTB-int,LTR,ERVL-MaLR,433,310,629,430,428,574,387,400,740,419
1255,MLT1L-int,LTR,ERVL-MaLR,0,4,28,19,0,20,4,28,4,0
1256,L1PA3,LINE,L1,1250,1260,2066,1351,1417,2033,1221,1095,803,1181
1257,MamRep1894,DNA,hAT,154,63,140,80,92,48,103,60,51,48
1258,UCON20,Unknown,Unknown,0,11,0,0,0,0,0,0,0,0
1259,MER57E2,LTR,ERV1,0,8,24,0,0,8,0,20,0,8
1260,MER99,DNA,hAT?,20,12,65,35,103,63,64,32,4,20
1261,UCON50,Unknown,Unknown,8,8,16,0,0,20,4,0,0,32
1262,CRP1,SINE?,tRNA,0,0,8,0,0,0,0,8,0,0
1263,UCON44,Unknown,Unknown,8,12,16,0,0,0,0,12,0,4
1264,MLT1O-int,LTR,ERVL-MaLR,0,0,0,0,0,0,0,0,0,0
1265,MLT1H,LTR,ERVL-MaLR,2432,1708,2655,1588,2015,3078,1783,1917,1803,1654
1266,UCON47,Unknown,Unknown,123,39,101,20,99,76,88,72,44,60