,,,S11,S12,S13,S14,S15,S16,S17,S18,S19,S20
MER11B,LTR,ERVK,10299,14205,12101,17809,15090,8737,19432,8364,12648,14083
_CATTC_n,Satellite,Satellite,0,6,0,0,2,0,0,0,4,1
_GAATG_n,Satellite,Satellite,1,8,7,15,3,0,1,1,32,16
5S,rRNA,rRNA,487,1440,616,2174,1403,733,718,245,860,492
7SK,RNA,RNA,33031,43618,37835,72270,74081,26874,52595,27319,74193,57038
7SLRNA,srpRNA,srpRNA,42142,57181,48617,70821,61816,34913,69337,33887,55715,59676
ACRO1,Satellite,acro,0,0,0,0,7,3,55,3,0,12
ALR_Alpha,Satellite,centr,2561,2413,2358,3568,2658,1332,1562,1149,2672,2153
Alu,SINE,Alu,265,280,380,303,226,386,827,324,529,348
AluJb,SINE,Alu,15730,22132,19900,23708,15640,17732,29762,15494,18967,18061
AluJo,SINE,Alu,9521,13438,12397,13693,10034,10776,16988,10229,11145,10527
AluJr,SINE,Alu,11862,15548,13888,14568,11320,12333,17585,11265,12859,12608
AluJr4,SINE,Alu,2135,3418,3054,2811,2280,2793,3753,2810,2120,2737
AluSc,SINE,Alu,5358,6151,5619,5716,3912,4967,7569,4013,5267,5011
AluSc5,SINE,Alu,442,683,776,792,618,640,1078,506,793,509
AluSc8,SINE,Alu,2439,2862,2820,3018,2334,2290,3357,2076,1693,2777
AluSg,SINE,Alu,3883,4966,4810,4356,3705,4400,6502,3493,3416,4439
AluSg4,SINE,Alu,630,1019,896,1094,606,905,1282,740,784,846
AluSg7,SINE,Alu,791,1079,1135,1035,891,807,1765,794,819,946
AluSp,SINE,Alu,4832,7218,6997,6656,5286,5550,9255,5106,5681,6272
AluSq,SINE,Alu,2891,3705,3235,3114,2547,2858,4939,2371,2630,2929
AluSq10,SINE,Alu,276,318,283,281,110,274,324,290,174,182
AluSq2,SINE,Alu,5225,7785,7044,8188,5375,5841,10526,5549,6512,7030
AluSq4,SINE,Alu,277,433,289,293,224,324,426,212,396,407
AluSx,SINE,Alu,15049,18917,16645,18456,13091,16539,25700,13578,14806,16730
AluSx1,SINE,Alu,10724,15616,14355,15615,11539,13060,21714,10869,11796,13484
AluSx3,SINE,Alu,3922,4565,4243,4798,3428,4559,5948,3666,3539,4264
AluSx4,SINE,Alu,1144,1779,1662,2012,916,1208,1923,952,1256,1493
AluSz,SINE,Alu,12148,15584,14397,15448,10476,13868,22585,11661,12948,14270
AluSz6,SINE,Alu,4986,7094,6320,7246,4895,6371,8623,5730,6280,7310
AluY,SINE,Alu,6917,9618,8786,8933,6971,8018,12686,6622,7072,7775
AluYa5,SINE,Alu,54,195,194,167,139,93,262,128,252,149
AluYa8,SINE,Alu,34,28,13,56,11,11,18,10,9,42
AluYb8,SINE,Alu,236,285,231,252,312,176,248,155,189,307
AluYb9,SINE,Alu,56,37,46,86,41,86,17,34,62,41
AluYc,SINE,Alu,413,436,414,336,215,320,418,305,238,288
AluYc3,SINE,Alu,83,101,36,39,72,40,116,56,75,63
AluYd8,SINE,Alu,8,19,14,20,14,8,13,24,7,23
AluYe5,SINE,Alu,118,157,141,85,76,86,124,135,205,152
AluYe6,SINE,Alu,56,49,36,33,32,23,67,25,76,30
AluYf1,SINE,Alu,174,248,220,204,198,169,242,149,148,212
AluYg6,SINE,Alu,48,95,75,38,21,56,85,40,26,34
AluYh3,SINE,Alu,107,355,258,428,198,254,221,148,211,173
AluYh3a3,SINE,Alu,29,95,88,85,91,55,50,49,81,89
AluYh7,SINE,Alu,6,10,5,21,5,4,8,7,3,20
AluYh9,SINE,Alu,1,7,1,1,1,2,5,0,81,1
AluYi6,SINE,Alu,53,36,81,76,30,40,36,54,27,47
AluYi6_4d,SINE,Alu,18,36,25,23,23,22,31,18,17,17
AluYj4,SINE,Alu,190,198,245,388,171,286,333,216,256,179
AluYk11,SINE,Alu,31,138,52,84,91,133,80,153,120,100
AluYk12,SINE,Alu,16,20,33,18,41,16,16,17,77,15
AluYk2,SINE,Alu,95,112,107,124,104,77,129,72,60,75
AluYk3,SINE,Alu,107,159,93,111,80,94,114,84,137,96
AluYk4,SINE,Alu,95,204,164,142,74,136,265,65,79,80
AluYm1,SINE,Alu,544,569,599,643,364,406,658,372,519,467
AmnSINE1,SINE,5S-Deu-L2,1278,1431,1303,1671,1372,1318,1975,1054,1379,1747
AmnSINE2,SINE,tRNA-Deu,209,173,184,196,130,237,476,133,168,235
Arthur1,DNA,hAT-Tip100,182,276,214,445,237,163,340,209,204,264
Arthur1A,DNA,hAT-Tip100,147,275,238,242,178,111,252,209,269,172
Arthur1B,DNA,hAT-Tip100,70,310,265,375,217,211,417,164,111,225
Arthur1C,DNA,hAT-Tip100,93,92,144,100,76,44,140,48,7,80
BC200,scRNA,scRNA,93,137,163,75,63,91,266,107,76,155
BLACKJACK,DNA,hAT-Blackjack,363,371,379,432,335,389,584,235,275,418
BSR_Beta,Satellite,Satellite,125,245,243,204,102,309,319,171,292,285
CER,Satellite,Satellite,41,48,28,68,70,25,120,60,111,88
Chap1_Mam,DNA,hAT-Charlie,295,266,499,417,386,382,558,358,710,494
Charlie1,DNA,hAT-Charlie,869,907,947,868,679,866,1166,729,956,1256
Charlie10,DNA,hAT-Charlie,253,243,203,376,226,221,106,355,252,179
Charlie10a,DNA,hAT-Charlie,83,111,75,67,94,55,115,84,119,88
Charlie10b,DNA,hAT-Charlie,75,36,100,91,4,36,133,32,46,76
Charlie11,DNA,hAT-Charlie,0,8,40,48,80,16,4,27,12,20
Charlie12,DNA,hAT-Charlie,4,0,12,4,4,16,0,20,28,16
Charlie13a,DNA,hAT-Charlie,41,182,129,169,126,45,337,176,106,161
Charlie13b,DNA,hAT-Charlie,68,148,80,119,97,192,132,107,106,134
Charlie14a,DNA,hAT-Charlie,362,480,310,574,337,536,755,367,322,569
Charlie15a,DNA,hAT-Charlie,798,1100,1169,1163,492,842,1245,829,759,1039
Charlie15b,DNA,hAT-Charlie,429,654,511,602,354,386,669,553,328,606
Charlie16a,DNA,hAT-Charlie,576,663,531,731,288,499,683,470,637,467
Charlie17,DNA,hAT-Charlie,359,431,448,617,600,309,571,297,371,517
Charlie17a,DNA,hAT-Charlie,201,251,308,297,227,218,328,267,340,229
Charlie17b,DNA,hAT-Charlie,92,136,95,63,95,35,48,120,20,91
Charlie18a,DNA,hAT-Charlie,1015,1184,1046,1179,1427,969,918,761,861,1713
Charlie19a,DNA,hAT-Charlie,374,607,425,470,374,301,441,374,435,440
Charlie1a,DNA,hAT-Charlie,1613,2429,2677,2962,1884,1879,2381,2035,2359,2166
Charlie1b,DNA,hAT-Charlie,1044,981,978,1293,755,967,1545,916,773,1028
Charlie20a,DNA,hAT-Charlie,35,180,133,244,149,84,213,160,99,184
Charlie21a,DNA,hAT-Charlie,432,394,499,450,307,610,424,350,417,419
Charlie22a,DNA,hAT-Charlie,339,298,325,433,192,435,519,240,402,411
Charlie23a,DNA,hAT-Charlie,130,121,201,338,296,222,362,198,328,188
Charlie24,DNA,hAT-Charlie,76,314,292,356,236,205,283,335,352,325
Charlie25,DNA,hAT-Charlie,76,115,123,239,126,83,140,183,134,147
Charlie26a,DNA,hAT-Charlie,103,58,101,127,152,87,223,134,73,108
Charlie29a,DNA,hAT-Charlie,423,502,390,571,228,312,379,412,576,385
Charlie2a,DNA,hAT-Charlie,489,610,596,805,527,483,1165,531,621,674
Charlie2b,DNA,hAT-Charlie,559,717,766,1004,566,757,570,532,677,739
Charlie3,DNA,hAT-Charlie,134,225,133,258,111,203,111,279,190,150
Charlie30a,DNA,hAT-Charlie,449,362,328,296,291,267,347,183,352,491
Charlie4,DNA,hAT-Charlie,20,8,16,64,4,16,3,33,60,64
Charlie4a,DNA,hAT-Charlie,858,949,1273,1429,738,803,509,816,783,962
Charlie4z,DNA,hAT-Charlie,1840,2088,2038,2607,1448,2318,2961,1679,2114,2160
Charlie5,DNA,hAT-Charlie,345,600,549,648,398,490,379,468,419,593
Charlie6,DNA,hAT-Charlie,115,101,142,97,80,128,192,59,66,332
Charlie7,DNA,hAT-Charlie,700,1062,761,984,552,545,1077,711,629,714
Charlie7a,DNA,hAT-Charlie,360,391,313,409,202,308,389,316,329,367
Charlie8,DNA,hAT-Charlie,1188,1262,1331,1273,764,1077,1339,1003,1292,1292
Charlie9,DNA,hAT-Charlie,522,577,580,554,474,282,660,257,361,479
Cheshire,DNA,hAT-Charlie,331,504,410,656,787,440,859,479,433,475
Chompy-6_Croc,DNA,PIF-Harbinger,0,0,0,0,0,0,0,0,0,0
Chompy-7_Croc,DNA,PIF-Harbinger,0,0,0,0,0,0,0,0,0,0
CR1_Mam,LINE,CR1,474,546,673,697,472,595,917,493,536,607
CR1-11_Crp,LINE,CR1,35,0,0,28,16,0,0,12,4,16
CR1-12_AMi,LINE,CR1,20,51,0,4,0,11,0,16,0,4
CR1-13_AMi,LINE,CR1,0,20,8,16,0,12,40,16,0,4
CR1-16_AMi,LINE,CR1,44,48,19,104,69,119,43,60,16,48
CR1-3_Croc,LINE,CR1,291,506,378,296,521,227,483,358,202,306
CR1-8_Crp,LINE,CR1,0,0,0,0,0,0,0,0,0,0
CR1-L3A_Croc,LINE,CR1,36,44,26,35,0,16,12,20,45,26
CR1-L3B_Croc,LINE,CR1,0,0,0,0,0,8,0,4,8,0
CRP1,SINE?,tRNA,0,4,0,0,0,0,0,0,0,0
D20S16,Satellite,Satellite,9,9,19,8,5,10,16,20,66,9
DNA1_Mam,DNA,TcMar,0,12,16,27,0,40,67,20,16,32
ERV24_Prim-int,LTR,ERV1,59,83,24,92,0,24,0,59,36,41
ERV24B_Prim-int,LTR,ERV1,24,88,92,60,56,32,118,71,39,112
ERV3-16A3_I-int,LTR,ERVL,662,802,796,1100,764,675,1163,769,826,944
ERV3-16A3_LTR,LTR,ERVL,175,120,83,168,121,154,347,92,254,212
ERVL-B4-int,LTR,ERVL,750,1109,914,1367,696,657,1271,1117,967,843
ERVL-E-int,LTR,ERVL,1158,1530,1542,1947,1015,990,1971,1464,1803,1236
ERVL-int,LTR,ERVL,170,245,187,335,299,114,430,219,127,190
ERVL47-int,LTR,ERVL,20,24,11,36,52,8,28,36,4,8
Eulor1,DNA,DNA,0,0,0,0,0,28,4,0,0,0
Eulor10,DNA?,DNA?,0,0,0,0,0,0,0,0,0,0
Eulor11,DNA,DNA,0,0,0,20,0,0,0,0,0,16
Eulor12,DNA?,DNA?,0,0,0,0,0,0,0,8,0,0
Eulor2A,DNA?,DNA?,14,16,0,28,0,12,0,8,0,32
Eulor2B,DNA?,DNA?,71,80,24,12,79,32,48,64,0,76
Eulor2C,DNA?,DNA?,0,0,0,12,36,0,0,0,0,0
Eulor3,DNA?,DNA?,0,0,0,0,0,0,0,0,0,0
Eulor4,Unknown,Unknown,0,0,0,0,0,0,0,0,0,0
Eulor5A,DNA?,DNA?,20,16,8,28,4,24,20,32,20,51
Eulor5B,DNA?,DNA?,0,0,0,0,4,0,0,0,0,0
Eulor6A,DNA?,DNA?,0,16,0,0,0,0,0,8,0,0
Eulor6B,DNA?,DNA?,0,0,0,0,0,0,0,4,0,0
Eulor6C,DNA?,DNA?,0,0,0,0,0,0,8,0,0,0
Eulor6D,DNA?,DNA?,0,4,0,0,0,0,3,0,34,0
Eulor6E,DNA?,DNA?,0,16,20,0,0,0,0,12,0,0
Eulor7,DNA?,DNA?,0,0,0,0,0,0,0,0,0,0
Eulor8,DNA,TcMar?,0,16,0,0,0,0,0,8,0,0
Eulor9A,DNA,DNA,12,51,16,4,60,32,24,40,4,4
Eulor9B,DNA,DNA,0,4,0,8,27,12,0,0,0,0
Eulor9C,DNA,DNA,28,4,8,12,16,0,0,12,47,0
FAM,SINE,Alu,1018,1217,1048,1445,906,843,1362,713,1202,1107
FLAM_A,SINE,Alu,1619,2269,1935,2043,1786,1846,3362,1710,2218,2211
FLAM_C,SINE,Alu,2552,3877,3420,4065,2816,3179,4337,2501,3012,3690
FordPrefect,DNA,hAT-Tip100,212,218,284,538,231,167,620,196,228,229
FordPrefect_a,DNA,hAT-Tip100,0,35,0,16,47,43,0,12,16,20
FRAM,SINE,Alu,1245,1447,1331,1137,1018,1031,1317,954,1043,1159
GSAT,Satellite,centr,0,0,0,0,4,0,0,0,0,0
GSATII,Satellite,centr,0,6,3,49,11,12,8,14,6,6
GSATX,Satellite,centr,4,0,28,0,0,0,0,8,0,0
HAL1,LINE,L1,5891,8187,7583,9391,5365,6489,9641,7083,6740,6912
HAL1b,LINE,L1,796,976,915,1350,1055,854,1203,975,1008,844
HAL1M8,LINE,L1,603,751,917,1193,508,723,1570,752,855,843
HAL1ME,LINE,L1,1403,1532,1854,1871,1196,1378,1625,1480,1016,1445
Harlequin-int,LTR,ERV1,278,399,412,603,303,327,654,387,393,313
hAT-16_Crp,DNA,hAT-Charlie,0,0,0,0,0,0,0,0,0,0
hAT-N1_Mam,DNA,hAT-Tip100?,28,143,180,147,137,28,307,179,12,115
Helitron1Na_Mam,RC,Helitron,4,20,32,8,31,8,103,39,0,12
Helitron1Nb_Mam,RC,Helitron,7,40,39,68,60,26,39,28,20,4
Helitron2Na_Mam,RC?,Helitron?,318,242,438,314,278,327,305,209,399,221
Helitron3Na_Mam,RC,Helitron,140,255,203,245,146,276,250,182,305,161
HERV-Fc1_LTR1,LTR,ERV1,0,0,0,0,0,0,0,0,0,0
HERV-Fc1_LTR2,LTR,ERV1,0,0,0,0,0,0,0,0,0,0
HERV-Fc1_LTR3,LTR,ERV1,0,0,0,0,0,0,0,0,0,0
HERV-Fc1-int,LTR,ERV1,23,2,0,17,0,0,0,8,0,0
HERV-Fc2_LTR,LTR,ERV1,0,0,0,0,0,0,0,0,0,0
HERV-Fc2-int,LTR,ERV1,0,2,0,0,0,0,0,0,0,0
HERV1_I-int,LTR,ERV1,55,69,52,48,28,43,164,68,84,80
HERV1_LTRa,LTR,ERV1,0,28,0,27,16,13,0,12,16,3
HERV1_LTRb,LTR,ERV1,0,0,4,0,0,4,28,0,0,16
HERV1_LTRc,LTR,ERV1,0,0,16,1,0,12,0,4,0,38
HERV1_LTRd,LTR,ERV1,4,16,0,0,0,18,74,0,0,16
HERV1_LTRe,LTR,ERV1,0,0,16,0,0,0,0,4,0,0
HERV15-int,LTR,ERV1,0,107,31,34,55,44,66,40,108,15
HERV16-int,LTR,ERVL,88,198,165,312,164,74,241,95,223,85
HERV17-int,LTR,ERV1,500,345,546,655,399,220,588,373,512,357
HERV3-int,LTR,ERV1,330,306,107,283,244,123,208,138,434,276
HERV30-int,LTR,ERV1,8,3,45,25,68,21,12,13,60,12
HERV35I-int,LTR,ERV1,87,122,136,136,71,45,156,108,24,96
HERV4_I-int,LTR,ERV1,147,132,100,244,69,96,374,72,113,104
HERV9-int,LTR,ERV1,112,130,155,146,148,88,458,117,183,104
HERV9N-int,LTR,ERV1,50,72,62,91,92,54,231,134,57,125
HERV9NC-int,LTR,ERV1,135,103,142,225,157,60,138,194,102,141
HERVE_a-int,LTR,ERV1,40,51,56,78,31,18,32,49,146,73
HERVE-int,LTR,ERV1,135,171,163,184,101,118,180,173,213,103
HERVFH19-int,LTR,ERV1,16,19,65,67,29,24,82,18,0,14
HERVFH21-int,LTR,ERV1,0,20,48,44,0,44,40,45,12,15
HERVH-int,LTR,ERV1,4371,4821,4519,2736,4291,4280,6132,2976,2088,4010
HERVH48-int,LTR,ERV1,129,111,299,239,135,64,177,178,202,88
HERVI-int,LTR,ERV1,16,79,39,151,29,100,61,35,93,88
HERVIP10B3-int,LTR,ERV1,548,669,837,1142,572,709,778,593,856,831
HERVIP10F-int,LTR,ERV1,188,153,180,304,244,191,413,341,221,271
HERVIP10FH-int,LTR,ERV1,118,148,283,208,130,219,359,198,345,149
HERVK-int,LTR,ERVK,99,122,178,274,140,127,300,140,357,200
HERVK11-int,LTR,ERVK,56,57,93,111,130,57,186,79,36,61
HERVK11D-int,LTR,ERVK,2,10,10,92,0,8,0,5,22,3
HERVK13-int,LTR,ERVK,90,112,115,226,96,109,208,136,41,95
HERVK14-int,LTR,ERVK,153,135,106,115,134,87,118,88,202,95
HERVK14C-int,LTR,ERVK,0,0,36,4,0,15,75,0,8,0
HERVK22-int,LTR,ERVK,495,527,613,916,732,623,1443,786,1025,741
HERVK3-int,LTR,ERVK,625,533,414,678,538,430,988,554,637,624
HERVK9-int,LTR,ERVK,362,425,391,357,396,324,554,342,543,399
HERVKC4-int,LTR,ERVK,4,36,5,20,0,24,54,32,8,16
HERVL-int,LTR,ERVL,838,1260,1444,1376,1129,833,1812,1211,1337,886
HERVL18-int,LTR,ERVL,228,239,292,387,180,75,331,175,569,228
HERVL32-int,LTR,ERVL,71,15,28,32,16,0,0,16,139,4
HERVL40-int,LTR,ERVL,420,366,443,412,462,367,357,459,447,546
HERVL66-int,LTR,ERVL,40,80,23,59,12,75,48,87,27,8
HERVL74-int,LTR,ERVL,375,294,207,202,213,502,356,172,448,298
HERVP71A-int,LTR,ERV1,112,189,150,232,291,128,32,103,253,95
HERVS71-int,LTR,ERV1,350,604,464,384,225,383,744,336,361,419
HSAT4,Satellite,centr,250,296,554,404,211,225,451,554,286,112
HSAT5,Satellite,Satellite,41,48,17,42,20,26,222,59,34,36
HSAT6,Satellite,Satellite,0,0,0,0,0,0,0,0,0,0
HSATI,Satellite,Satellite,0,12,0,0,0,0,0,0,0,2
HSMAR1,DNA,TcMar-Mariner,873,857,921,1031,550,901,1436,631,902,1472
HSMAR2,DNA,TcMar-Mariner,719,780,727,941,713,595,751,634,1043,869
HUERS-P1-int,LTR,ERV1,110,165,88,154,109,88,154,85,94,75
HUERS-P2-int,LTR,ERV1,16,68,64,33,24,27,113,52,44,23
HUERS-P3-int,LTR,ERV1,607,612,504,1013,470,700,570,364,920,617
HUERS-P3b-int,LTR,ERV1,349,400,370,654,664,205,642,404,486,439
HY1,scRNA,scRNA,198,322,225,360,109,213,377,200,186,348
HY3,scRNA,scRNA,118,308,221,240,99,155,253,124,189,202
HY4,scRNA,scRNA,87,79,79,92,32,72,82,116,200,116
HY5,scRNA,scRNA,20,56,47,187,0,75,0,16,28,28
Kanga1,DNA,TcMar-Tc2,60,138,84,107,31,172,179,124,55,92
Kanga11a,DNA,TcMar-Tc2,57,81,111,138,129,93,55,116,71,157
Kanga1a,DNA,TcMar-Tc2,169,203,264,164,164,99,162,163,239,233
Kanga1b,DNA,TcMar-Tc2,83,152,63,154,90,40,237,72,24,92
Kanga1c,DNA,TcMar-Tc2,268,116,119,256,62,140,194,155,154,84
Kanga1d,DNA,TcMar-Tc2,80,43,76,84,36,62,8,48,27,64
Kanga2_a,DNA,TcMar-Tc2,715,732,674,767,381,452,780,588,530,692
L1HS,LINE,L1,309,459,443,579,414,317,553,416,530,408
L1M,LINE,L1,129,103,116,87,80,107,129,83,48,111
L1M1,LINE,L1,2160,2373,2334,3273,2130,1815,2819,2286,2269,1947
L1M2,LINE,L1,1824,2183,2089,2795,1924,1790,2735,2129,2201,2243
L1M2a,LINE,L1,774,822,848,780,712,428,826,557,477,748
L1M2a1,LINE,L1,16,24,44,48,36,11,111,24,64,32
L1M2b,LINE,L1,80,68,68,52,67,52,4,72,4,32
L1M2c,LINE,L1,103,140,210,330,155,68,646,306,357,168
L1M3,LINE,L1,968,1042,1167,1382,1141,840,1314,1076,912,1144
L1M3a,LINE,L1,94,269,215,111,211,234,311,201,266,177
L1M3b,LINE,L1,76,96,68,151,36,68,16,84,119,56
L1M3c,LINE,L1,244,211,297,295,239,178,411,169,134,280
L1M3d,LINE,L1,73,52,52,107,44,116,165,108,171,116
L1M3de,LINE,L1,52,110,88,134,73,122,251,120,117,98
L1M3e,LINE,L1,343,361,317,403,319,303,925,418,467,376
L1M3f,LINE,L1,108,180,119,267,259,211,168,263,513,196
L1M4,LINE,L1,3730,5538,5847,7354,4194,4603,6361,5200,5539,5851
L1M4a1,LINE,L1,364,736,500,805,363,475,336,587,745,589
L1M4a2,LINE,L1,343,476,497,432,278,396,394,289,169,416
L1M4b,LINE,L1,1060,1127,1191,1751,912,879,1474,1015,1397,1137
L1M4c,LINE,L1,1725,1578,1870,3184,2323,1580,1603,1506,2235,1910
L1M5,LINE,L1,8336,10197,11414,12973,8675,8765,11419,8958,9629,9468
L1M6,LINE,L1,808,737,767,888,665,525,521,573,561,922
L1M6B,LINE,L1,168,283,208,298,305,161,336,163,233,241
L1M7,LINE,L1,596,922,744,726,457,618,825,743,654,619
L1M8,LINE,L1,210,414,550,487,568,304,835,354,517,501
L1MA1,LINE,L1,1201,1208,1228,1743,1182,1018,2092,1073,1325,1398
L1MA10,LINE,L1,665,776,936,1077,805,792,751,846,847,860
L1MA2,LINE,L1,1623,1899,2021,3165,2004,1359,2881,1853,2457,1734
L1MA3,LINE,L1,2294,2804,2800,3763,2613,2158,3875,2609,3456,2542
L1MA4,LINE,L1,2293,2876,2876,3852,2110,1861,3523,2274,2484,2291
L1MA4A,LINE,L1,2098,2270,2384,3418,2042,1738,2507,2293,2410,2396
L1MA5,LINE,L1,1090,1318,1542,1765,886,1229,1920,1459,1525,1163
L1MA5A,LINE,L1,837,874,978,1336,634,683,961,920,1030,871
L1MA6,LINE,L1,909,1392,1299,1765,1298,879,1233,1094,898,1021
L1MA7,LINE,L1,1734,1653,1605,2335,1665,1344,2047,1594,2084,1392
L1MA8,LINE,L1,1780,2143,2418,2843,1608,1931,2965,1818,2672,2431
L1MA9,LINE,L1,2472,3002,2751,3862,2406,2307,4007,2823,2765,2791
L1MB1,LINE,L1,982,1262,1263,1456,1174,766,1267,1116,1281,1208
L1MB2,LINE,L1,3380,4643,4478,6634,3500,4001,5188,3821,4394,4278
L1MB3,LINE,L1,5116,7502,7057,8453,5736,5599,9858,6724,6684,6075
L1MB4,LINE,L1,3410,4219,3971,5522,3490,3554,5529,3559,4441,3989
L1MB5,LINE,L1,3319,3949,3310,4705,2736,2853,4771,3604,3371,3596
L1MB7,LINE,L1,9013,11637,11636,15069,10291,9357,15085,10065,10293,9864
L1MB8,LINE,L1,6042,8116,8194,10433,5944,6831,11158,7456,7497,7817
L1MC,LINE,L1,952,1343,1179,1624,1189,995,1370,1124,970,1263
L1MC1,LINE,L1,5442,6056,6346,7890,5545,4745,9391,5733,6378,6438
L1MC2,LINE,L1,1556,2384,2094,2722,2176,1773,2961,1893,2275,1934
L1MC3,LINE,L1,3111,3827,3115,4709,3763,2836,4469,3133,3392,3160
L1MC4,LINE,L1,8382,12005,11057,13803,9052,8760,13127,10149,10753,9992
L1MC4a,LINE,L1,4020,4937,4717,6158,4065,4165,5818,4196,4453,4222
L1MC5,LINE,L1,5322,6883,6531,8204,5136,5592,8112,5537,6081,6575
L1MC5a,LINE,L1,5882,7465,7683,9668,6294,6579,9098,6445,7228,7528
L1MCa,LINE,L1,1225,1476,1491,1982,1566,1102,1392,1399,1727,1242
L1MCb,LINE,L1,277,270,231,384,212,106,191,246,304,201
L1MCc,LINE,L1,445,933,691,652,670,345,554,645,435,645
L1MD,LINE,L1,1665,2187,2473,2599,1409,1504,3120,1653,2374,2044
L1MD1,LINE,L1,1684,1979,2159,2881,2041,1646,2773,1908,2280,1775
L1MD2,LINE,L1,2315,3608,3390,4210,2444,2640,4589,3074,3432,3472
L1MD3,LINE,L1,1290,1616,1601,2039,1094,1198,2087,1553,1401,1594
L1MDa,LINE,L1,1368,1742,1417,2109,1643,1526,2088,1536,1562,1557
L1MDb,LINE,L1,136,334,212,309,105,245,481,309,298,299
L1ME1,LINE,L1,9268,10886,11721,14968,9382,9611,13454,10469,11130,10610
L1ME2,LINE,L1,3507,4381,4246,5132,3336,3659,6138,3691,4383,3704
L1ME2z,LINE,L1,2189,2932,2537,3518,2002,2161,3005,2466,2509,2467
L1ME3,LINE,L1,2031,2861,3060,3816,2600,2955,4196,2696,2992,3049
L1ME3A,LINE,L1,3773,4787,4467,5371,4198,3406,7068,4045,4492,4280
L1ME3B,LINE,L1,2425,3040,3389,3901,2966,2913,3850,2620,2982,3071
L1ME3C,LINE,L1,595,673,818,1045,621,541,707,658,872,648
L1ME3Cz,LINE,L1,2332,3483,3332,3412,2693,2956,3766,2885,3034,2861
L1ME3D,LINE,L1,1131,1562,1775,2107,1383,1126,1394,1054,1752,1452
L1ME3E,LINE,L1,811,1438,1481,1434,757,983,1797,1106,1293,1354
L1ME3F,LINE,L1,1551,1851,2055,2978,2151,1571,2095,1871,1933,1993
L1ME3G,LINE,L1,3467,4493,4688,6479,3204,3326,5518,3870,4954,4432
L1ME4a,LINE,L1,6979,8358,8948,10726,7792,7165,8006,6688,6572,7865
L1ME4b,LINE,L1,6517,7859,8288,10312,6345,6714,10964,6806,7807,7294
L1ME4c,LINE,L1,1919,2566,2505,3084,2030,2201,3048,2251,2458,2573
L1ME5,LINE,L1,707,582,677,911,592,588,538,662,659,637
L1MEa,LINE,L1,20,109,16,80,28,15,78,56,104,12
L1MEb,LINE,L1,301,207,504,485,391,221,471,336,600,491
L1MEc,LINE,L1,3624,4676,4964,6078,4334,3486,5295,4476,4099,3990
L1MEd,LINE,L1,3267,3644,4353,5463,3248,3122,5059,3652,3916,3676
L1MEf,LINE,L1,4681,5790,7055,5713,4297,4479,5059,3780,3027,4838
L1MEg,LINE,L1,2516,3050,2998,3645,2572,2667,3000,2861,3094,2514
L1MEg1,LINE,L1,118,272,266,252,154,171,166,180,79,184
L1MEg2,LINE,L1,48,184,178,215,183,93,321,192,178,248
L1MEh,LINE,L1,322,462,421,571,393,323,688,406,451,343
L1MEi,LINE,L1,351,823,696,1057,774,453,974,721,756,670
L1MEj,LINE,L1,321,416,267,430,316,362,703,310,187,296
L1P,LINE,L1,2,19,3,24,2,2,0,2,3,3
L1P1,LINE,L1,484,663,679,836,578,538,695,613,702,582
L1P2,LINE,L1,626,913,869,1071,755,691,1464,786,745,733
L1P3,LINE,L1,927,937,1115,1279,1109,783,1109,934,1049,932
L1P3b,LINE,L1,9,20,0,3,1,0,0,12,0,0
L1P4,LINE,L1,513,471,605,796,495,657,732,500,816,686
L1P4a,LINE,L1,130,138,119,139,140,25,114,67,52,60
L1P4b,LINE,L1,0,8,4,22,8,2,0,6,3,16
L1P4c,LINE,L1,0,0,0,0,0,0,0,0,0,0
L1P4d,LINE,L1,0,37,1,17,1,4,12,28,0,0
L1P4e,LINE,L1,4,48,20,32,0,0,0,43,0,0
L1P5,LINE,L1,1,44,12,10,4,29,3,25,63,56
L1PA10,LINE,L1,1569,1929,1874,2699,1863,1433,2538,1697,2003,1684
L1PA11,LINE,L1,989,1446,1234,1767,1252,1167,2180,1357,1171,1109
L1PA12,LINE,L1,645,720,647,721,624,437,1070,646,585,650
L1PA13,LINE,L1,1542,2488,2265,3015,2094,1586,2652,2015,2296,1555
L1PA14,LINE,L1,832,828,871,1004,671,712,738,1000,912,773
L1PA15,LINE,L1,1643,2435,2752,3062,2116,1868,3804,2335,2105,2686
L1PA15-16,LINE,L1,116,251,229,302,192,196,278,259,196,211
L1PA16,LINE,L1,2773,3068,3524,4555,2926,2462,3765,3245,4129,2893
L1PA17,LINE,L1,1034,1372,1062,1725,976,887,1470,928,908,971
L1PA2,LINE,L1,581,683,580,807,521,515,739,596,680,560
L1PA3,LINE,L1,912,1197,1147,1699,1050,922,1463,1084,997,994
L1PA4,LINE,L1,1576,1828,1550,2157,1735,1146,2398,1462,1512,1581
L1PA5,LINE,L1,1960,2254,2204,2927,2132,1621,3483,2294,2685,1972
L1PA6,LINE,L1,13233,14591,12336,19586,15610,13154,21419,9775,17437,13425
L1PA7,LINE,L1,3725,5278,4746,6033,4106,3460,5626,4712,4686,4459
L1PA8,LINE,L1,1447,1923,1862,2248,1441,1625,2713,1876,2055,1652
L1PA8A,LINE,L1,653,959,913,1171,510,629,1329,881,909,794
L1PB,LINE,L1,222,254,220,290,198,226,285,189,259,181
L1PB1,LINE,L1,2681,3474,3845,4695,3120,2603,4597,3256,3624,3264
L1PB2,LINE,L1,525,740,593,969,664,571,736,724,688,537
L1PB3,LINE,L1,1311,1608,1753,3917,2294,910,1972,1456,2278,1386
L1PB4,LINE,L1,1249,1450,1343,1986,1064,943,1401,1231,1290,1350
L1PBa,LINE,L1,721,632,590,1037,537,481,870,585,678,606
L1PBa1,LINE,L1,174,272,277,220,242,187,381,176,262,294
L1PBb,LINE,L1,116,126,202,111,133,20,146,108,235,77
L1PREC2,LINE,L1,1868,2359,2493,2571,2137,1824,2688,2038,1916,2287
L2,LINE,L2,16210,21037,18640,23467,15660,16556,34131,19367,21427,19090
L2-1_AMi,LINE,L2,348,276,200,489,335,224,628,302,266,279
L2-1_Crp,LINE,L2,0,0,40,16,0,12,0,28,4,44
L2-3_AMi,LINE,L2,0,0,0,0,0,0,0,0,0,0
L2-3_Crp,LINE,L2,554,590,439,750,331,388,434,577,565,486
L2a,LINE,L2,49230,65731,55707,68126,48451,51867,95213,57440,59853,57147
L2b,LINE,L2,31004,37981,32944,37898,34991,28989,54338,28457,32703,35318
L2c,LINE,L2,37509,50998,46066,53912,39794,40608,75392,43561,48896,47141
L3,LINE,CR1,14379,16767,16608,18339,14132,13607,24249,14509,17248,16832
L3b,LINE,CR1,2261,2618,2793,2763,1679,2271,2958,1978,2546,2709
L4_A_Mam,LINE,RTE-X,1226,1423,1353,2008,1303,1039,1609,1081,1530,1042
L4_B_Mam,LINE,RTE-X,584,836,844,1104,691,715,1033,857,605,781
L4_C_Mam,LINE,RTE-X,989,1182,997,1308,741,780,1177,1042,1022,876
L5,LINE,RTE-X,215,172,219,122,210,112,153,116,44,210
LFSINE_Vert,SINE,tRNA,838,1104,981,1135,764,871,1094,823,1441,1067
Looper,DNA,PiggyBac,123,217,233,245,190,204,213,173,181,265
LOR1-int,LTR,ERV1,481,525,563,1092,445,512,674,380,633,535
LOR1a,LTR,ERV1,174,243,259,477,175,111,199,249,437,164
LOR1b,LTR,ERV1,54,66,112,127,40,83,115,124,176,90
LSAU,Satellite,Satellite,0,0,0,0,4,0,0,0,0,0
LSU-rRNA_Hsa,rRNA,rRNA,3653,50822,10829,12492,17280,6488,17771,4674,8040,3894
LTR06,LTR,ERV1,63,0,12,8,31,8,0,4,24,28
LTR1,LTR,ERV1,4,12,47,20,32,0,64,48,48,53
LTR101_Mam,LTR,ERVL,72,214,246,248,90,151,427,223,232,160
LTR102_Mam,LTR,ERVL,76,68,144,109,39,28,229,94,171,52
LTR103_Mam,LTR,ERV1?,32,82,8,39,40,12,4,20,31,19
LTR103b_Mam,LTR,ERV1?,15,28,55,84,0,48,40,12,132,88
LTR104_Mam,LTR,Gypsy,142,223,208,256,96,129,369,113,195,151
LTR105_Mam,LTR,ERVL,114,83,48,64,12,32,359,79,171,56
LTR106_Mam,LTR,LTR,83,55,76,102,71,68,23,24,0,49
LTR107_Mam,LTR,LTR,24,31,36,28,0,39,0,72,66,40
LTR108a_Mam,LTR,ERVL,56,59,40,23,31,16,8,16,0,4
LTR108b_Mam,LTR,ERVL,0,4,0,16,0,24,0,0,0,0
LTR108c_Mam,LTR,ERVL,0,0,0,12,0,0,0,0,0,0
LTR108d_Mam,LTR,ERVL,0,0,0,4,0,0,0,0,0,0
LTR108e_Mam,LTR,ERVL,0,8,24,24,0,4,0,8,0,16
LTR109A2,LTR,ERV1,0,0,0,0,0,0,0,0,0,0
LTR10A,LTR,ERV1,168,146,85,119,139,147,331,230,89,196
LTR10B,LTR,ERV1,32,28,15,36,0,35,36,15,35,40
LTR10B1,LTR,ERV1,108,116,107,179,67,70,329,72,83,120
LTR10B2,LTR,ERV1,36,8,22,38,12,16,35,12,20,4
LTR10C,LTR,ERV1,122,238,174,163,104,243,188,182,133,136
LTR10D,LTR,ERV1,28,64,17,94,46,78,51,56,42,43
LTR10E,LTR,ERV1,101,40,39,43,40,42,131,21,173,44
LTR10F,LTR,ERV1,67,70,109,167,53,58,134,118,160,26
LTR10G,LTR,ERV1,0,19,5,4,24,16,66,41,0,4
LTR12,LTR,ERV1,100,158,132,213,201,81,247,136,59,117
LTR12_,LTR,ERV1,44,109,81,46,45,102,95,79,25,100
LTR12B,LTR,ERV1,8,21,17,9,66,21,10,54,14,37
LTR12C,LTR,ERV1,728,988,809,1048,645,696,1849,733,858,662
LTR12D,LTR,ERV1,19,57,108,139,79,103,132,62,151,82
LTR12E,LTR,ERV1,103,109,103,90,96,91,239,119,147,111
LTR12F,LTR,ERV1,80,149,38,168,48,118,10,147,146,105
LTR13,LTR,ERVK,546,660,574,763,514,669,1184,401,649,706
LTR13_,LTR,ERVK,16,51,19,22,26,24,26,38,77,96
LTR13A,LTR,ERVK,79,177,94,126,103,110,135,116,101,140
LTR14,LTR,ERVK,24,55,30,17,8,44,60,12,0,0
LTR14A,LTR,ERVK,0,4,14,0,8,12,54,40,0,36
LTR14B,LTR,ERVK,58,129,32,81,24,36,76,66,99,42
LTR14C,LTR,ERVK,26,16,5,0,36,0,0,40,0,5
LTR15,LTR,ERV1,232,298,279,180,185,270,356,186,254,319
LTR16,LTR,ERVL,250,477,283,365,232,271,635,318,283,306
LTR16A,LTR,ERVL,245,421,362,542,523,336,852,362,573,456
LTR16A1,LTR,ERVL,360,414,447,475,440,353,882,409,380,425
LTR16A2,LTR,ERVL,199,177,183,326,202,75,142,105,286,244
LTR16B,LTR,ERVL,88,168,59,162,56,87,200,179,133,88
LTR16B1,LTR,ERVL,70,180,108,327,201,111,142,88,76,96
LTR16B2,LTR,ERVL,130,229,117,148,110,104,327,116,184,147
LTR16C,LTR,ERVL,625,940,782,1068,559,917,1651,823,945,742
LTR16D,LTR,ERVL,72,180,96,165,143,68,32,112,159,52
LTR16D1,LTR,ERVL,35,84,64,84,71,54,272,48,229,48
LTR16D2,LTR,ERVL,16,32,24,15,12,27,96,45,55,24
LTR16E1,LTR,ERVL,216,315,242,380,208,369,412,324,429,231
LTR16E2,LTR,ERVL,234,342,386,401,332,144,568,268,522,315
LTR17,LTR,ERV1,319,202,192,290,244,236,363,201,142,196
LTR18A,LTR,ERVL,4,36,59,67,0,51,0,32,86,16
LTR18B,LTR,ERVL,24,103,112,132,92,87,64,48,214,100
LTR18C,LTR,ERVL,0,8,0,12,0,12,0,1,0,0
LTR19-int,LTR,ERV1,144,216,149,188,182,148,391,156,189,91
LTR19A,LTR,ERV1,605,554,462,350,621,567,1111,337,273,646
LTR19B,LTR,ERV1,54,153,72,125,72,48,227,69,39,116
LTR19C,LTR,ERV1,79,71,30,103,27,76,159,48,71,121
LTR1A1,LTR,ERV1,88,120,48,100,20,27,71,75,0,46
LTR1A2,LTR,ERV1,154,327,167,325,183,198,346,313,288,204
LTR1B,LTR,ERV1,249,457,333,360,202,387,800,350,520,423
LTR1B0,LTR,ERV1,0,16,16,52,4,11,60,51,0,0
LTR1B1,LTR,ERV1,16,16,16,16,14,0,0,36,15,8
LTR1C,LTR,ERV1,0,8,0,24,0,0,0,1,0,12
LTR1C1,LTR,ERV1,0,32,4,0,0,4,40,4,0,8
LTR1C3,LTR,ERV1,0,8,0,0,0,4,0,0,0,0
LTR1D,LTR,ERV1,56,59,160,168,187,56,118,86,88,63
LTR1D1,LTR,ERV1,80,67,84,51,40,84,145,37,117,44
LTR1E,LTR,ERV1,43,87,96,111,159,0,144,68,48,92
LTR1F,LTR,ERV1,12,12,2,36,32,16,0,28,32,28
LTR1F1,LTR,ERV1,43,37,4,43,0,24,120,55,28,52
LTR1F2,LTR,ERV1,56,91,64,108,80,23,32,96,0,36
LTR2,LTR,ERV1,136,344,242,257,127,278,419,232,214,299
LTR21A,LTR,ERV1,1980,2053,1708,1174,867,1805,2788,1452,1930,1930
LTR21B,LTR,ERV1,8,8,0,0,32,0,7,8,0,8
LTR21C,LTR,ERVL,0,0,0,0,0,0,0,0,0,0
LTR22,LTR,ERVK,44,15,33,4,118,11,74,40,0,24
LTR22A,LTR,ERVK,66,36,25,45,89,8,0,20,4,8
LTR22B,LTR,ERVK,3,32,0,38,63,57,12,34,128,53
LTR22B1,LTR,ERVK,110,181,186,180,139,84,177,95,118,60
LTR22B2,LTR,ERVK,16,20,4,16,0,0,0,5,0,12
LTR22C,LTR,ERVK,0,0,1,1,0,1,4,0,0,4
LTR22C0,LTR,ERVK,60,61,45,63,44,65,60,104,4,28
LTR22C2,LTR,ERVK,0,12,4,4,0,4,0,44,0,13
LTR22E,LTR,ERVK,39,106,109,156,58,116,235,64,176,151
LTR23,LTR,ERV1,118,144,182,132,99,122,48,87,163,161
LTR23-int,LTR,ERV1,16,50,0,20,0,16,0,0,0,2
LTR24,LTR,ERV1,113,213,108,191,31,40,285,88,191,132
LTR24B,LTR,ERV1,152,270,206,148,122,187,257,206,164,197
LTR24C,LTR,ERV1,28,16,21,34,8,72,32,39,24,41
LTR25,LTR,ERV1,44,88,78,70,58,21,144,61,36,64
LTR25-int,LTR,ERV1,659,644,659,939,474,639,826,454,658,655
LTR26,LTR,ERV1,32,141,116,82,53,68,162,71,151,63
LTR26B,LTR,ERV1,13,20,12,28,36,60,121,52,64,27
LTR26C,LTR,ERV1,16,31,52,40,20,12,31,38,0,41
LTR26D,LTR,ERV1,7,20,41,0,4,28,0,29,40,8
LTR26E,LTR,ERV1,48,65,32,92,20,32,7,40,137,28
LTR27,LTR,ERV1,23,36,24,43,43,21,4,14,0,13
LTR2752,LTR,ERV1,52,104,115,64,143,56,121,48,16,80
LTR27B,LTR,ERV1,0,64,91,59,60,16,136,44,0,20
LTR27C,LTR,ERV1,74,126,179,111,104,72,56,80,106,89
LTR27D,LTR,ERV1,1,1,0,8,28,0,0,15,0,0
LTR27E,LTR,ERV1,44,75,79,47,68,27,191,76,59,48
LTR28,LTR,ERV1,8,24,36,14,0,13,111,28,94,32
LTR28B,LTR,ERV1,112,60,60,59,70,20,94,76,8,36
LTR28C,LTR,ERV1,57,125,39,140,70,76,303,188,51,81
LTR29,LTR,ERV1,71,141,129,163,224,136,94,100,300,141
LTR2B,LTR,ERV1,32,92,53,143,40,74,94,54,66,62
LTR2C,LTR,ERV1,54,44,15,78,72,61,24,75,81,136
LTR3,LTR,ERVK,154,211,179,178,111,109,398,132,157,343
LTR30,LTR,ERV1,16,36,18,12,45,33,11,32,57,20
LTR31,LTR,ERV1,36,76,0,72,127,16,108,20,115,16
LTR32,LTR,ERVL,152,329,196,337,224,163,372,217,136,320
LTR33,LTR,ERVL,956,1322,1149,1468,766,1049,2376,1127,1117,1087
LTR33A,LTR,ERVL,159,243,235,399,137,123,380,270,365,221
LTR33A_,LTR,ERVL,103,205,164,248,336,144,366,231,148,173
LTR33B,LTR,ERVL,128,184,99,193,194,99,363,146,158,248
LTR33C,LTR,ERVL,28,116,119,78,88,31,146,87,110,96
LTR34,LTR,ERV1,28,40,32,32,63,60,144,32,36,20
LTR35,LTR,ERV1,11,39,20,71,4,36,0,29,137,48
LTR35A,LTR,ERV1,28,8,20,8,36,0,0,28,0,0
LTR35B,LTR,ERV1,8,36,12,24,0,32,84,32,32,20
LTR36,LTR,ERV1,132,127,223,198,32,87,187,80,213,83
LTR37-int,LTR,ERV1,432,349,368,811,349,143,203,245,190,175
LTR37A,LTR,ERV1,148,182,169,314,236,144,183,131,313,112
LTR37B,LTR,ERV1,270,283,218,369,269,172,495,264,615,287
LTR38,LTR,ERV1,0,22,4,12,0,0,0,0,13,0
LTR38-int,LTR,ERV1,0,12,20,31,0,32,0,4,8,4
LTR38A1,LTR,ERV1,0,0,20,21,0,0,12,16,0,0
LTR38B,LTR,ERV1,25,12,36,28,4,0,46,52,119,4
LTR38C,LTR,ERV1,12,47,63,24,32,65,132,12,52,13
LTR39,LTR,ERV1,553,378,490,1072,332,587,755,344,1039,401
LTR39-int,LTR,ERV1,4,20,13,12,0,20,15,0,0,0
LTR3A,LTR,ERVK,96,101,39,108,88,132,115,68,103,76
LTR3B,LTR,ERVK,0,9,14,30,0,19,3,7,21,0
LTR3B_,LTR,ERVK,83,37,65,127,56,85,43,65,52,187
LTR4,LTR,ERV1,44,67,95,34,27,65,94,73,62,76
LTR40a,LTR,ERVL,298,241,341,395,270,269,512,282,137,248
LTR40A1,LTR,ERVL,147,119,103,148,98,112,51,56,95,98
LTR40b,LTR,ERVL,315,202,302,294,199,213,603,323,76,217
LTR40c,LTR,ERVL,103,157,131,205,87,156,271,131,165,189
LTR41,LTR,ERVL,604,854,680,585,742,783,971,535,955,611
LTR41B,LTR,ERVL,692,914,528,527,571,795,1405,648,819,886
LTR41C,LTR,ERVL,79,143,148,149,127,108,277,150,158,180
LTR42,LTR,ERVL,100,60,115,177,341,107,251,116,119,168
LTR43,LTR,ERV1,65,62,54,24,4,52,0,45,18,50
LTR43-int,LTR,ERV1,20,11,1,20,12,37,79,16,33,55
LTR43B,LTR,ERV1,38,50,48,32,16,67,0,6,0,36
LTR44,LTR,ERV1,4,52,44,96,72,0,125,7,91,31
LTR45,LTR,ERV1,0,12,0,0,0,8,0,24,4,40
LTR45B,LTR,ERV1,18,74,46,79,4,42,37,80,184,99
LTR45C,LTR,ERV1,71,59,97,122,67,41,19,73,37,86
LTR46,LTR,ERV1,171,158,134,99,149,92,46,105,78,136
LTR46-int,LTR,ERV1,197,226,127,206,127,84,459,171,159,172
LTR47A,LTR,ERVL,94,181,165,225,132,71,247,117,193,172
LTR47A2,LTR,ERVL,135,64,152,104,55,60,135,44,86,224
LTR47B,LTR,ERVL,16,8,0,4,0,0,0,12,0,12
LTR47B2,LTR,ERVL,9,23,1,38,82,26,93,21,112,37
LTR47B3,LTR,ERVL,68,20,20,16,40,36,68,11,0,16
LTR47B4,LTR,ERVL,0,24,4,12,0,16,0,12,7,0
LTR48,LTR,ERV1,238,242,258,337,157,171,189,288,393,168
LTR48B,LTR,ERV1,403,537,430,711,725,358,524,352,409,456
LTR49,LTR,ERV1,224,216,261,243,189,46,132,196,216,168
LTR49-int,LTR,ERV1,376,373,354,593,347,396,907,503,327,339
LTR5,LTR,ERVK,63,47,44,44,27,22,162,58,37,26
LTR5_Hs,LTR,ERVK,139,371,243,211,170,193,395,192,211,244
LTR50,LTR,ERVL,337,690,570,599,745,491,669,424,618,343
LTR51,LTR,ERV1,27,40,83,59,23,24,32,24,48,31
LTR52,LTR,ERVL,133,147,54,130,60,105,296,105,173,164
LTR52-int,LTR,ERVL,32,0,20,17,26,24,83,28,0,27
LTR53,LTR,ERVL,233,149,113,179,13,99,207,61,142,198
LTR53-int,LTR,ERVL,110,91,85,108,78,97,344,134,159,104
LTR53B,LTR,ERVL,40,4,18,0,0,11,0,24,0,16
LTR54,LTR,ERV1,146,109,140,199,64,113,252,87,228,173
LTR54B,LTR,ERV1,184,198,307,368,227,254,325,188,369,301
LTR55,LTR,ERVL?,12,116,28,123,76,20,3,48,4,12
LTR56,LTR,ERV1,107,221,249,258,254,164,191,100,317,163
LTR57,LTR,ERVL,12,85,70,90,0,33,134,19,76,40
LTR57-int,LTR,ERVL,55,48,28,59,4,12,99,24,64,64
LTR58,LTR,ERV1,0,51,44,12,30,27,91,12,24,20
LTR59,LTR,ERV1,82,4,16,0,0,27,39,0,8,24
LTR5A,LTR,ERVK,63,99,169,175,47,143,147,94,93,99
LTR5B,LTR,ERVK,196,249,236,311,232,241,334,158,213,208
LTR60,LTR,ERV1,0,16,0,10,0,23,0,4,0,10
LTR60B,LTR,ERV1,16,29,36,10,8,0,55,22,16,44
LTR61,LTR,ERV1,28,32,120,19,4,75,24,53,4,73
LTR62,LTR,ERVL,56,58,45,83,32,23,107,14,0,84
LTR64,LTR,ERV1,100,84,136,86,56,40,317,100,195,69
LTR65,LTR,ERV1,154,208,261,235,193,218,95,144,120,266
LTR66,LTR,ERVL,71,48,22,28,16,24,56,38,25,32
LTR67B,LTR,ERVL,402,747,571,770,436,375,1184,368,587,601
LTR68,LTR,ERV1,8,75,24,69,46,12,55,54,0,20
LTR69,LTR,ERVL,0,28,32,16,28,24,0,8,8,44
LTR6A,LTR,ERV1,31,107,35,164,154,71,229,105,193,178
LTR6B,LTR,ERV1,362,311,335,362,188,370,540,264,438,481
LTR7,LTR,ERV1,240,396,388,330,235,345,404,392,287,294
LTR70,LTR,ERV1,233,192,137,175,137,181,275,114,259,240
LTR71A,LTR,ERV1,47,20,107,28,28,39,80,75,22,80
LTR71B,LTR,ERV1,30,61,28,67,9,55,144,52,30,6
LTR72,LTR,ERV1,4,88,65,62,4,48,209,33,40,55
LTR72B,LTR,ERV1,28,12,56,24,0,0,75,28,4,24
LTR73,LTR,ERV1,44,70,26,85,21,19,72,45,187,45
LTR75,LTR,ERVL,52,132,60,140,60,123,134,87,65,100
LTR75_1,LTR,ERV1,0,20,19,23,0,30,142,0,0,4
LTR75B,LTR,ERVL,9,34,56,3,4,23,22,34,5,14
LTR76,LTR,ERV1,182,130,124,97,23,150,237,137,213,100
LTR77,LTR,ERV1,5,0,0,4,0,6,59,20,11,1
LTR78,LTR,ERV1,653,608,576,931,460,361,832,455,881,524
LTR78B,LTR,ERV1,130,418,341,317,227,321,416,334,229,372
LTR79,LTR,ERVL,343,497,474,618,449,392,406,496,361,522
LTR7A,LTR,ERV1,13,20,36,5,6,51,147,6,12,40
LTR7B,LTR,ERV1,176,231,198,198,231,259,558,255,146,241
LTR7C,LTR,ERV1,133,187,147,108,144,72,295,113,372,174
LTR7Y,LTR,ERV1,142,210,129,105,149,199,205,125,75,98
LTR8,LTR,ERV1,969,1278,1013,1150,835,1056,1389,916,1301,1039
LTR80A,LTR,ERVL,19,28,32,9,124,56,0,29,0,32
LTR80B,LTR,ERVL,12,19,83,61,0,4,72,41,48,52
LTR81,LTR,Gypsy,0,12,8,4,0,0,0,8,4,4
LTR81A,LTR,Gypsy,40,56,60,132,120,79,51,52,163,64
LTR81AB,LTR,Gypsy,16,0,4,17,40,0,0,32,0,12
LTR81B,LTR,Gypsy,55,51,102,131,28,28,144,92,96,70
LTR81C,LTR,Gypsy,4,32,28,43,20,12,28,36,0,44
LTR82A,LTR,ERVL,152,276,182,308,173,232,324,210,75,188
LTR82B,LTR,ERVL,222,155,221,275,233,225,186,178,93,178
LTR83,LTR,ERVL,75,84,119,88,8,56,110,95,99,68
LTR84a,LTR,ERVL,236,51,56,131,127,24,35,100,143,76
LTR84b,LTR,ERVL,76,232,164,231,63,129,409,135,140,68
LTR85a,LTR,Gypsy?,177,308,279,375,189,300,440,326,173,304
LTR85b,LTR,Gypsy?,49,109,80,174,34,111,17,157,83,64
LTR85c,LTR,Gypsy?,102,202,222,232,92,118,311,184,100,310
LTR86A1,LTR,ERVL,113,253,151,165,88,104,91,168,227,96
LTR86A2,LTR,ERVL,130,46,59,53,4,4,177,117,1,40
LTR86B1,LTR,ERVL,92,68,79,75,44,111,90,100,16,122
LTR86B2,LTR,ERVL,28,40,39,68,0,0,48,48,154,16
LTR86C,LTR,ERVL,20,16,74,80,27,0,44,36,0,24
LTR87,LTR,ERVL?,219,385,258,365,236,322,550,341,406,291
LTR88a,LTR,Gypsy?,91,72,39,106,71,52,217,87,139,116
LTR88b,LTR,Gypsy?,95,192,162,256,134,166,435,180,144,148
LTR88c,LTR,Gypsy?,40,88,52,105,84,56,118,36,0,50
LTR89,LTR,ERVL?,99,169,101,197,263,118,140,154,260,243
LTR8A,LTR,ERV1,423,629,541,798,452,447,695,587,695,328
LTR8B,LTR,ERV1,462,522,346,533,332,566,604,403,368,374
LTR9,LTR,ERV1,138,200,147,293,32,142,137,159,247,162
LTR90A,LTR,LTR,10,84,72,59,17,21,74,51,14,68
LTR90B,LTR,LTR,40,44,80,110,131,17,138,40,52,72
LTR91,LTR,ERVL,0,0,0,32,0,0,0,52,0,36
LTR9A1,LTR,ERV1,51,94,55,80,31,47,51,91,24,45
LTR9B,LTR,ERV1,116,327,338,298,302,270,380,245,270,322
LTR9C,LTR,ERV1,0,12,0,12,0,8,52,17,0,7
LTR9D,LTR,ERV1,54,210,129,368,231,132,56,174,457,116
MADE1,DNA,TcMar-Mariner,287,393,376,471,397,296,315,361,531,448
MADE2,DNA,TcMar-Mariner,319,468,523,651,439,374,838,503,665,614
Mam_R4,LINE,Dong-R4,73,106,108,77,118,78,59,71,95,93
MamGyp-int,LTR,Gypsy,239,247,228,280,269,292,304,227,335,271
MamGypLTR1a,LTR,Gypsy,44,64,36,63,99,24,21,41,67,32
MamGypLTR1b,LTR,Gypsy,908,1104,1324,843,816,1308,2157,950,874,1161
MamGypLTR1c,LTR,Gypsy,91,140,76,136,16,64,23,70,44,119
MamGypLTR1d,LTR,Gypsy,15,36,55,36,125,44,0,40,36,60
MamGypLTR2b,LTR,Gypsy,24,80,44,56,20,63,4,20,43,12
MamGypLTR2c,LTR,Gypsy,16,32,36,56,131,51,279,112,146,84
MamGypLTR3,LTR,Gypsy,12,12,28,40,50,63,64,42,16,16
MamGypLTR3a,LTR,Gypsy,60,116,158,115,77,87,316,103,155,60
MamGypsy2-I,LTR,Gypsy,278,183,257,402,384,88,259,248,239,152
MamGypsy2-LTR,LTR,Gypsy,24,44,55,56,95,64,104,64,15,83
MamRep1151,LTR?,LTR?,173,275,259,270,62,218,355,161,202,211
MamRep1161,DNA,TcMar-Tigger,0,12,8,0,0,0,44,8,0,0
MamRep137,DNA,TcMar-Tigger,719,1091,877,1210,793,739,1293,702,767,780
MamRep1527,LTR,LTR,128,144,128,74,97,80,221,56,168,140
MamRep1879,DNA,hAT-Tip100?,82,317,208,248,40,123,160,180,170,140
MamRep1894,DNA,hAT,36,120,84,114,62,32,148,88,109,203
MamRep38,DNA,hAT,375,364,372,424,277,282,672,314,365,346
MamRep4096,DNA,hAT-Tip100,103,220,122,156,219,83,134,163,151,84
MamRep434,DNA,TcMar-Tigger,707,707,624,682,734,513,781,512,562,755
MamRep488,DNA,hAT-Tip100,112,56,59,17,99,52,0,40,76,36
MamRep564,Unknown,Unknown,143,227,220,104,263,191,320,129,100,444
MamRep605,LTR?,LTR?,825,1030,1135,1155,880,741,1336,896,865,1244
MamRTE1,LINE,RTE-BovB,5985,7153,6568,7102,5437,7046,9749,5423,7150,9216
MamSINE1,SINE,tRNA-RTE,2655,3314,2889,3061,2145,2641,5077,2469,3571,3718
MamTip1,DNA,hAT-Tip100,76,191,99,160,146,100,155,115,115,215
MamTip2,DNA,hAT-Tip100,1069,1277,840,1069,1246,907,2294,884,1205,1501
MamTip3,DNA,hAT-Tip100,70,104,119,127,56,16,64,112,142,155
MARNA,DNA,TcMar-Mariner,1589,1856,1675,2160,1625,1123,2260,1460,1619,1923
MER101,LTR,ERV1,52,71,28,116,0,76,71,80,109,68
MER101-int,LTR,ERV1,364,499,619,629,607,514,670,435,611,735
MER101B,LTR,ERV1,28,20,24,40,4,0,15,20,36,36
MER102a,DNA,hAT-Charlie,870,1485,1429,1487,1160,829,815,620,1119,762
MER102b,DNA,hAT-Charlie,1114,1402,1434,1796,1145,1283,1751,1243,1241,1350
MER102c,DNA,hAT-Charlie,859,999,1003,961,1038,1048,995,757,860,926
MER103C,DNA,hAT-Charlie,2440,3153,2666,2937,1503,2050,4362,2245,3675,1971
MER104,DNA,TcMar-Tc2,448,696,748,761,628,470,737,487,369,614
MER105,DNA,hAT-Charlie,231,261,278,357,115,164,460,306,209,296
MER106A,DNA,hAT-Charlie,92,222,212,167,79,183,214,159,48,127
MER106B,DNA,hAT-Charlie,273,243,127,309,200,234,391,176,132,196
MER107,DNA,hAT-Charlie,23,91,79,60,76,30,166,67,104,54
MER110,LTR,ERV1,4,4,36,56,0,24,4,28,128,44
MER110-int,LTR,ERV1,47,36,20,56,40,40,0,24,0,26
MER110A,LTR,ERV1,0,32,24,88,131,52,0,56,71,108
MER112,DNA,hAT-Charlie,1369,1277,1412,1653,1074,1202,1697,1015,1166,1415
MER113,DNA,hAT-Charlie,842,766,823,1087,725,728,1003,621,682,766
MER113A,DNA,hAT-Charlie,327,464,568,559,549,289,513,517,484,658
MER113B,DNA,hAT-Charlie,155,267,104,161,223,83,294,140,177,193
MER115,DNA,hAT-Tip100,378,452,397,642,536,303,771,465,760,343
MER117,DNA,hAT-Charlie,718,1011,755,992,1023,710,1770,1032,1120,1011
MER119,DNA,hAT-Charlie,309,361,279,307,166,327,274,275,301,375
MER11A,LTR,ERVK,127,317,242,336,277,267,357,218,335,224
MER11C,LTR,ERVK,204,306,228,311,175,186,267,167,163,253
MER11D,LTR,ERVK,18,18,9,32,60,11,29,15,34,38
MER121,DNA,hAT?,39,28,70,70,20,4,128,65,4,34
MER121B,DNA,hAT?,0,0,0,0,0,0,0,0,0,0
MER123,DNA?,DNA?,0,0,0,0,0,4,0,0,0,4
MER124,DNA?,DNA?,253,188,185,214,152,292,282,192,245,239
MER125,DNA,DNA,0,8,36,4,0,0,56,4,0,4
MER126,DNA,DNA,51,38,71,74,72,28,4,38,14,68
MER127,DNA,TcMar-Tigger,8,16,44,55,0,0,62,32,88,43
MER129,LTR?,LTR?,72,83,0,24,4,24,84,8,0,8
MER130,DNA,DNA,59,16,44,0,20,24,71,40,0,16
MER131,DNA?,DNA?,246,388,443,391,205,246,324,252,357,395
MER132,DNA,TcMar-Pogo,26,0,0,0,0,0,0,0,0,0
MER133A,DNA?,DNA?,0,0,0,0,0,0,0,0,0,0
MER133B,DNA?,DNA?,8,0,0,12,0,0,0,0,0,16
MER134,DNA?,DNA?,36,0,0,0,0,0,0,0,0,0
MER135,DNA,DNA,36,140,114,165,143,136,182,63,198,120
MER136,DNA,DNA,8,0,0,20,0,30,0,0,0,0
MER1A,DNA,hAT-Charlie,797,1056,1292,1109,934,858,1574,1039,1145,842
MER1B,DNA,hAT-Charlie,1609,2047,1849,2416,1296,1738,3385,2078,2246,1502
MER2,DNA,TcMar-Tigger,2625,3559,3357,3746,2646,3389,3419,3207,3199,3822
MER20,DNA,hAT-Charlie,3495,5043,4306,4864,3633,4193,6455,4092,4447,4573
MER20B,DNA,hAT-Charlie,764,1338,1116,1394,1241,888,1533,910,1404,1066
MER21-int,LTR,ERVL,204,387,390,403,169,364,400,394,257,238
MER21A,LTR,ERVL,821,940,674,1034,967,819,1307,649,743,859
MER21B,LTR,ERVL,1028,1470,1233,1497,1169,1205,1778,1236,1228,1358
MER21C,LTR,ERVL,1966,2827,2364,2688,1610,1847,3767,2733,2593,2203
MER2B,DNA,TcMar-Tigger,486,693,641,854,504,692,1110,509,725,794
MER3,DNA,hAT-Charlie,2414,2894,2920,3266,2155,2349,3790,2505,2075,2627
MER30,DNA,hAT-Charlie,768,1384,1042,1397,926,1030,1418,913,1231,1109
MER30B,DNA,hAT-Charlie,36,90,8,23,32,0,68,59,1,40
MER31-int,LTR,ERV1,191,173,227,293,185,144,384,151,236,139
MER31A,LTR,ERV1,249,266,260,397,286,214,169,358,327,338
MER31B,LTR,ERV1,429,339,298,306,252,166,371,406,314,237
MER33,DNA,hAT-Charlie,2078,2520,2683,2915,2510,2011,3139,2147,2001,2581
MER34,LTR,ERV1,237,161,151,192,241,234,458,200,223,167
MER34-int,LTR,ERV1,691,856,743,696,450,1087,1049,585,891,1077
MER34A,LTR,ERV1,69,224,190,183,82,154,240,193,73,127
MER34A1,LTR,ERV1,90,187,147,239,198,186,601,167,56,391
MER34B,LTR,ERV1,204,243,200,234,151,96,283,104,247,179
MER34B-int,LTR,ERV1,86,177,196,238,273,123,224,146,248,237
MER34C,LTR,ERV1,4,24,36,51,16,0,20,20,16,32
MER34C_,LTR,ERV1,110,127,60,83,55,56,61,83,40,43
MER34C2,LTR,ERV1,109,155,152,151,171,100,202,179,88,68
MER34D,LTR,ERV1,24,60,36,28,16,8,112,24,63,32
MER39,LTR,ERV1,254,422,376,607,319,424,664,503,621,511
MER39B,LTR,ERV1,356,364,372,534,451,316,310,327,538,623
MER4-int,LTR,ERV1,752,866,963,1150,913,669,520,695,956,808
MER41-int,LTR,ERV1,431,391,573,704,348,377,615,524,695,335
MER41A,LTR,ERV1,169,411,508,549,238,327,233,284,146,376
MER41B,LTR,ERV1,208,408,339,487,271,242,517,382,414,464
MER41C,LTR,ERV1,60,112,66,102,72,100,47,100,150,47
MER41D,LTR,ERV1,76,102,75,139,54,119,112,47,32,84
MER41E,LTR,ERV1,35,101,26,95,0,64,109,109,28,85
MER41G,LTR,ERV1,12,32,12,32,56,44,39,0,36,12
MER44A,DNA,TcMar-Tigger,1216,1583,1229,2099,1970,1491,2392,1177,1996,1876
MER44B,DNA,TcMar-Tigger,693,946,941,1111,739,848,978,894,872,768
MER44C,DNA,TcMar-Tigger,617,541,655,719,601,468,1103,616,567,628
MER44D,DNA,TcMar-Tigger,131,342,172,356,263,175,581,205,222,252
MER45A,DNA,hAT-Tip100,414,417,453,374,162,328,362,382,300,303
MER45B,DNA,hAT-Tip100,152,114,259,274,196,193,333,190,171,154
MER45C,DNA,hAT-Tip100,299,240,255,512,387,192,383,277,263,265
MER45R,DNA,hAT-Tip100,36,26,29,47,32,8,0,28,24,60
MER46C,DNA,TcMar-Tigger,1994,1794,1562,2388,2306,1277,1662,1380,1451,2489
MER47A,DNA,TcMar-Tigger,855,1221,1060,1385,1189,835,1274,923,995,1006
MER47B,DNA,TcMar-Tigger,86,72,115,199,86,98,294,148,203,116
MER47C,DNA,TcMar-Tigger,151,222,161,252,86,174,793,227,208,229
MER48,LTR,ERV1,0,52,65,73,32,24,139,16,80,6
MER49,LTR,ERV1,581,843,548,880,425,489,976,518,527,700
MER4A,LTR,ERV1,207,408,283,252,95,464,580,242,396,470
MER4A1,LTR,ERV1,356,581,375,462,245,430,810,407,642,567
MER4A1_,LTR,ERV1,140,278,156,299,157,195,676,310,426,350
MER4B,LTR,ERV1,1043,1167,935,1341,806,642,1420,895,951,612
MER4B-int,LTR,ERV1,167,246,146,301,101,177,289,137,48,218
MER4C,LTR,ERV1,103,212,96,103,202,115,174,116,59,120
MER4CL34,LTR,ERV1,63,96,112,135,71,96,230,32,180,128
MER4D,LTR,ERV1,150,224,232,425,186,178,321,229,263,256
MER4D0,LTR,ERV1,209,191,160,203,207,112,312,139,116,144
MER4D1,LTR,ERV1,131,312,310,346,417,328,586,360,305,173
MER4E,LTR,ERV1,108,145,117,230,162,132,192,140,199,256
MER4E1,LTR,ERV1,200,112,209,230,141,129,674,185,77,199
MER50,LTR,ERV1,158,281,299,335,341,296,480,291,191,245
MER50-int,LTR,ERV1,174,187,61,179,47,88,365,56,56,71
MER50B,LTR,ERV1,40,127,31,68,27,56,4,99,108,32
MER50C,LTR,ERV1,12,24,27,24,0,24,173,28,44,12
MER51-int,LTR,ERV1,53,210,163,195,168,188,266,199,358,229
MER51A,LTR,ERV1,329,334,463,697,402,334,641,151,346,306
MER51B,LTR,ERV1,118,124,64,84,75,36,325,88,20,62
MER51C,LTR,ERV1,17,48,42,79,84,40,28,22,37,70
MER51D,LTR,ERV1,0,4,0,32,16,16,4,20,0,36
MER51E,LTR,ERV1,39,36,20,36,11,12,84,20,75,28
MER52-int,LTR,ERV1,16,23,6,51,0,24,0,20,41,15
MER52A,LTR,ERV1,414,643,573,608,549,359,1261,509,621,771
MER52C,LTR,ERV1,52,50,67,132,85,87,124,67,206,88
MER52D,LTR,ERV1,86,89,143,218,98,97,203,54,104,92
MER53,DNA,hAT,546,500,561,794,471,383,409,303,422,637
MER54A,LTR,ERVL,216,200,107,161,141,66,135,123,258,128
MER54B,LTR,ERVL,0,20,12,57,59,28,0,36,39,76
MER57-int,LTR,ERV1,201,268,248,411,198,169,310,313,265,161
MER57A-int,LTR,ERV1,887,1219,1034,1431,883,905,1920,668,1318,1167
MER57A1,LTR,ERV1,106,270,139,232,173,138,221,198,136,178
MER57B1,LTR,ERV1,95,132,182,151,96,99,142,89,155,88
MER57B2,LTR,ERV1,151,273,177,326,144,208,317,145,319,164
MER57C1,LTR,ERV1,36,36,64,14,24,31,4,28,4,17
MER57C2,LTR,ERV1,27,37,16,66,8,31,131,44,45,8
MER57D,LTR,ERV1,0,44,23,48,91,39,140,28,7,0
MER57E1,LTR,ERV1,59,80,83,101,24,19,82,51,67,30
MER57E2,LTR,ERV1,0,0,0,0,0,0,0,12,0,0
MER57E3,LTR,ERV1,85,174,130,187,223,172,204,175,344,236
MER57F,LTR,ERV1,34,40,104,74,40,53,153,31,88,32
MER58A,DNA,hAT-Charlie,3752,4851,4343,4803,4307,4256,5565,3704,4984,5381
MER58B,DNA,hAT-Charlie,1580,2090,2109,2449,2013,1876,3284,1913,1753,1982
MER58C,DNA,hAT-Charlie,551,1055,1052,1363,767,687,623,767,986,1121
MER58D,DNA,hAT-Charlie,747,761,727,687,612,775,524,631,572,811
MER5A,DNA,hAT-Charlie,7252,10548,8878,9864,7311,8026,13526,7297,8963,10036
MER5A1,DNA,hAT-Charlie,1985,2288,2273,3078,2210,2220,3018,2099,2320,2269
MER5B,DNA,hAT-Charlie,4373,5369,5045,6149,3987,4390,5971,4474,5328,5273
MER5C,DNA,hAT-Charlie,218,192,318,355,366,210,225,402,192,350
MER5C1,DNA,hAT-Charlie,132,284,146,184,123,95,330,143,101,184
MER6,DNA,TcMar-Tigger,220,325,342,437,311,249,386,192,187,341
MER61-int,LTR,ERV1,498,492,495,590,197,269,370,457,358,459
MER61A,LTR,ERV1,92,140,80,28,24,71,58,72,48,124
MER61B,LTR,ERV1,48,104,52,110,73,67,44,59,124,100
MER61C,LTR,ERV1,24,111,5,85,39,6,20,71,67,57
MER61D,LTR,ERV1,48,40,41,42,0,0,120,36,103,36
MER61E,LTR,ERV1,51,131,115,173,75,82,16,68,179,104
MER61F,LTR,ERV1,24,28,12,107,28,12,137,20,4,8
MER63A,DNA,hAT-Blackjack,455,500,448,721,474,583,744,388,612,407
MER63B,DNA,hAT-Blackjack,525,367,386,489,324,403,461,345,307,528
MER63C,DNA,hAT-Blackjack,36,104,167,148,85,112,111,126,48,180
MER63D,DNA,hAT-Blackjack,179,214,166,373,406,230,563,346,145,368
MER65-int,LTR,ERV1,72,153,104,312,136,95,57,104,69,171
MER65A,LTR,ERV1,164,197,262,182,239,214,204,150,227,153
MER65B,LTR,ERV1,0,29,16,9,1,0,0,11,9,20
MER65C,LTR,ERV1,928,1139,1131,1221,1282,706,965,608,850,1074
MER65D,LTR,ERV1,81,69,46,93,71,11,80,41,71,75
MER66-int,LTR,ERV1,139,70,110,211,96,117,269,226,158,159
MER66A,LTR,ERV1,28,112,65,48,48,24,48,43,48,56
MER66B,LTR,ERV1,662,677,453,483,552,657,872,372,400,731
MER66C,LTR,ERV1,68,81,84,108,130,40,243,72,141,46
MER66D,LTR,ERV1,0,20,28,12,0,8,0,28,0,55
MER67A,LTR,ERV1,60,60,97,131,83,36,67,125,134,40
MER67B,LTR,ERV1,159,151,180,201,121,207,36,155,64,109
MER67C,LTR,ERV1,95,178,161,142,259,162,167,80,73,352
MER67D,LTR,ERV1,65,113,49,130,73,22,4,45,52,34
MER68,LTR,ERVL,493,819,802,1010,415,679,955,656,974,644
MER68-int,LTR,ERVL,139,50,103,107,95,56,137,85,55,108
MER68B,LTR,ERVL,191,210,226,161,105,135,208,196,204,124
MER68C,LTR,ERVL,4,36,16,29,0,19,86,8,84,27
MER6A,DNA,TcMar-Tigger,296,274,301,396,343,249,503,401,288,316
MER6B,DNA,TcMar-Tigger,86,151,115,191,203,221,88,217,246,158
MER6C,DNA,TcMar-Tigger,12,9,11,28,32,3,16,32,0,2
MER70-int,LTR,ERVL,34,56,69,138,63,75,270,77,119,38
MER70A,LTR,ERVL,16,35,107,67,119,36,24,100,57,28
MER70B,LTR,ERVL,36,36,4,48,102,4,108,4,0,48
MER70C,LTR,ERVL,28,28,34,67,35,8,0,4,40,8
MER72,LTR,ERV1,167,207,95,204,164,182,125,113,111,127
MER72B,LTR,ERV1,84,23,8,44,52,39,51,20,15,40
MER73,LTR,ERVL,4,33,13,65,5,6,32,100,85,32
MER74A,LTR,ERVL,275,417,331,441,395,242,849,305,832,429
MER74B,LTR,ERVL,187,169,280,200,168,146,526,252,132,176
MER74C,LTR,ERVL,0,20,8,8,0,19,16,36,0,8
MER75,DNA,PiggyBac,120,165,118,144,81,82,107,72,75,123
MER75A,DNA,PiggyBac,0,20,0,4,0,24,0,32,4,0
MER75B,DNA,PiggyBac,70,14,8,5,41,1,53,16,0,40
MER76,LTR,ERVL,53,149,82,152,48,47,157,100,125,165
MER76-int,LTR,ERVL,32,26,19,39,0,48,83,40,60,56
MER77,LTR,ERVL,644,942,703,999,593,675,1098,793,890,944
MER77B,LTR,ERVL,380,424,251,470,206,382,718,387,125,220
MER8,DNA,TcMar-Tigger,577,598,696,928,628,598,765,730,814,817
MER81,DNA,hAT-Blackjack,170,344,240,339,292,214,468,247,244,231
MER83,LTR,ERV1,130,77,120,138,143,111,387,149,107,94
MER83A-int,LTR,ERV1,0,32,16,20,0,4,181,4,0,12
MER83B,LTR,ERV1,12,45,15,29,75,12,83,71,24,33
MER83B-int,LTR,ERV1,52,68,52,185,48,19,47,12,40,68
MER83C,LTR,ERV1,20,24,12,14,24,0,0,20,0,12
MER84,LTR,ERV1,160,325,170,435,187,96,79,92,63,80
MER84-int,LTR,ERV1,5,10,11,25,17,9,10,11,6,10
MER85,DNA,PiggyBac,253,243,237,274,171,333,211,200,285,186
MER87,LTR,ERV1,0,28,35,0,4,20,28,24,1,4
MER87B,LTR,ERV1,23,24,0,64,24,16,51,51,75,12
MER88,LTR,ERVL,32,20,20,52,0,0,0,12,0,0
MER89,LTR,ERV1,163,275,115,219,82,190,403,166,122,315
MER89-int,LTR,ERV1,56,102,104,60,13,23,99,30,56,56
MER90,LTR,ERV1,113,162,158,148,113,190,123,105,106,101
MER90a,LTR,ERV1,213,431,341,370,436,211,546,273,325,219
MER91A,DNA,hAT-Tip100,455,436,343,555,386,404,641,461,288,373
MER91B,DNA,hAT-Tip100,136,316,146,255,96,224,366,294,246,222
MER91C,DNA,hAT-Tip100,257,337,198,360,371,99,452,131,190,185
MER92-int,LTR,ERV1,190,144,158,169,93,138,219,85,112,87
MER92A,LTR,ERV1,0,0,0,0,61,16,0,4,0,12
MER92B,LTR,ERV1,224,328,305,283,270,260,453,210,298,266
MER92C,LTR,ERV1,24,4,0,8,0,28,0,4,0,8
MER92D,LTR,ERV1,4,32,12,20,4,28,95,56,11,24
MER94,DNA,hAT-Blackjack,640,865,842,1005,555,577,914,625,733,1181
MER94B,DNA,hAT-Blackjack,63,53,64,104,19,32,124,67,85,52
MER95,LTR,ERV1,35,55,54,71,61,50,56,56,63,48
MER96,DNA,hAT-Tip100,104,172,235,111,174,52,363,151,155,108
MER96B,DNA,hAT-Tip100,246,302,277,407,250,192,371,256,386,251
MER97a,DNA,hAT-Tip100,0,17,7,56,0,0,0,8,0,0
MER97b,DNA,hAT-Tip100,0,0,0,4,0,4,0,0,0,0
MER97c,DNA,hAT-Tip100,0,16,12,56,20,0,12,4,0,8
MER97d,DNA,hAT-Tip100,44,40,52,24,0,56,60,36,92,68
MER99,DNA,hAT?,8,60,27,43,28,59,0,28,32,20
MER9a1,LTR,ERVK,15,60,30,41,29,36,12,77,96,73
MER9a2,LTR,ERVK,73,38,31,51,42,42,93,82,100,74
MER9a3,LTR,ERVK,263,219,186,229,201,136,448,208,213,198
MER9B,LTR,ERVK,8,0,0,1,5,0,0,4,4,12
Merlin1_HS,DNA,Merlin,8,67,56,8,27,48,0,0,36,19
MERX,DNA,TcMar-Tigger,24,96,64,155,44,28,66,67,67,124
MIR,SINE,MIR,29915,39282,34631,42055,28708,30837,55102,32353,34552,33920
MIR1_Amn,SINE,MIR,2223,2698,2692,3164,2047,2540,4083,2158,2718,2560
MIR3,SINE,MIR,20038,25871,23293,24691,20068,20739,36113,19914,22685,24383
MIRb,SINE,MIR,38262,51236,47791,53746,39948,38713,66436,43212,47828,45186
MIRc,SINE,MIR,18018,23875,21061,24757,18365,18614,32457,18841,23150,21407
MLT-int,LTR,ERVL-MaLR,128,122,203,288,212,104,109,97,102,123
MLT1-int,LTR,ERVL-MaLR,44,20,50,18,40,44,56,33,26,30
MLT1A,LTR,ERVL-MaLR,1537,1815,1586,2082,1579,1298,2674,1529,1777,1559
MLT1A-int,LTR,ERVL-MaLR,148,280,290,340,211,255,168,190,266,136
MLT1A0,LTR,ERVL-MaLR,3288,3802,2992,4287,3096,2679,5702,3202,3673,3664
MLT1A0-int,LTR,ERVL-MaLR,105,194,134,246,133,82,281,211,284,137
MLT1A1,LTR,ERVL-MaLR,1038,1451,1113,1765,1005,1066,1791,1003,1522,1070
MLT1A1-int,LTR,ERVL-MaLR,36,215,124,182,183,241,299,135,324,183
MLT1B,LTR,ERVL-MaLR,4637,6694,5946,9014,7835,4840,7939,4735,8328,6729
MLT1B-int,LTR,ERVL-MaLR,244,400,198,393,155,277,244,332,405,379
MLT1C,LTR,ERVL-MaLR,3591,4908,4449,5493,4194,3627,7433,4269,4007,4747
MLT1C-int,LTR,ERVL-MaLR,96,152,120,212,274,136,179,179,183,108
MLT1D,LTR,ERVL-MaLR,3811,4696,4328,5147,3867,4089,6717,4311,4620,4150
MLT1D-int,LTR,ERVL-MaLR,853,906,1083,1377,619,797,1247,961,1416,1096
MLT1E,LTR,ERVL-MaLR,64,160,91,214,40,76,168,77,68,43
MLT1E-int,LTR,ERVL-MaLR,0,0,0,0,0,0,0,0,0,0
MLT1E1,LTR,ERVL-MaLR,60,115,116,185,28,148,421,128,32,66
MLT1E1-int,LTR,ERVL-MaLR,0,0,0,0,0,0,0,0,0,0
MLT1E1A,LTR,ERVL-MaLR,500,666,440,942,353,470,1234,558,518,431
MLT1E1A-int,LTR,ERVL-MaLR,59,36,32,44,20,8,8,32,52,80
MLT1E2,LTR,ERVL-MaLR,831,1007,742,927,687,799,1133,855,1077,832
MLT1E2-int,LTR,ERVL-MaLR,4,35,64,7,12,21,67,54,25,57
MLT1E3,LTR,ERVL-MaLR,288,336,255,443,315,181,389,261,382,200
MLT1E3-int,LTR,ERVL-MaLR,4,15,36,11,28,4,16,30,52,25
MLT1F,LTR,ERVL-MaLR,879,1483,1237,1474,1093,989,1902,1039,1187,1309
MLT1F-int,LTR,ERVL-MaLR,140,128,80,151,76,111,375,172,151,79
MLT1F1,LTR,ERVL-MaLR,475,740,769,790,633,902,973,672,704,812
MLT1F1-int,LTR,ERVL-MaLR,62,91,71,78,123,75,142,100,32,96
MLT1F2,LTR,ERVL-MaLR,857,1132,1119,1481,860,842,1521,1071,1086,1093
MLT1F2-int,LTR,ERVL-MaLR,18,36,50,91,46,47,114,34,65,35
MLT1G,LTR,ERVL-MaLR,452,468,385,558,395,474,920,552,499,420
MLT1G-int,LTR,ERVL-MaLR,84,87,119,96,48,68,47,136,132,108
MLT1G1,LTR,ERVL-MaLR,614,599,690,827,557,535,1043,651,738,557
MLT1G1-int,LTR,ERVL-MaLR,0,52,28,32,0,44,28,41,69,23
MLT1G3,LTR,ERVL-MaLR,341,527,461,599,460,412,579,429,435,350
MLT1G3-int,LTR,ERVL-MaLR,119,128,89,80,4,75,36,41,53,40
MLT1H,LTR,ERVL-MaLR,1678,1925,1817,2496,1395,1559,3147,1670,2119,2170
MLT1H-int,LTR,ERVL-MaLR,264,193,302,267,284,164,260,183,228,149
MLT1H1,LTR,ERVL-MaLR,404,457,459,644,229,354,466,412,761,502
MLT1H1-int,LTR,ERVL-MaLR,28,61,17,42,0,11,32,27,87,4
MLT1H2,LTR,ERVL-MaLR,2118,2450,2299,2120,1951,2747,4333,1712,2967,2327
MLT1H2-int,LTR,ERVL-MaLR,32,44,24,88,8,24,167,23,166,20
MLT1I,LTR,ERVL-MaLR,1079,1376,1430,1725,1086,1037,2261,1140,1285,1251
MLT1I-int,LTR,ERVL-MaLR,108,138,40,146,76,21,14,24,0,59
MLT1J,LTR,ERVL-MaLR,2974,3597,3557,4473,2968,2750,5257,2908,3253,2865
MLT1J-int,LTR,ERVL-MaLR,76,334,247,310,111,211,285,211,112,174
MLT1J1,LTR,ERVL-MaLR,577,451,376,597,418,374,859,497,449,454
MLT1J1-int,LTR,ERVL-MaLR,60,75,119,132,122,34,126,61,71,114
MLT1J2,LTR,ERVL-MaLR,828,997,787,1015,757,661,1488,846,950,838
MLT1J2-int,LTR,ERVL-MaLR,84,4,83,48,72,47,14,88,24,59
MLT1K,LTR,ERVL-MaLR,2289,3036,2872,3479,2196,2330,3696,2432,2966,2934
MLT1K-int,LTR,ERVL-MaLR,0,20,36,44,4,16,40,0,0,20
MLT1L,LTR,ERVL-MaLR,1428,1914,2213,2265,1757,1751,2564,1918,2068,2407
MLT1L-int,LTR,ERVL-MaLR,0,8,12,0,0,4,0,4,28,4
MLT1M,LTR,ERVL-MaLR,255,386,279,461,322,359,982,376,362,386
MLT1M-int,LTR,ERVL-MaLR,0,0,0,0,0,0,0,0,0,0
MLT1N2,LTR,ERVL-MaLR,425,769,642,689,428,436,1026,575,645,743
MLT1N2-int,LTR,ERVL-MaLR,0,0,8,4,0,8,0,8,0,0
MLT1O,LTR,ERVL-MaLR,720,919,568,918,870,439,877,633,650,736
MLT1O-int,LTR,ERVL-MaLR,0,0,4,0,0,0,0,0,0,0
MLT2A1,LTR,ERVL,300,429,441,470,517,228,674,453,344,408
MLT2A2,LTR,ERVL,519,434,499,602,340,296,516,502,371,490
MLT2B1,LTR,ERVL,228,423,343,552,256,276,713,400,253,341
MLT2B2,LTR,ERVL,121,182,226,300,209,165,286,181,264,117
MLT2B3,LTR,ERVL,649,646,599,907,818,531,947,633,603,760
MLT2B4,LTR,ERVL,569,534,412,872,408,342,607,494,711,482
MLT2B5,LTR,ERVL,26,36,0,44,0,4,4,44,39,8
MLT2C1,LTR,ERVL,218,172,175,345,309,188,318,260,199,289
MLT2C2,LTR,ERVL,167,155,57,248,104,93,279,114,116,159
MLT2D,LTR,ERVL,545,655,735,917,558,520,1163,486,610,536
MLT2E,LTR,ERVL,0,12,24,36,77,12,15,15,0,8
MLT2F,LTR,ERVL,309,396,424,519,262,210,794,286,257,386
MSR1,Satellite,Satellite,114,153,191,119,117,106,214,34,169,145
MST-int,LTR,ERVL-MaLR,230,169,171,263,258,157,206,112,112,164
MSTA,LTR,ERVL-MaLR,2816,2951,2577,3627,2068,1849,4034,2548,2504,2627
MSTA-int,LTR,ERVL-MaLR,1005,1359,1244,1478,1044,787,2010,1179,1268,1076
MSTA1,LTR,ERVL-MaLR,127,141,150,270,47,136,117,87,193,52
MSTA1-int,LTR,ERVL-MaLR,0,0,0,4,0,0,0,0,0,0
MSTB,LTR,ERVL-MaLR,1610,1982,1658,1842,1277,1428,2907,1756,1613,1531
MSTB-int,LTR,ERVL-MaLR,277,565,442,660,490,435,802,430,392,323
MSTB1,LTR,ERVL-MaLR,565,868,725,945,486,803,828,734,950,687
MSTB1-int,LTR,ERVL-MaLR,31,43,36,51,44,16,100,40,47,44
MSTB2,LTR,ERVL-MaLR,206,348,235,453,181,274,330,271,243,274
MSTB2-int,LTR,ERVL-MaLR,26,47,44,29,28,0,99,16,0,28
MSTC,LTR,ERVL-MaLR,328,769,742,907,509,417,997,731,955,686
MSTC-int,LTR,ERVL-MaLR,4,92,63,95,64,12,0,28,32,20
MSTD,LTR,ERVL-MaLR,1105,1279,1398,1685,1126,1113,2306,1175,1190,1039
MSTD-int,LTR,ERVL-MaLR,157,276,156,317,218,175,356,309,202,267
OldhAT1,DNA,hAT-Ac,2944,2917,3317,3624,2443,2896,4625,2599,3807,3652
ORSL,DNA,hAT-Tip100,153,188,151,231,107,136,189,73,62,270
ORSL-2a,DNA,hAT-Tip100,89,47,74,76,174,53,188,51,48,78
ORSL-2b,DNA,hAT-Tip100,89,88,152,121,96,82,152,100,144,119
PABL_A,LTR,ERV1,140,113,141,89,64,165,252,151,156,77
PABL_A-int,LTR,ERV1,66,231,139,324,99,114,275,176,154,140
PABL_B,LTR,ERV1,36,71,144,126,18,105,23,39,58,27
PABL_B-int,LTR,ERV1,270,362,254,284,232,257,677,164,306,249
Penelope1_Vert,LINE,Penelope,235,348,285,306,204,301,438,237,388,464
Plat_L3,LINE,CR1,766,913,811,1046,682,747,1322,715,1184,786
PRIMA4_LTR,LTR,ERV1,71,105,61,79,56,48,103,56,76,108
PRIMA4-int,LTR,ERV1,319,227,273,387,123,224,108,234,242,259
PRIMA41-int,LTR,ERV1,96,31,23,68,67,48,46,32,20,64
PRIMAX-int,LTR,ERV1,0,4,0,0,0,8,0,0,0,0
PrimLTR79,LTR,ERV1,92,116,48,72,106,52,82,24,100,52
REP522,Satellite,telo,0,3,2,38,0,0,0,4,0,0
Ricksha,DNA,MULE-MuDR,20,57,24,70,40,0,92,28,0,15
Ricksha_0,DNA,MULE-MuDR,55,92,95,170,82,63,253,60,84,36
Ricksha_a,DNA,MULE-MuDR,0,44,131,46,96,0,47,29,66,0
Ricksha_b,DNA,MULE-MuDR,0,11,48,56,99,8,8,58,63,24
Ricksha_c,DNA,MULE-MuDR,107,194,178,179,151,98,145,168,274,152
SAR,Satellite,Satellite,0,0,0,6,0,20,0,0,20,0
SATR1,Satellite,Satellite,7,25,6,52,91,44,92,16,49,30
SATR2,Satellite,Satellite,46,69,36,138,4,36,57,52,80,35
SST1,Satellite,centr,26,81,46,53,21,34,107,45,25,61
SSU-rRNA_Hsa,rRNA,rRNA,4130,104459,18591,13974,30729,10100,19290,4261,13866,4119
SVA_A,Retroposon,SVA,215,340,476,712,427,228,602,291,438,283
SVA_B,Retroposon,SVA,111,181,206,149,167,182,262,116,81,110
SVA_C,Retroposon,SVA,147,138,135,145,68,106,234,109,106,71
SVA_D,Retroposon,SVA,162,329,253,259,203,239,602,251,121,203
SVA_E,Retroposon,SVA,92,168,147,144,62,78,135,108,58,89
SVA_F,Retroposon,SVA,214,207,164,259,178,249,416,149,243,202
TAR1,Satellite,telo,0,13,15,43,9,0,0,13,12,2
THE1-int,LTR,ERVL-MaLR,121,167,60,104,8,43,66,100,208,39
THE1A,LTR,ERVL-MaLR,728,1587,1327,1652,991,1136,2507,1248,1321,1297
THE1A-int,LTR,ERVL-MaLR,1356,1972,1689,2076,1102,1340,2562,1604,1240,1561
THE1B,LTR,ERVL-MaLR,2242,2855,2574,3273,2122,2150,4513,2583,2570,2672
THE1B-int,LTR,ERVL-MaLR,1335,1420,1359,2015,1399,1155,3164,1865,1393,1341
THE1C,LTR,ERVL-MaLR,1276,1428,1194,1264,1287,1091,1901,1388,1158,1177
THE1C-int,LTR,ERVL-MaLR,580,632,612,982,495,467,1309,613,479,520
THE1D,LTR,ERVL-MaLR,955,1399,1360,2096,1199,1209,2738,1348,1382,1416
THE1D-int,LTR,ERVL-MaLR,744,878,808,1004,756,579,1338,906,706,548
Tigger1,DNA,TcMar-Tigger,7020,8903,8446,10577,6987,6711,11205,8146,8012,7349
Tigger10,DNA,TcMar-Tigger,547,858,833,959,895,759,1004,602,757,1059
Tigger11a,DNA,TcMar-Tigger,623,630,684,658,585,776,629,423,657,772
Tigger12,DNA,TcMar-Tigger,214,544,396,667,260,333,560,353,340,449
Tigger12A,DNA,TcMar-Tigger,146,269,342,344,256,176,256,232,370,292
Tigger12c,DNA,TcMar-Tigger,96,214,196,347,297,233,280,234,229,368
Tigger13a,DNA,TcMar-Tigger,748,934,728,1085,582,668,909,662,898,697
Tigger14a,DNA,TcMar-Tigger,318,459,398,670,284,248,452,254,210,391
Tigger15a,DNA,TcMar-Tigger,1338,1663,1821,1705,1207,1181,1559,1598,1628,1551
Tigger16a,DNA,TcMar-Tigger,383,568,345,543,351,355,564,396,233,581
Tigger16b,DNA,TcMar-Tigger,660,682,690,723,479,436,1015,654,710,827
Tigger17,DNA,TcMar-Tigger,43,31,4,28,16,4,32,56,0,56
Tigger17a,DNA,TcMar-Tigger,984,1083,1100,1370,958,879,1442,1040,998,1365
Tigger17b,DNA,TcMar-Tigger,24,16,0,8,21,48,110,12,0,36
Tigger17c,DNA,TcMar-Tigger,315,308,285,345,215,399,325,348,326,532
Tigger18a,DNA,TcMar-Tigger,235,500,462,520,215,229,964,256,341,417
Tigger19a,DNA,TcMar-Tigger,1102,1310,1383,1652,1135,946,1651,1133,1369,1334
Tigger19b,DNA,TcMar-Tigger,1270,1315,1664,1599,1205,1145,1574,1148,1389,1706
Tigger1a_Art,DNA,TcMar-Tigger,10,60,25,17,43,38,68,73,28,72
Tigger1a_Mars,DNA,TcMar-Tigger,0,0,0,0,0,4,0,0,0,0
Tigger2,DNA,TcMar-Tigger,1435,1739,1419,1767,1058,1409,2479,1372,1741,1527
Tigger20a,DNA,TcMar-Tigger,169,286,330,431,185,244,460,303,278,304
Tigger2a,DNA,TcMar-Tigger,587,1093,972,1417,772,618,1192,847,1319,823
Tigger2b_Pri,DNA,TcMar-Tigger,324,509,455,718,386,459,749,567,353,515
Tigger3,DNA,TcMar-Tigger,291,347,393,351,300,351,393,234,246,170
Tigger3a,DNA,TcMar-Tigger,1550,1543,1629,1818,1630,1198,2054,1513,1390,1553
Tigger3b,DNA,TcMar-Tigger,1617,1932,2186,2512,1677,1655,2142,1869,1765,1731
Tigger3c,DNA,TcMar-Tigger,545,525,715,988,540,498,939,580,529,590
Tigger3d,DNA,TcMar-Tigger,246,267,230,348,46,348,514,203,235,185
Tigger4,DNA,TcMar-Tigger,474,540,690,648,518,423,795,631,664,481
Tigger4a,DNA,TcMar-Tigger,997,1280,1025,1383,766,794,1129,993,787,1153
Tigger4b,DNA,TcMar-Tigger,936,1323,1540,1804,1419,1282,1605,1124,1253,1649
Tigger5,DNA,TcMar-Tigger,141,267,191,321,334,136,255,213,164,266
Tigger5b,DNA,TcMar-Tigger,709,490,624,661,610,634,877,656,739,660
Tigger6a,DNA,TcMar-Tigger,296,246,183,335,150,269,353,241,319,226
Tigger6b,DNA,TcMar-Tigger,80,28,44,28,88,32,4,64,0,44
Tigger7,DNA,TcMar-Tigger,1007,1478,1155,1539,1157,1124,2104,1454,1312,1611
Tigger8,DNA,TcMar-Tigger,128,249,202,271,268,147,218,230,487,194
Tigger9a,DNA,TcMar-Tigger,279,223,342,427,209,201,159,167,163,269
Tigger9b,DNA,TcMar-Tigger,203,280,216,319,235,96,470,132,143,254
tRNA-Ala-GCA,tRNA,tRNA,0,4,0,24,0,0,0,0,0,8
tRNA-Ala-GCG,tRNA,tRNA,0,0,0,0,0,0,0,0,0,0
tRNA-Ala-GCY,tRNA,tRNA,0,0,0,0,0,0,0,0,0,0
tRNA-Ala-GCY_,tRNA,tRNA,4,0,0,0,0,0,0,0,0,0
tRNA-Arg-AGA,tRNA,tRNA,0,0,12,4,26,4,0,0,46,4
tRNA-Arg-AGG,tRNA,tRNA,0,32,0,0,0,0,0,0,0,0
tRNA-Arg-CGA,tRNA,tRNA,0,0,0,0,0,0,0,0,0,0
tRNA-Arg-CGA_,tRNA,tRNA,0,0,0,0,0,0,0,0,0,0
tRNA-Arg-CGG,tRNA,tRNA,0,20,0,12,24,0,0,0,0,0
tRNA-Arg-CGY_,tRNA,tRNA,0,0,27,0,0,0,0,2,0,0
tRNA-Asn-AAC,tRNA,tRNA,0,1,6,0,0,7,0,0,0,7
tRNA-Asn-AAT,tRNA,tRNA,0,0,0,0,0,0,0,0,0,0
tRNA-Asp-GAY,tRNA,tRNA,0,0,0,0,8,12,0,0,4,7
tRNA-Cys-TGY,tRNA,tRNA,47,4,12,24,8,4,0,0,0,0
tRNA-Gln-CAA,tRNA,tRNA,0,24,4,0,0,8,59,8,0,28
tRNA-Gln-CAA_,tRNA,tRNA,6,2,5,0,0,6,29,12,0,0
tRNA-Gln-CAG,tRNA,tRNA,0,8,4,0,0,0,0,4,0,12
tRNA-Glu-GAA,tRNA,tRNA,19,16,34,27,28,14,0,6,40,5
tRNA-Glu-GAG,tRNA,tRNA,0,0,0,0,0,0,0,0,0,0
tRNA-Glu-GAG_,tRNA,tRNA,90,79,105,165,110,62,14,17,36,39
tRNA-Gly-GGA,tRNA,tRNA,0,56,0,52,0,0,12,16,0,24
tRNA-Gly-GGG,tRNA,tRNA,0,0,0,4,0,0,0,8,0,0
tRNA-Gly-GGY,tRNA,tRNA,0,24,0,0,0,0,28,0,52,0
tRNA-His-CAY,tRNA,tRNA,0,0,0,0,0,0,0,0,0,0
tRNA-His-CAY_,tRNA,tRNA,13,19,7,18,26,6,1,11,10,12
tRNA-Ile-ATA,tRNA,tRNA,64,48,0,12,44,4,32,16,0,35
tRNA-Ile-ATC,tRNA,tRNA,0,0,0,0,0,0,0,0,0,0
tRNA-Ile-ATT,tRNA,tRNA,4,36,36,40,36,64,28,39,73,4
tRNA-Leu-CTA,tRNA,tRNA,0,0,0,0,0,0,0,0,0,0
tRNA-Leu-CTA_,tRNA,tRNA,0,0,0,0,0,0,0,0,0,0
tRNA-Leu-CTG,tRNA,tRNA,15,0,0,0,0,0,0,0,0,0
tRNA-Leu-CTY,tRNA,tRNA,0,0,3,0,0,7,0,0,0,0
tRNA-Leu-TTA,tRNA,tRNA,0,0,0,0,4,0,0,0,0,0
tRNA-Leu-TTA_m_,tRNA,tRNA,27,140,52,159,192,107,63,48,32,44
tRNA-Leu-TTG,tRNA,tRNA,0,0,0,0,0,0,0,4,0,4
tRNA-Lys-AAA,tRNA,tRNA,19,0,0,16,0,0,0,4,0,0
tRNA-Lys-AAG,tRNA,tRNA,75,48,48,20,55,16,82,40,4,48
tRNA-Met,tRNA,tRNA,20,0,0,20,4,0,0,0,0,16
tRNA-Met_,tRNA,tRNA,0,8,0,12,0,0,0,0,0,0
tRNA-Met-i,tRNA,tRNA,0,0,4,0,0,0,0,24,0,8
tRNA-Phe-TTY,tRNA,tRNA,8,12,0,0,0,0,0,4,0,0
tRNA-Pro-CCA,tRNA,tRNA,0,0,0,0,8,0,0,0,0,0
tRNA-Pro-CCG,tRNA,tRNA,0,0,0,0,0,0,0,0,0,0
tRNA-Pro-CCY,tRNA,tRNA,4,0,0,4,4,36,0,0,0,0
tRNA-SeC_e_-TGA,tRNA,tRNA,0,0,0,0,0,0,0,0,0,0
tRNA-Ser-AGY,tRNA,tRNA,0,0,0,0,0,0,0,0,0,8
tRNA-Ser-TCA,tRNA,tRNA,0,0,0,0,0,0,0,0,0,0
tRNA-Ser-TCA_,tRNA,tRNA,0,0,0,0,0,0,0,0,0,0
tRNA-Ser-TCA_m_,tRNA,tRNA,193,169,218,29,31,185,364,265,137,93
tRNA-Ser-TCG,tRNA,tRNA,0,0,0,0,0,0,0,0,0,0
tRNA-Ser-TCY,tRNA,tRNA,0,0,0,0,0,0,0,8,0,0
tRNA-Thr-ACA,tRNA,tRNA,0,0,12,0,0,0,0,0,0,0
tRNA-Thr-ACG,tRNA,tRNA,0,4,0,0,0,0,0,4,0,4
tRNA-Thr-ACG_,tRNA,tRNA,0,0,0,0,0,0,0,0,0,0
tRNA-Thr-ACY,tRNA,tRNA,0,0,0,4,0,0,0,0,0,0
tRNA-Thr-ACY_,tRNA,tRNA,0,0,0,0,0,0,0,0,0,0
tRNA-Trp-TGG,tRNA,tRNA,0,0,0,0,0,0,0,0,0,0
tRNA-Tyr-TAC,tRNA,tRNA,0,0,0,32,0,0,0,4,0,8
tRNA-Tyr-TAT,tRNA,tRNA,0,0,0,0,0,0,0,0,0,0
tRNA-Val-GTA,tRNA,tRNA,0,0,0,0,0,0,0,0,0,0
tRNA-Val-GTG,tRNA,tRNA,0,0,0,0,0,0,0,25,69,3
tRNA-Val-GTY,tRNA,tRNA,0,4,0,0,0,0,0,1,0,0
U1,snRNA,snRNA,142,131,84,285,216,121,139,139,188,185
U13,snRNA,snRNA,32,116,63,67,80,28,43,53,99,26
U13_,snRNA,snRNA,24,61,79,121,24,39,167,29,72,65
U14,snRNA,snRNA,63,106,43,64,197,76,180,36,28,196
U17,snRNA,snRNA,1032,2078,1573,4599,2477,1132,2201,1009,1967,2275
U2,snRNA,snRNA,170,390,231,706,472,254,237,183,237,358
U3,snRNA,snRNA,2788,5171,3990,10712,5549,4081,7516,2666,5542,3738
U4,snRNA,snRNA,39,52,94,152,122,99,28,44,87,53
U5,snRNA,snRNA,28,3,40,8,24,28,91,21,40,46
U6,snRNA,snRNA,258,333,298,336,366,252,276,215,210,231
U7,snRNA,snRNA,111,28,60,52,8,71,4,28,32,40
U8,snRNA,snRNA,0,0,0,0,0,0,0,0,28,0
UCON1,Unknown,Unknown,0,0,0,0,0,0,0,0,0,0
UCON100,DNA?,DNA?,0,0,0,0,0,4,0,15,28,0
UCON101,Unknown,Unknown,0,0,0,0,0,0,0,0,0,0
UCON103,Unknown,Unknown,0,0,0,0,0,0,0,0,0,0
UCON105,Unknown,Unknown,98,52,103,92,126,56,51,89,68,66
UCON107,DNA,hAT-Tag1,60,4,96,55,0,31,52,20,16,108
UCON11,DNA,TcMar-Tigger,0,0,0,0,0,0,0,0,0,0
UCON12,Unknown,Unknown,4,0,4,24,0,0,0,0,0,0
UCON12A,Unknown,Unknown,0,0,0,0,0,0,0,0,0,0
UCON132b,DNA,hAT-Tip100,56,197,69,151,87,50,210,101,47,134
UCON14,DNA?,DNA?,28,20,0,0,12,16,0,8,100,0
UCON15,Unknown,Unknown,0,0,0,0,0,0,0,0,0,0
UCON16,Unknown,Unknown,11,4,0,20,0,0,0,0,0,4
UCON17,Unknown,Unknown,0,0,8,8,0,0,0,4,0,0
UCON18,Unknown,Unknown,0,0,4,0,0,0,0,0,0,0
UCON19,Unknown,Unknown,0,0,0,0,0,0,0,0,0,0
UCON2,DNA?,DNA?,40,32,44,63,123,28,32,39,135,28
UCON20,Unknown,Unknown,0,0,8,0,0,8,0,0,0,4
UCON21,DNA?,DNA?,0,0,0,0,0,0,24,0,0,0
UCON22,Unknown,Unknown,0,27,0,12,0,0,0,0,0,0
UCON23,DNA,hAT-Tip100?,0,24,0,24,0,0,28,4,12,16
UCON24,Unknown,Unknown,0,0,0,0,0,0,0,0,0,0
UCON25,Unknown,Unknown,0,0,0,4,0,14,0,0,0,4
UCON26,Unknown,Unknown,72,8,44,24,8,39,31,24,0,48
UCON27,Unknown,Unknown,0,4,28,12,16,0,0,4,0,0
UCON28a,Unknown,Unknown,0,12,8,4,4,0,0,0,0,24
UCON28b,Unknown,Unknown,8,0,28,12,0,4,0,0,8,0
UCON28c,Unknown,Unknown,0,0,0,4,0,0,35,12,0,24
UCON29,DNA,PiggyBac?,0,52,16,7,68,52,0,20,63,40
UCON31,Unknown,Unknown,0,28,0,0,0,0,0,0,0,0
UCON33,DNA,TcMar-Tigger,24,24,23,16,16,4,0,12,44,0
UCON34,Unknown,Unknown,84,60,171,96,72,48,71,52,92,79
UCON35,Unknown,Unknown,35,0,4,0,22,0,0,4,0,12
UCON37,Unknown,Unknown,0,20,4,4,4,0,8,0,44,8
UCON38,Unknown,Unknown,4,20,24,48,0,0,44,7,0,20
UCON39,DNA,TcMar-Tigger,135,76,52,104,12,96,71,52,40,180
UCON4,Unknown,Unknown,20,72,48,72,51,104,48,47,107,83
UCON40,Unknown,Unknown,214,60,176,199,228,82,140,72,112,176
UCON41,Unknown,Unknown,0,0,0,0,0,0,55,0,0,0
UCON43,Unknown,Unknown,0,0,16,20,0,0,8,4,0,0
UCON44,Unknown,Unknown,0,0,0,12,0,0,24,16,63,13
UCON46,Unknown,Unknown,4,0,0,4,52,0,0,0,0,0
UCON47,Unknown,Unknown,43,55,35,62,20,36,91,24,24,72
UCON48,Unknown,Unknown,0,28,12,48,0,16,0,4,0,0
UCON49,LINE,L2,12,16,44,52,40,28,0,36,0,16
UCON5,Unknown,Unknown,15,0,16,24,0,8,0,4,0,4
UCON50,Unknown,Unknown,0,0,4,0,0,0,0,0,0,12
UCON51,LTR?,LTR?,0,0,0,8,0,0,0,0,0,0
UCON53,Unknown,Unknown,0,3,0,0,0,0,0,0,0,0
UCON54,Unknown,Unknown,4,4,8,72,16,8,0,12,96,4
UCON55,DNA,TcMar-Tigger,48,88,135,148,101,70,80,132,97,52
UCON56,Unknown,Unknown,0,0,0,0,0,0,0,0,0,0
UCON57,Unknown,Unknown,0,0,12,0,0,0,0,0,0,0
UCON58,Unknown,Unknown,0,0,0,0,0,0,0,0,0,0
UCON59,Unknown,Unknown,28,0,0,12,24,0,0,12,0,4
UCON6,Unknown,Unknown,32,140,174,273,135,149,41,60,113,235
UCON60,Unknown,Unknown,0,0,0,8,0,23,0,8,0,20
UCON61,Unknown,Unknown,0,0,0,0,0,0,0,0,0,0
UCON62,DNA?,DNA?,0,0,0,0,0,0,0,0,0,16
UCON63,Unknown,Unknown,0,0,0,0,0,0,0,0,0,0
UCON64,Unknown,Unknown,0,0,0,4,0,0,0,0,0,0
UCON65,Unknown,Unknown,0,0,0,0,0,0,0,0,0,0
UCON66,Unknown,Unknown,0,0,20,12,0,0,0,4,0,0
UCON67,Unknown,Unknown,0,16,4,4,16,0,0,0,0,12
UCON68,Unknown,Unknown,0,0,0,0,0,0,0,0,0,0
UCON69,DNA,hAT?,0,4,0,4,0,0,0,0,0,0
UCON7,DNA?,DNA?,0,0,0,0,47,8,0,16,0,4
UCON70,Unknown,Unknown,20,100,52,92,78,27,48,60,44,76
UCON71,Unknown,Unknown,0,0,0,0,0,0,0,20,0,0
UCON71_Crp,Unknown,Unknown,79,111,83,73,50,81,142,99,63,91
UCON72,Unknown,Unknown,0,28,0,0,0,0,0,0,0,0
UCON73,Unknown,Unknown,112,80,131,144,107,59,0,44,31,62
UCON74,DNA?,DNA?,8,51,32,60,20,52,143,32,20,20
UCON75,Unknown,Unknown,0,0,0,0,0,0,0,0,0,0
UCON76,Unknown,Unknown,0,0,0,28,0,16,0,0,0,0
UCON77,Unknown,Unknown,0,0,0,16,12,0,0,3,0,4
UCON78,DNA,DNA,11,32,24,19,77,68,44,23,67,19
UCON79,DNA?,DNA?,0,0,0,0,0,0,0,4,0,4
UCON8,DNA,DNA,12,67,20,40,15,0,64,32,103,24
UCON80,DNA,hAT?,1,11,26,1,22,13,0,18,49,18
UCON80_AMi,Unknown,Unknown,38,149,157,155,92,132,275,124,38,219
UCON81,DNA,hAT-Charlie,0,0,0,0,0,20,56,0,0,0
UCON82,Unknown,Unknown,0,0,0,12,0,0,0,0,0,8
UCON83,SINE?,SINE?,0,0,0,0,0,0,0,0,0,0
UCON84,Unknown,Unknown,0,4,4,40,0,0,0,0,16,44
UCON85,Unknown,Unknown,4,0,19,4,0,0,0,0,0,0
UCON86,LINE,L2,7,20,52,23,43,36,35,12,0,20
UCON87,Unknown,Unknown,0,0,0,0,0,0,0,0,0,0
UCON88,Unknown,Unknown,0,0,0,0,0,16,0,0,0,0
UCON89,DNA,hAT?,0,24,28,0,0,16,0,8,0,12
UCON9,Unknown,Unknown,0,0,4,0,0,0,0,0,0,4
UCON92,Unknown,Unknown,0,0,0,0,0,0,0,0,0,0
UCON93,Unknown,Unknown,0,0,12,0,0,0,0,4,0,4
UCON94,Unknown,Unknown,0,20,12,16,0,0,20,8,0,0
UCON96,Unknown,Unknown,0,0,0,24,0,4,4,0,0,0
UCON97,DNA,DNA,0,0,0,16,4,4,0,12,0,0
UCON99,DNA,DNA,4,20,0,0,0,0,0,0,0,0
X1_LINE,LINE,CR1,0,12,4,0,0,0,4,8,47,12
X2_LINE,LINE,CR1,20,24,12,16,24,28,4,28,0,8
X5B_LINE,LINE,CR1,4,41,18,32,14,20,8,27,42,28
X6A_LINE,LINE,CR1,301,510,421,434,369,293,640,396,452,516
X6B_LINE,LINE,CR1,369,369,372,433,303,401,689,314,332,469
X7A_LINE,LINE,CR1,127,239,182,178,147,127,189,129,154,84
X7B_LINE,LINE,CR1,73,221,168,164,107,175,410,138,226,113
X7C_LINE,LINE,CR1,24,148,131,102,120,87,364,77,140,112
X7D_LINE,LINE,CR1,0,8,0,0,0,0,0,0,0,0
X8_LINE,LINE,CR1,67,59,74,84,20,104,0,36,43,76
X9_LINE,LINE,L1,231,451,415,603,481,307,511,279,538,340
Zaphod,DNA,hAT-Tip100,163,164,218,207,81,119,170,114,395,68
Zaphod2,DNA,hAT-Tip100,87,174,132,147,137,98,70,170,26,116
Zaphod3,DNA,hAT-Tip100,67,145,144,234,120,75,190,84,51,71