,0,S1,S2,S4,S5,S8
0,MER11B,20780,11421,10834,10741,19684
1,MER44B,1149,755,1922,864,921
2,UCON80_AMi,151,83,103,127,109
3,MSTA1,92,129,290,136,117
4,MLT1E1-int,0,4,24,12,4
5,UCON27,8,20,4,12,60
6,MER96B,201,292,394,213,322
7,MLT1E2-int,12,23,46,68,49
8,UCON29,70,53,24,56,39
9,Zaphod2,229,98,201,106,234
10,MER41E,157,98,96,126,106
11,MER41D,141,112,90,70,142
12,MER41G,16,64,64,40,12
13,MLT2B3,801,596,1109,684,722
14,LTR82B,167,226,181,141,195
15,UCON26,79,8,76,12,55
16,MER41C,122,151,142,126,102
17,CR1-L3A_Croc,44,12,66,44,32
18,L1M4a2,331,358,662,418,443
19,L1M4a1,482,623,900,650,862
20,UCON19,0,0,0,12,0
21,MER96,138,100,168,88,139
22,MER20B,1002,1053,1667,1146,1310
23,LTR82A,176,137,323,145,242
24,MLT1E3,290,299,596,256,440
25,LTR35A,0,4,8,32,48
26,LTR35B,8,32,16,44,55
27,MER95,15,16,72,36,72
28,MER44A,1625,1261,2033,1545,2008
29,MSTB2,317,305,585,257,261
30,CER,114,106,140,101,55
31,AluYh7,5,5,10,18,10
32,Charlie15b,691,635,841,473,837
33,LTR52-int,0,27,83,31,8
34,Charlie15a,1107,1124,1730,806,1339
35,LTR85c,226,203,235,101,143
36,LTR85b,176,70,194,116,167
37,LTR85a,187,243,284,207,327
38,MER97b,0,0,4,0,8
39,Tigger12c,259,169,266,287,275
40,AluYh9,2,8,1,1,1
41,LTR66,29,23,126,24,32
42,LTR103_Mam,10,32,90,24,25
43,LTR61,12,54,48,16,69
44,tRNA-Leu-TTA_m_,139,64,285,52,76
45,FordPrefect_a,40,4,36,16,39
46,UCON67,0,0,0,0,0
47,LTR60,24,1,30,16,0
48,tRNA-Leu-CTY,0,0,0,16,16
49,LTR60B,8,20,63,4,8
50,UCON58,0,7,0,0,0
51,UCON59,0,0,0,24,0
52,UCON24,0,0,0,0,0
53,UCON57,0,0,0,0,0
54,UCON54,19,32,119,27,24
55,UCON55,79,113,168,56,151
56,UCON53,0,0,0,0,4
57,HERVKC4-int,36,25,33,67,36
58,LSAU,0,0,12,1,0
59,Chap1_Mam,458,240,512,371,477
60,LTR3,242,164,112,158,529
61,X5B_LINE,9,36,22,19,35
62,AluSg7,1215,1056,1259,757,1022
63,AluYi6_4d,30,23,48,20,25
64,LTR4,96,29,58,62,85
65,LTR5,25,75,56,29,50
66,LTR8,1125,1029,1334,753,1232
67,LTR9,172,163,392,108,218
68,UCON66,0,12,28,4,0
69,ORSL,186,105,275,139,284
70,X9_LINE,562,496,627,435,517
71,MER57C2,42,67,120,36,52
72,HERVH48-int,287,213,294,247,300
73,MER57C1,18,29,66,24,96
74,LTR13A,146,178,157,119,118
75,hAT-16_Crp,24,0,0,0,0
76,MSTB1-int,36,24,71,36,52
77,tRNA-Asn-AAT,0,0,0,0,0
78,L1PB3,1370,1697,4918,2778,2108
79,MER115,497,390,812,768,565
80,Tigger13a,746,673,1581,959,879
81,MER117,1082,804,1245,944,921
82,MER110,158,32,203,57,88
83,MER112,1259,1319,2184,1225,1382
84,L1PB1,3641,3207,6176,3606,4304
85,MER74A,505,411,668,332,390
86,HERVK11D-int,59,0,16,2,0
87,LTR13_,80,32,82,21,65
88,MER119,261,338,518,251,409
89,MER5C1,182,207,240,114,231
90,PABL_A,207,74,225,137,103
91,LTR38,0,0,0,16,4
92,ALR_Alpha,2999,2615,2494,1781,2709
93,MamGypLTR3,54,55,63,27,52
94,MER65-int,66,107,241,72,119
95,MLT1K,3668,2957,4221,2587,3172
96,LTR32,389,195,472,261,335
97,LTR33,1534,1155,1730,1224,1285
98,L1MA10,900,569,1335,785,1008
99,LTR31,16,16,40,47,59
100,AluYg6,59,59,55,24,49
101,LTR34,28,16,103,68,84
102,LTR35,0,20,59,87,46
103,MLT2B2,220,225,317,288,142
104,HERVK13-int,238,235,345,259,267
105,UCON25,4,0,20,0,0
106,Tigger17a,1027,975,1528,1085,1398
107,L1P1,724,661,1043,802,705
108,L1P3,1295,870,1723,887,1035
109,L1P2,993,942,1585,882,1063
110,L1P5,15,29,11,43,59
111,L1P4,622,519,1039,513,728
112,LTR108b_Mam,24,4,4,4,4
113,LTR21A,3192,1772,1254,1680,2771
114,tRNA-Arg-AGA,8,4,12,0,0
115,LTR21C,0,0,0,0,0
116,LTR21B,8,24,0,24,4
117,LTR86B1,35,91,186,88,63
118,LTR86B2,0,24,60,12,28
119,UCON103,0,0,0,0,0
120,UCON101,0,0,0,0,0
121,L1PB,227,222,486,231,266
122,UCON107,32,24,0,40,59
123,ERV3-16A3_LTR,157,115,229,64,121
124,tRNA-Glu-GAA,88,22,34,19,18
125,LTR18A,42,59,99,79,56
126,LTR18C,8,16,8,0,0
127,LTR18B,62,120,121,137,108
128,ERV24_Prim-int,40,41,96,63,82
129,MER70C,7,39,20,32,34
130,LTR3B,16,1,4,1,1
131,LTR3A,116,96,83,56,89
132,MSTA,2380,2829,4128,2560,2788
133,MSTB,1987,1387,2710,1699,1996
134,LTR59,20,4,28,12,12
135,MER11D,29,41,38,20,36
136,LTR108a_Mam,7,37,4,16,16
137,GSATII,0,3,9,5,17
138,ERVL47-int,16,24,71,56,0
139,MER11C,251,148,411,252,372
140,MER83B,25,43,9,27,14
141,LTR24C,60,73,82,82,51
142,LTR54,119,119,228,160,183
143,tRNA-Pro-CCY,4,12,0,0,0
144,MER129,140,15,0,8,4
145,MER6C,0,12,56,0,4
146,LTR16B,140,65,127,84,100
147,MER6A,568,287,591,234,312
148,MER130,0,16,32,46,44
149,Tigger15a,1676,1369,2593,1390,1579
150,Tigger2b_Pri,519,550,871,531,571
151,Kanga11a,18,146,194,142,92
152,MER131,296,263,411,319,294
153,THE1D,1517,1339,2253,1569,1484
154,Ricksha_c,197,145,278,180,209
155,FordPrefect,290,235,548,199,343
156,Charlie10a,99,84,220,60,59
157,L1M3c,313,246,453,215,329
158,Charlie10b,64,72,99,68,44
159,L1M3f,246,166,316,191,294
160,L1M3d,66,64,132,87,136
161,L1M3e,289,252,536,248,241
162,LTR47B4,11,4,8,7,24
163,MLT2C2,165,69,237,90,186
164,MER92C,8,16,4,6,19
165,MER92B,340,182,423,291,338
166,CR1-13_AMi,27,8,36,0,40
167,MER134,0,0,4,0,0
168,LTR47B2,52,40,78,8,44
169,LTR47B3,8,8,32,16,16
170,LTR1A2,231,223,259,150,205
171,MER51A,367,362,577,337,491
172,MER51B,99,88,148,126,100
173,LTR1A1,52,71,36,80,43
174,MER51D,16,24,16,36,4
175,MER51E,12,37,4,12,16
176,Tigger5,220,305,267,190,176
177,HERV4_I-int,167,163,373,132,131
178,LTR86C,48,60,99,71,97
179,MER45C,243,161,614,144,313
180,MER45B,158,217,258,146,272
181,L3b,2882,2372,3872,2257,2731
182,LTR108e_Mam,23,8,8,48,20
183,MER75A,24,8,8,0,0
184,MER83B-int,34,52,80,44,19
185,Tigger11a,357,411,443,291,402
186,Ricksha,25,25,70,16,0
187,MER57A-int,1015,692,1065,581,1114
188,HERVL66-int,77,86,143,29,140
189,L1MA1,1158,1088,2089,1075,1561
190,L1MA2,2030,1998,3824,1921,2016
191,L1MA3,2623,3005,5156,3120,3100
192,L1MA4,2571,2483,4633,2715,3119
193,AluYc,446,261,343,286,583
194,L1MA6,1413,1243,2379,1263,1410
195,L1MA7,1730,1475,3527,2157,2233
196,Charlie29a,574,446,678,543,697
197,L1MA9,2714,2393,5237,3039,3030
198,MER4D1,346,307,469,276,390
199,THE1C-int,754,720,1082,724,747
200,UCON16,0,12,0,0,0
201,tRNA-Leu-TTG,0,48,0,0,8
202,tRNA-Gln-CAA,16,0,44,12,12
203,ERVL-int,277,193,364,254,295
204,tRNA-Leu-TTA,0,0,0,0,0
205,tRNA-Gln-CAG,0,0,0,0,0
206,_GAATG_n,4,0,4,10,3
207,MLT1G-int,141,92,207,107,128
208,MER2B,722,593,996,665,822
209,UCON12,0,12,0,4,16
210,MER30,1409,1183,1880,929,1166
211,SSU-rRNA_Hsa,20512,20572,42266,27084,15537
212,Charlie19a,428,382,886,518,522
213,MLT1-int,27,40,73,53,36
214,UCON17,0,0,0,0,0
215,UCON14,47,12,8,8,4
216,MLT1E2,942,869,1261,869,1029
217,MER21-int,233,341,630,226,394
218,UCON18,0,0,0,0,0
219,MIR,39493,33895,56304,35710,40671
220,_CATTC_n,0,0,0,1,0
221,MLT1E1,176,91,94,112,107
222,MER92-int,246,212,259,167,175
223,tRNA-Asn-AAC,0,0,0,4,0
224,THE1A-int,2149,1489,2116,1281,1659
225,tRNA-Val-GTA,0,0,0,0,0
226,LTR72B,0,8,24,4,40
227,Charlie4z,2031,1825,3252,1746,2371
228,Tigger1a_Mars,0,0,0,0,0
229,MLT1F2,1589,1140,1761,1258,1362
230,Charlie4a,949,920,1515,894,1279
231,MLT1F1,765,752,908,684,817
232,tRNA-Cys-TGY,0,11,0,4,12
233,tRNA-Gln-CAA_,7,0,2,3,6
234,ERVL-E-int,1631,1265,2680,1584,1670
235,X2_LINE,71,0,24,12,16
236,X7A_LINE,146,252,257,136,198
237,UCON8,40,43,80,12,63
238,MER50-int,167,59,230,32,138
239,LTR54B,215,209,241,205,178
240,MamRep488,96,80,100,60,48
241,MER84-int,40,16,10,13,11
242,LTR102_Mam,43,75,124,119,96
243,PABL_B-int,332,235,409,228,286
244,MER41-int,497,482,763,664,655
245,Eulor6C,0,0,0,0,0
246,L1MA4A,2462,2079,3973,1991,2753
247,HERVIP10FH-int,365,248,389,260,222
248,tRNA-Met_,0,0,0,3,16
249,MER67D,88,84,179,126,21
250,MLT1H1,714,460,633,553,698
251,AluYh3,211,212,302,230,214
252,AluYk4,189,101,178,132,111
253,AluYk2,135,76,126,105,138
254,AluYk3,100,103,84,91,120
255,LTR27B,90,52,80,36,28
256,MER8,559,614,1286,588,674
257,tRNA-Leu-CTA,0,0,0,0,0
258,MSTC,806,612,880,603,564
259,LTR2752,63,72,134,82,107
260,UCON39,416,159,164,146,419
261,LTR39-int,4,24,64,23,20
262,HSAT5,62,53,65,21,49
263,HSAT4,287,260,587,223,251
264,LTR22B1,92,99,222,76,176
265,L1ME3E,1147,1045,1845,1057,1468
266,UCON89,0,16,4,0,16
267,LTR46-int,359,330,272,214,256
268,tRNA-Thr-ACG,12,0,0,0,0
269,L1P4b,3,9,2,0,4
270,Zaphod3,40,128,198,146,132
271,L1PBa,553,555,970,556,722
272,MamRTE1,7605,6705,7991,5227,8638
273,UCON80,0,11,15,2,10
274,UCON83,0,0,0,0,0
275,LTR16D,120,126,200,80,72
276,LTR16C,874,747,1286,690,783
277,L1PBb,134,118,206,119,115
278,LTR16A,489,414,892,593,456
279,UCON86,22,8,4,8,28
280,LTR16B2,233,133,230,86,215
281,SAR,0,4,1,2,0
282,MARNA,2078,1322,2224,1288,1819
283,LTR16B1,273,136,215,191,118
284,LTR9A1,108,118,162,68,133
285,MER58D,802,507,825,612,1008
286,MER58C,890,840,1209,924,986
287,MER58B,2476,2165,3362,2043,2460
288,MER58A,4355,3683,6212,4027,4898
289,MamGypLTR2c,48,96,128,106,96
290,HSATI,0,0,8,0,16
291,Charlie3,319,194,313,300,196
292,Charlie1,1067,953,1378,837,1172
293,Charlie6,131,147,179,146,224
294,Charlie7,1139,802,1295,615,771
295,Charlie4,19,21,52,11,20
296,Charlie5,515,487,716,534,588
297,MER39B,411,344,520,336,400
298,Charlie8,1014,1110,1411,858,1215
299,L1MC5,6467,5987,9930,6079,7843
300,MER101-int,462,486,865,537,599
301,HSMAR1,1051,983,1207,483,1006
302,LTR42,87,184,246,97,270
303,LTR41,849,791,677,656,1021
304,HSMAR2,558,733,1122,450,754
305,LTR46,217,208,170,78,158
306,LTR45,40,28,56,12,12
307,LTR44,65,47,94,62,39
308,Tigger19a,1808,1428,2244,1186,1550
309,LTR49,197,225,404,242,328
310,LTR48,133,228,327,241,243
311,AluYb9,30,39,48,16,80
312,AluYb8,178,294,244,246,209
313,LTR38C,8,35,27,12,15
314,LTR38B,28,16,51,16,8
315,tRNA-Leu-CTG,0,0,0,0,0
316,Tigger4a,1038,983,1675,840,1275
317,LTR26B,39,34,40,8,8
318,Alu,202,453,399,309,307
319,LTR26D,83,49,65,39,28
320,LTR26E,124,46,56,28,37
321,MER9a2,55,51,164,98,86
322,HERV15-int,16,42,67,30,97
323,L1MB8,8048,7199,13168,7115,9418
324,UCON69,0,0,0,0,0
325,Charlie14a,597,406,655,375,686
326,HERV-Fc2-int,0,0,0,0,0
327,L1MB1,1102,1059,2244,1049,1291
328,L1MB3,8077,6524,11370,6868,7210
329,L1MB2,4303,3751,8427,4546,4854
330,L1MB5,3868,3504,6394,3473,3978
331,L1MB4,3923,3744,6587,3621,4316
332,AluJr4,3285,2566,3588,2479,3495
333,L1P4a,116,77,139,146,102
334,UCON4,60,91,118,31,107
335,UCON71_Crp,105,69,163,61,181
336,MamRep4096,160,191,329,188,127
337,MER135,139,168,262,117,117
338,THE1-int,168,192,301,135,182
339,HERVS71-int,208,228,451,166,267
340,HSAT6,0,0,0,0,0
341,HERVK11-int,141,64,169,155,124
342,ACRO1,12,0,0,0,6
343,LTR90A,54,92,75,66,82
344,UCON35,0,8,8,0,0
345,LTR90B,52,28,168,58,36
346,LTR27E,24,64,90,126,100
347,MER65B,8,17,34,8,0
348,MER65A,247,197,293,159,199
349,UCON88,0,0,4,4,0
350,HERVK3-int,661,550,727,516,929
351,L1ME2z,2604,2198,4849,2371,2766
352,L1PA11,1478,1282,2004,1331,1507
353,OldhAT1,4542,3045,4473,2708,4404
354,LTR91,16,8,23,16,7
355,Charlie1a,2577,2298,3823,2243,2824
356,Charlie1b,899,874,1665,694,979
357,PRIMA41-int,171,63,124,89,16
358,LTR26C,68,8,86,75,24
359,LTR27D,0,4,0,18,0
360,SST1,34,63,68,55,82
361,MER54A,151,123,164,162,212
362,MER103C,2998,2831,4129,3240,3695
363,MER51-int,178,167,293,153,232
364,MER67C,164,181,277,109,95
365,L1PA15,2379,2308,3708,2399,2518
366,SVA_C,171,178,148,122,208
367,AluYm1,547,454,575,346,650
368,UCON81,0,0,0,0,0
369,LTR1D1,87,60,167,86,136
370,L1PA17,1176,1038,1998,980,1278
371,ERV3-16A3_I-int,1039,752,1562,1233,1198
372,MER34A1,138,172,173,56,152
373,Tigger16a,344,364,858,327,366
374,THE1B-int,1810,1631,2882,1870,1938
375,Tigger9a,287,225,581,243,291
376,Tigger9b,187,168,391,207,292
377,LTR27C,129,105,98,100,95
378,Charlie18a,1116,1161,1305,905,1578
379,MLT2F,412,364,450,445,344
380,AluSq10,344,300,233,177,287
381,AluJr,14896,11802,16781,11025,16258
382,Charlie10,330,185,379,249,198
383,Charlie11,23,28,24,16,28
384,Charlie12,12,12,26,24,28
385,UCON21,0,0,0,0,0
386,L1MEg1,151,247,335,186,291
387,L1MEg2,74,197,301,201,172
388,Charlie17,344,444,429,328,487
389,MER110A,84,48,112,47,80
390,UCON56,0,0,0,0,0
391,UCON82,27,0,0,0,0
392,HERVE-int,180,191,217,248,248
393,MLT1L,2524,1905,3056,2015,2593
394,UCON87,0,0,0,0,0
395,MLT1H1-int,39,57,117,50,36
396,tRNA-Ala-GCA,0,12,12,0,0
397,HUERS-P2-int,103,86,71,71,78
398,UCON62,12,0,0,4,12
399,MLT1E3-int,20,7,26,13,33
400,L2a,67220,55992,87431,57872,65026
401,Kanga1,146,156,82,136,104
402,MamGyp-int,532,385,323,278,319
403,CR1-3_Croc,391,383,504,430,505
404,LTR22E,132,150,145,92,131
405,MER76-int,69,40,87,28,91
406,UCON60,7,0,0,0,0
407,ERVL-B4-int,1074,1241,1684,1119,1136
408,LTR22B,12,42,69,29,48
409,LTR22C,1,9,20,12,3
410,MER81,401,249,589,163,164
411,MLT1H2,2989,2515,1779,1781,3450
412,UCON23,59,4,44,4,19
413,MST-int,257,98,317,76,199
414,UCON12A,0,0,0,0,0
415,UCON31,4,16,12,0,0
416,UCON51,0,16,0,0,0
417,CR1-16_AMi,67,43,32,32,100
418,L4_A_Mam,1272,1311,2249,1465,1336
419,HERVH-int,6987,4867,6054,5662,6025
420,AluSg4,961,819,838,935,1124
421,LTR23-int,76,12,30,12,52
422,LTR88c,77,47,68,49,8
423,MamTip1,159,116,130,92,184
424,UCON48,0,4,24,0,12
425,MamTip3,64,43,98,99,81
426,MamTip2,1202,945,1633,978,1478
427,THE1C,1380,1181,2045,1235,1190
428,THE1B,2643,2508,4308,2962,2789
429,THE1A,1329,996,1629,994,1402
430,UCON46,0,0,16,11,0
431,UCON41,0,0,0,12,4
432,UCON40,67,151,287,107,146
433,UCON43,12,0,15,0,0
434,MER84,237,83,175,199,161
435,MER4CL34,79,40,121,99,152
436,LTR1,24,32,44,42,63
437,MamRep1161,0,0,8,4,0
438,HERV1_I-int,83,31,100,26,28
439,LTR53B,24,3,28,15,44
440,UCON68,0,0,0,0,0
441,Eulor2A,12,20,36,19,12
442,Eulor2B,35,24,12,36,12
443,Eulor2C,0,4,0,0,0
444,L1M4c,1945,2171,6569,2679,2398
445,L1M4b,1778,1016,1913,1100,1339
446,LTR109A2,0,0,0,0,0
447,Plat_L3,632,768,1378,653,1073
448,tRNA-Pro-CCA,0,0,0,0,0
449,tRNA-Pro-CCG,0,0,0,0,0
450,X6A_LINE,690,474,405,418,598
451,LTR06,0,4,0,24,27
452,MER101,12,22,30,67,52
453,HERVL32-int,0,4,10,0,0
454,L1PREC2,2929,2526,3786,2448,3334
455,MamGypLTR2b,32,20,40,44,30
456,MER105,210,157,362,244,291
457,MER104,681,538,1038,577,593
458,MamGypLTR3a,175,96,144,128,107
459,MER67B,100,105,205,56,155
460,U13_,68,49,119,50,53
461,tRNA-His-CAY_,23,6,12,46,13
462,HERVK-int,167,195,257,158,228
463,AluYf1,173,131,160,239,254
464,AluSx4,1705,1310,1851,1265,1810
465,LTR38A1,0,28,8,4,4
466,AluSx1,16345,12779,16376,11781,15936
467,AluSx3,5590,4058,4761,4163,4810
468,L1HS,396,432,710,415,464
469,L5,127,152,299,167,154
470,MER21C,2296,2263,3517,2544,2676
471,MER21B,1694,1451,2229,1448,1402
472,MER21A,956,640,1102,651,1028
473,tRNA-Ser-TCG,0,0,0,0,0
474,L2,20999,18931,29432,19953,20973
475,MIR3,25659,20348,32711,19784,26303
476,L3,19313,14693,23144,14366,17342
477,Charlie21a,950,470,756,367,620
478,ERV24B_Prim-int,12,44,125,72,111
479,Chompy-6_Croc,0,0,0,0,0
480,MER68-int,87,84,216,59,144
481,L1M2a1,51,0,24,4,16
482,MER88,11,8,48,16,8
483,LTR75_1,0,31,40,53,16
484,MER57E1,76,60,104,36,71
485,MER4A1_,219,165,306,146,237
486,MER57E3,130,100,185,101,193
487,HERVK14-int,146,154,261,124,199
488,GSATX,12,4,4,20,8
489,tRNA-Ser-TCA,0,0,0,0,0
490,MER85,211,197,257,182,300
491,LTR16A2,176,134,299,182,212
492,LTR16A1,349,405,618,451,448
493,LTR19-int,164,80,218,131,161
494,LTR71A,83,39,100,60,73
495,LTR71B,98,72,108,60,92
496,Charlie9,489,494,622,416,704
497,MLT1J-int,253,136,313,182,309
498,MER61C,65,28,88,79,28
499,MER61B,91,60,140,103,75
500,MER61A,71,67,136,95,28
501,Tigger5b,584,574,933,575,873
502,MER61F,4,75,56,68,60
503,MER61E,133,215,503,223,171
504,MER61D,53,90,73,103,24
505,MER136,0,4,4,0,4
506,MER75,151,140,180,92,171
507,MER76,45,41,104,73,87
508,MER77,912,696,786,761,727
509,MER72,113,214,240,79,155
510,MER73,0,16,88,69,22
511,L1MC5a,7369,6857,11471,6951,7546
512,UCON33,16,16,66,0,4
513,Helitron1Na_Mam,97,36,68,72,27
514,LTR12C,1015,888,1269,732,829
515,LTR12B,25,32,81,29,3
516,MER61-int,203,364,568,321,308
517,tRNA-Ile-ATA,32,24,32,12,8
518,LTR12F,110,64,152,99,111
519,LTR12E,118,102,170,129,88
520,LTR12D,29,73,94,113,68
521,tRNA-Met,24,12,20,31,32
522,HERV30-int,1,16,41,28,44
523,tRNA-Ser-TCY,0,8,0,0,0
524,U13,52,44,125,54,101
525,LTR47A2,177,75,111,64,166
526,LTR40a,216,254,521,255,445
527,LTR40b,266,145,389,202,363
528,LTR33A_,220,200,170,152,287
529,LTR12_,127,69,140,97,49
530,UCON96,0,0,0,24,0
531,MLT1M-int,0,0,0,0,0
532,Eulor9A,16,48,56,40,52
533,MamGypsy2-LTR,48,56,118,156,72
534,Eulor9C,0,0,19,31,4
535,Eulor9B,0,0,0,16,0
536,tRNA-Met-i,0,0,0,8,0
537,MER123,0,0,28,12,12
538,BSR_Beta,240,275,270,141,411
539,LTR2,117,171,439,258,347
540,MER2,3428,3182,4963,2960,3528
541,MER3,3367,2348,3651,2479,3277
542,Arthur1C,89,135,76,92,99
543,HERVL74-int,256,227,248,143,207
544,Arthur1A,351,159,274,213,308
545,HERV1_LTRa,4,29,0,8,48
546,HERV1_LTRc,28,33,0,8,4
547,HERV1_LTRb,3,17,47,0,0
548,HERV1_LTRe,12,0,0,0,56
549,HERV1_LTRd,0,32,17,12,0
550,MER4-int,738,565,1073,704,753
551,Tigger4b,1442,1201,2444,1265,1788
552,MER106B,385,209,484,232,148
553,MER106A,203,110,293,175,140
554,MamGypLTR1a,63,56,83,25,60
555,L1M3de,116,67,102,82,104
556,MamGypLTR1b,1563,852,609,625,1245
557,MamGypLTR1d,24,119,132,7,96
558,L1PA15-16,262,193,398,280,321
559,MER44D,221,107,298,272,321
560,MER113,737,679,1145,572,1008
561,tRNA-Val-GTY,0,0,0,0,0
562,LTR3B_,52,82,48,32,140
563,MER65C,873,808,1187,831,1087
564,HERV-Fc2_LTR,0,0,0,0,0
565,MER41A,364,338,576,424,465
566,MER66-int,291,168,311,302,224
567,TAR1,0,17,16,9,10
568,Tigger16b,804,557,1077,651,716
569,MER74C,12,8,44,40,32
570,UCON84,0,0,20,0,0
571,MLT2A1,433,405,709,462,414
572,U4,115,43,179,79,184
573,MLT1E-int,0,0,0,0,0
574,MER74B,198,236,312,167,188
575,L2-1_Crp,4,23,32,28,12
576,MLT2A2,422,383,742,630,500
577,Arthur1B,235,231,406,248,318
578,PRIMA4-int,425,239,480,220,378
579,THE1D-int,663,687,1236,843,608
580,Mam_R4,90,49,71,94,76
581,MLT1G1,1247,865,1113,610,877
582,MLT1G3,367,433,687,486,663
583,Charlie25,183,111,274,135,219
584,Charlie24,270,260,510,355,300
585,LTR6B,244,259,250,170,322
586,UCON72,0,0,8,12,4
587,tRNA-SeC_e_-TGA,0,0,0,0,0
588,MLT1H-int,359,142,441,262,257
589,LOR1a,463,387,895,664,434
590,Arthur1,167,191,361,209,335
591,MLT1J1-int,179,38,95,80,87
592,LOR1b,109,102,239,80,99
593,LTR10B1,8,60,136,149,73
594,LTR10B2,12,4,36,36,36
595,LTR108c_Mam,0,0,4,16,0
596,MLT1K-int,32,12,26,20,8
597,MIRb,51205,43960,72511,43836,52857
598,Charlie13a,63,92,225,167,126
599,Charlie13b,111,137,179,71,192
600,UCON132b,89,62,126,126,121
601,MER63B,468,328,753,402,470
602,LTR39,891,542,3204,653,667
603,UCON78,75,24,84,52,35
604,AluYj4,245,288,395,276,373
605,MER66D,28,27,19,4,12
606,LTR107_Mam,60,28,79,16,16
607,MER66C,43,88,214,47,93
608,MER91B,306,301,271,226,320
609,MER66A,50,54,107,100,100
610,Charlie2a,847,522,888,505,702
611,Charlie2b,887,672,1377,753,756
612,L1MA8,1836,2156,4335,2349,2429
613,MER50B,102,64,146,35,32
614,MIRc,23680,20179,33425,20257,23850
615,tRNA-Lys-AAA,0,4,12,28,12
616,LTR22C0,20,57,64,66,27
617,X1_LINE,12,12,8,0,15
618,LTR22C2,0,4,20,0,0
619,MER46C,1487,1289,2359,1402,2104
620,MER31B,277,334,489,195,295
621,MamRep38,351,536,464,204,308
622,MER31A,364,236,546,297,411
623,MER107,32,59,133,53,86
624,L4_B_Mam,761,747,1039,591,886
625,MER34D,63,20,115,64,12
626,LTR88b,145,90,267,108,115
627,MamRep1151,308,232,391,232,296
628,MER20,5559,4274,5684,3853,5209
629,LTR30,11,35,96,25,24
630,LTR7,392,429,462,411,452
631,LTR16E2,348,343,421,303,319
632,LTR16E1,421,372,485,440,139
633,LTR43B,20,45,18,12,14
634,MER49,613,629,826,451,780
635,MER48,23,41,96,36,45
636,PRIMAX-int,4,4,4,24,0
637,LTR36,219,116,329,142,150
638,LTR40c,292,136,170,186,180
639,UCON49,20,45,76,56,12
640,UCON105,96,86,156,123,95
641,PRIMA4_LTR,103,64,132,60,60
642,HERVK22-int,987,748,1535,814,949
643,tRNA-Arg-CGG,0,0,0,0,0
644,Tigger6a,325,284,495,420,322
645,Tigger6b,91,4,109,46,113
646,SVA_F,208,188,278,163,225
647,tRNA-Arg-CGA,0,0,0,0,0
648,MER52D,136,69,202,136,129
649,L1MCb,244,228,389,226,346
650,L1MCc,588,547,1021,608,660
651,L1PB2,645,606,923,644,795
652,L1MCa,1240,1304,2619,1352,1296
653,L1PB4,1250,1068,2592,1272,1477
654,MER72B,52,28,80,16,12
655,MER102b,1600,1387,1897,1231,1607
656,MER102c,1057,931,1441,896,1148
657,MER102a,981,787,1224,835,909
658,LTR58,0,40,72,24,60
659,AluYa5,140,132,215,144,169
660,tRNA-Arg-AGG,0,20,0,4,0
661,LTR53-int,197,144,186,109,182
662,AluYa8,15,33,30,9,28
663,LTR55,72,60,60,75,65
664,LTR56,210,159,314,159,253
665,LTR57,26,49,58,49,49
666,LTR45C,75,70,158,49,76
667,LTR45B,71,37,63,80,38
668,LTR52,98,72,279,111,118
669,LTR53,139,70,159,111,180
670,MER39,543,339,560,418,542
671,MER34B-int,254,183,337,156,191
672,LTR75B,15,18,53,50,44
673,CR1-12_AMi,4,24,51,8,4
674,CR1_Mam,566,471,807,454,596
675,MER33,2493,2156,3963,2218,2812
676,MER34,290,186,348,212,282
677,L1P4d,2,25,8,1,21
678,MLT1G3-int,123,76,164,107,81
679,HERVI-int,69,48,138,88,64
680,Eulor6A,0,0,0,0,0
681,Eulor6B,0,16,0,0,0
682,L1P4e,15,20,60,20,36
683,Eulor6D,4,0,4,0,16
684,Eulor6E,0,0,0,20,16
685,MER83A-int,47,16,8,0,0
686,MER44C,625,485,1041,613,600
687,L1MC2,2183,2015,4227,2012,2094
688,L1MC3,3188,3403,5921,3481,3919
689,FRAM,1237,985,1381,1168,1514
690,L1MC1,6900,6067,10727,6496,6511
691,MLT1M,287,287,500,366,352
692,L1MC4,10288,9032,17228,10211,11527
693,HERV9-int,168,160,263,168,223
694,X8_LINE,40,58,67,24,84
695,L2b,35988,31129,46377,29934,36135
696,L1MB7,10822,10201,19628,11162,14179
697,LTR81C,72,52,60,24,20
698,LTR38-int,0,12,20,12,0
699,Helitron1Nb_Mam,8,23,68,56,52
700,LTR5A,174,170,342,145,280
701,LTR5B,387,266,510,161,287
702,LTR81B,148,124,116,115,158
703,BC200,148,101,25,73,170
704,L4_C_Mam,1147,692,1936,1016,920
705,LTR81A,79,40,136,64,71
706,LTR28B,123,72,15,30,72
707,LTR28C,84,96,203,122,88
708,LTR104_Mam,245,249,435,217,226
709,Tigger17,16,68,16,24,24
710,Tigger10,840,778,1297,837,941
711,MLT1F2-int,35,78,78,19,67
712,Tigger12,449,413,762,402,451
713,MER4E,137,209,242,189,309
714,MER4D,288,304,327,366,371
715,tRNA-Ser-TCA_,0,0,0,0,4
716,MER4A,333,231,300,290,221
717,MLT1E,162,107,191,128,186
718,MER4C,89,152,162,128,92
719,MER4B,1394,718,1060,893,877
720,MSTA-int,1371,1002,2044,1599,1497
721,MLT1J2-int,68,104,84,49,44
722,MLT1D-int,1234,1063,1496,1066,1186
723,HERV-Fc1_LTR1,0,0,0,0,1
724,HERV-Fc1_LTR2,0,0,0,0,0
725,HERV-Fc1_LTR3,0,0,0,0,3
726,LTR50,606,549,1119,568,646
727,MER6,391,249,484,324,482
728,LTR80A,0,44,61,20,16
729,LTR80B,0,48,92,44,42
730,HAL1,8287,7521,12704,7276,9236
731,Chompy-7_Croc,0,0,0,0,0
732,HERV9NC-int,118,92,202,173,214
733,MLT2D,709,812,1033,730,919
734,MLT2E,27,64,36,55,30
735,GSAT,0,0,0,0,0
736,MER34A,175,185,339,194,180
737,HUERS-P1-int,138,95,146,133,104
738,MER34C,48,16,80,52,67
739,MER34B,333,207,350,242,346
740,Ricksha_0,170,128,88,52,120
741,ORSL-2b,179,115,195,91,171
742,DNA1_Mam,32,12,28,4,52
743,PrimLTR79,77,76,104,14,26
744,LTR57-int,40,28,116,43,20
745,LTR8B,330,399,844,397,470
746,LTR8A,753,634,907,605,784
747,Tigger12A,225,195,276,206,306
748,L1ME4a,8415,7258,13610,7637,9874
749,UCON9,0,0,4,0,0
750,L1ME4c,2727,2379,4686,2257,2901
751,L1ME4b,8624,7020,13818,7845,9629
752,LTR89,314,121,335,162,256
753,LTR14A,20,16,32,11,35
754,LTR87,298,245,565,257,352
755,UCON1,0,0,8,8,11
756,UCON2,59,60,31,24,62
757,ORSL-2a,92,51,211,80,112
758,LTR83,15,40,172,84,72
759,UCON5,8,0,12,8,20
760,LTR81,0,12,16,52,0
761,UCON7,0,0,20,0,8
762,MER121B,0,0,0,0,4
763,MER65D,64,91,80,71,44
764,MER124,363,302,332,182,336
765,MER57-int,297,230,480,311,289
766,UCON93,0,0,0,12,0
767,Charlie17a,236,196,344,174,295
768,Charlie17b,84,52,37,44,73
769,HUERS-P3-int,1358,962,1918,1034,1154
770,MER34-int,543,510,611,382,832
771,UCON79,15,0,0,0,0
772,UCON61,0,0,0,0,0
773,Eulor8,0,4,8,8,0
774,UCON70,111,79,132,66,95
775,Eulor4,0,0,0,0,0
776,7SK,76794,42979,50063,49558,73267
777,UCON73,63,39,36,51,148
778,L1P,1,10,25,2,12
779,UCON75,0,0,0,0,0
780,Eulor3,0,0,0,0,0
781,UCON77,0,0,0,8,4
782,LTR25-int,765,492,923,535,905
783,L1M,195,144,233,79,159
784,Zaphod,173,133,298,118,148
785,Tigger18a,486,380,757,253,422
786,tRNA-Arg-CGY_,0,6,18,0,4
787,Tigger3,297,297,578,273,383
788,MLT1I-int,78,108,215,96,68
789,MER4B-int,228,168,257,236,305
790,LTR106_Mam,54,102,107,35,82
791,X6B_LINE,508,351,433,218,312
792,MLT1A-int,316,199,300,127,246
793,tRNA-Ile-ATC,0,0,0,0,0
794,Eulor11,24,0,0,0,28
795,Eulor10,0,0,0,8,8
796,Eulor12,0,0,0,0,4
797,MamGypLTR1c,52,75,173,200,69
798,LTR48B,951,465,657,587,781
799,Tigger4,597,626,1045,581,602
800,tRNA-Ile-ATT,0,58,32,72,14
801,AluYe5,152,109,222,114,206
802,AluYe6,29,50,39,22,46
803,LTR13,1505,778,948,644,890
804,LTR14,30,43,27,32,71
805,LTR15,122,260,155,168,237
806,LTR16,248,306,557,331,439
807,LTR17,330,139,417,229,287
808,tRNA-Leu-CTA_,0,0,0,0,0
809,MER5A1,2215,2104,3395,2326,2598
810,LTR78B,329,190,433,270,387
811,MER97d,102,32,20,64,40
812,MLT1I,1522,1274,2496,1309,1336
813,MER9B,8,8,0,16,30
814,LTR51,27,12,100,76,56
815,X7C_LINE,179,211,174,55,92
816,Merlin1_HS,16,31,20,38,74
817,LTR40A1,80,108,133,75,79
818,LTR41C,244,204,236,142,203
819,LTR41B,869,640,642,402,671
820,Kanga2_a,600,527,998,617,747
821,LTR29,324,76,259,105,176
822,LTR14C,20,5,51,2,0
823,LTR14B,85,65,168,80,102
824,LTR22B2,16,0,0,0,0
825,MER101B,52,28,48,63,20
826,MSTB1,744,683,1395,788,789
827,LTR103b_Mam,71,40,20,32,51
828,AluYk11,97,58,94,83,95
829,AluYk12,19,30,19,13,54
830,LTR33B,257,150,248,180,157
831,HERVE_a-int,18,19,89,86,40
832,LTR33A,213,273,357,248,282
833,U14,43,28,27,16,79
834,LTR105_Mam,16,113,98,48,127
835,Tigger19b,1764,1225,1903,1174,1655
836,Helitron3Na_Mam,294,210,439,315,282
837,L1PA2,610,585,1022,687,678
838,L1PA5,2392,2154,3742,2461,2598
839,L1PA4,1559,1441,2719,1696,1621
840,L1PA7,5274,4961,8720,4954,5506
841,L1PA6,15853,14413,16348,15436,14970
842,L1PA8,1946,1810,2918,2198,1972
843,MER90,169,99,208,135,162
844,L1P4c,0,0,0,0,0
845,MER94,881,811,1394,655,939
846,MER11A,288,251,509,290,346
847,LTR65,71,182,260,117,201
848,LTR64,146,147,75,88,112
849,LTR1B,351,388,263,266,378
850,LTR1C,0,8,0,19,0
851,LTR1D,127,119,167,78,109
852,LTR1E,88,32,79,96,59
853,LTR1F,8,11,32,24,20
854,LTR62,49,39,98,27,64
855,MER41B,422,198,635,316,370
856,MER5B,4388,4287,7108,4093,5687
857,MER67A,118,116,29,132,114
858,hAT-N1_Mam,135,76,234,155,216
859,LTR69,15,16,36,32,24
860,LTR68,55,12,20,28,64
861,MER5C,259,244,626,185,341
862,tRNA-His-CAY,0,0,0,0,0
863,AluSg,5274,3921,4916,3605,5251
864,MER54B,56,52,60,52,52
865,MER70A,85,47,112,36,72
866,Tigger17c,575,452,446,238,287
867,LTR10F,53,82,147,105,104
868,LTR24B,385,197,312,95,141
869,Eulor7,0,0,0,0,0
870,MER97c,16,0,52,4,20
871,L1MD3,1709,1389,2231,1350,1603
872,L1MD2,3970,2985,5227,3394,3818
873,L1MD1,2395,1845,3476,1808,2481
874,HERV17-int,609,294,819,438,413
875,LTR1C1,11,0,12,12,8
876,LTR1C3,0,0,20,4,0
877,Eulor1,0,0,36,0,0
878,MER70B,32,20,39,20,15
879,tRNA-Gly-GGY,0,4,7,8,1
880,LTR84a,64,92,211,48,147
881,LTR84b,137,135,334,128,103
882,UCON6,202,139,203,32,205
883,tRNA-Gly-GGG,20,1,0,0,0
884,MLT1G1-int,36,44,36,124,20
885,MER77B,403,312,404,430,236
886,MER132,0,0,4,0,12
887,Tigger17b,39,42,46,55,19
888,L1ME3A,5053,4096,7162,4399,5578
889,L1ME3B,3779,2882,4847,2682,3237
890,L1ME3C,678,625,1180,737,754
891,L1ME3D,1556,1274,2544,1432,1795
892,L1MEf,3591,3640,6041,3625,5032
893,L1ME3F,2623,1930,4448,2205,2774
894,L1ME3G,4945,4208,8467,4941,5122
895,Tigger1a_Art,36,28,71,109,49
896,MER57F,145,43,97,63,76
897,MER57D,100,59,56,32,36
898,MER47C,278,186,183,264,218
899,MER47B,245,168,294,94,216
900,MER47A,883,890,1717,1016,1237
901,SVA_D,333,230,324,199,215
902,SVA_E,150,150,187,105,106
903,D20S16,4,4,35,23,8
904,MER30B,73,50,152,13,72
905,SVA_A,414,287,414,319,403
906,SVA_B,190,197,204,96,117
907,FAM,847,598,1251,764,937
908,MER89-int,107,36,115,75,88
909,MER90a,454,400,455,335,406
910,MER97a,0,4,40,11,8
911,tRNA-Thr-ACY_,0,0,0,0,0
912,MLT1F-int,165,224,248,214,264
913,MER34C_,27,39,122,47,80
914,Tigger14a,315,257,618,290,398
915,MSTD-int,273,231,507,236,328
916,Charlie22a,216,286,587,302,313
917,L1MC4a,4221,3825,7844,4289,5222
918,Helitron2Na_Mam,416,248,255,301,304
919,Ricksha_a,24,8,36,4,24
920,LFSINE_Vert,753,872,1129,790,951
921,L1MDb,494,343,321,275,413
922,L1MDa,1822,1747,2755,1650,2261
923,UCON38,27,12,28,2,16
924,7SLRNA,84698,47145,42489,44842,79129
925,MER6B,134,133,318,187,262
926,LOR1-int,829,654,1631,998,949
927,LTR72,28,75,32,23,40
928,UCON37,4,20,4,0,16
929,HERVP71A-int,105,169,422,120,202
930,L1P3b,1,25,13,9,8
931,LTR73,45,37,120,77,46
932,HERV35I-int,42,92,167,55,68
933,MER68,869,708,1045,763,1001
934,LTR108d_Mam,0,0,16,0,15
935,MamGypsy2-I,313,238,412,283,303
936,tRNA-Tyr-TAT,0,0,0,0,0
937,MER110-int,8,12,110,20,35
938,Tigger2a,978,618,1506,827,986
939,MLT1C-int,266,242,361,282,236
940,HY1,230,190,302,200,231
941,HY3,144,187,193,127,255
942,HY4,120,68,174,100,63
943,HY5,84,47,24,70,27
944,MamRep605,1226,1246,1640,997,1188
945,tRNA-Thr-ACY,0,0,0,0,0
946,MER87,8,55,24,24,0
947,MER89,236,127,266,219,108
948,HUERS-P3b-int,356,404,723,482,569
949,MER133B,36,0,0,0,19
950,HERV9N-int,53,99,212,115,87
951,MER133A,0,0,32,0,0
952,Eulor5A,4,28,48,36,11
953,5S,1233,706,778,1558,1282
954,Eulor5B,0,0,0,0,8
955,LTR19B,131,86,85,85,77
956,LTR19C,96,64,96,28,51
957,LTR19A,394,301,657,235,289
958,MLT1J2,747,877,1480,937,950
959,MamRep564,231,275,309,227,244
960,UCON28c,12,0,0,4,0
961,MLT1J1,588,580,899,612,666
962,UCON34,163,60,195,73,56
963,LTR2C,66,53,126,77,53
964,LTR2B,85,42,96,65,86
965,HAL1M8,710,796,1352,770,855
966,AluYi6,47,54,62,24,72
967,MSR1,84,114,126,65,139
968,Tigger8,215,258,462,217,336
969,LTR49-int,430,388,864,558,694
970,MER31-int,317,177,358,165,302
971,Tigger1,8655,7569,13579,8702,8914
972,tRNA-Ala-GCY_,0,0,0,0,0
973,Kanga1d,36,199,182,68,104
974,Tigger2,1670,1538,2671,1554,1792
975,Kanga1b,94,80,111,76,122
976,Kanga1c,76,72,210,132,199
977,Tigger7,1584,1158,1605,1156,1578
978,Kanga1a,123,106,272,132,158
979,L1M3b,58,147,104,13,59
980,UCON71,59,12,8,0,0
981,LTR10A,85,78,119,109,95
982,tRNA-Asp-GAY,2,12,24,0,16
983,LTR10C,296,219,312,159,253
984,LTR10B,62,23,19,41,28
985,LTR10E,95,40,84,56,32
986,LTR10D,20,18,126,70,100
987,LTR10G,35,16,32,21,1
988,AluY,10311,7571,9408,6269,8859
989,SATR2,89,68,257,130,118
990,LTR16D1,106,35,104,76,156
991,LTR16D2,17,26,62,33,10
992,L1M3a,201,102,227,138,163
993,MER57B1,141,106,223,134,222
994,UCON85,0,0,20,8,0
995,L2-1_AMi,421,417,609,371,389
996,MER57B2,161,138,360,163,230
997,MamSINE1,3635,2670,3512,2613,3564
998,UCON11,0,0,0,0,0
999,Tigger3a,1433,1424,2335,1514,1533
1000,HERVL40-int,579,404,703,421,473
1001,MER53,537,347,696,362,643
1002,MER50,336,281,426,293,462
1003,MER52-int,9,23,75,117,44
1004,UCON76,0,12,12,0,4
1005,Penelope1_Vert,432,258,463,302,439
1006,MER87B,48,70,97,52,50
1007,MamRep434,715,697,1121,605,565
1008,HERVFH19-int,62,39,109,67,91
1009,L2-3_Crp,676,568,848,538,447
1010,HERVK14C-int,29,36,30,12,8
1011,HAL1ME,1533,1078,2785,1708,1814
1012,LTR28,20,32,48,4,16
1013,MLT1A1-int,56,96,202,210,128
1014,FLAM_C,4099,3091,4544,2798,4334
1015,LTR81AB,40,12,32,16,12
1016,FLAM_A,2418,2074,2826,1670,2227
1017,L1M6B,304,150,525,164,301
1018,MER121,40,38,84,87,73
1019,LTR37B,281,165,528,256,247
1020,LTR23,55,124,293,163,112
1021,LTR22,21,12,38,30,36
1022,LTR25,76,50,40,48,34
1023,LTR12,116,147,252,126,146
1024,LTR27,8,16,25,8,16
1025,LTR26,68,172,108,112,152
1026,LTR7A,5,12,5,7,20
1027,tRNA-Thr-ACG_,0,0,0,0,0
1028,LTR6A,201,166,169,147,215
1029,LTR37A,119,84,195,168,216
1030,L1ME3Cz,2961,2528,5167,2901,3256
1031,MER92D,39,64,104,27,75
1032,MER4E1,172,255,316,134,149
1033,MLT1O,789,636,1143,559,705
1034,U8,32,8,32,0,0
1035,U5,0,23,39,44,12
1036,MER125,0,0,12,3,0
1037,U7,67,48,51,20,39
1038,HAL1b,1111,846,1561,754,1041
1039,U1,271,131,267,222,234
1040,U3,7125,3786,6353,6818,6632
1041,LTR24,59,63,111,83,195
1042,MLT2B1,489,303,719,274,311
1043,MER1A,1526,802,1767,1165,1141
1044,MER57A1,193,199,276,151,212
1045,MER127,36,20,55,4,60
1046,MLT1A0-int,254,246,362,181,255
1047,LTR86A1,76,89,180,118,161
1048,LTR86A2,47,36,77,56,55
1049,MER126,80,76,130,51,13
1050,tRNA-Arg-CGA_,0,0,0,0,0
1051,MER9a1,63,50,107,94,48
1052,Charlie16a,685,391,832,351,575
1053,MER9a3,362,154,269,146,117
1054,MER63A,577,425,783,419,501
1055,MER63C,138,108,233,119,188
1056,MER51C,91,64,46,60,40
1057,MER63D,421,240,410,311,313
1058,MLT2C1,316,315,440,253,293
1059,UCON97,0,4,0,0,16
1060,MLT2B5,46,12,28,35,56
1061,MLT-int,146,81,167,101,144
1062,MLT2B4,731,417,851,398,587
1063,AluSq4,501,342,391,293,384
1064,AluSq2,7845,6418,8123,5555,7640
1065,MLT1F1-int,87,60,135,161,131
1066,MER94B,123,48,107,91,27
1067,Tigger20a,521,480,620,529,370
1068,U2,708,352,412,638,556
1069,Charlie7a,268,291,619,262,379
1070,MER45A,262,378,722,303,435
1071,UCON15,0,0,0,0,0
1072,MLT1E1A-int,4,8,56,4,78
1073,MERX,87,31,156,54,94
1074,HERVIP10B3-int,584,574,932,533,510
1075,MER34C2,181,100,300,143,165
1076,Charlie26a,157,89,197,60,171
1077,Cheshire,454,464,888,390,515
1078,L1ME2,4172,3925,7024,3924,5055
1079,MER75B,0,30,22,11,1
1080,Charlie30a,325,430,262,198,542
1081,LTR7Y,318,194,232,247,267
1082,MSTD,1740,1449,2103,1301,1420
1083,LTR1F2,150,92,164,80,118
1084,LTR1F1,37,4,20,27,20
1085,tRNA-Val-GTG,20,0,1,4,0
1086,HERVK9-int,481,372,624,455,390
1087,tRNA-Ser-AGY,0,0,0,8,0
1088,HERVIP10F-int,224,263,295,240,291
1089,HERV3-int,408,264,537,234,295
1090,U17,3575,2070,3487,1877,2876
1091,MER92A,0,0,20,12,8
1092,UCON100,24,0,4,0,0
1093,MER70-int,37,77,80,70,78
1094,CR1-11_Crp,0,12,0,12,0
1095,UCON74,40,28,51,33,23
1096,AluJb,21970,17461,24948,17178,22882
1097,AluSc5,725,585,676,600,720
1098,SATR1,2,32,127,36,29
1099,AluSc8,2921,2461,2880,1951,2846
1100,L1PA10,2422,1721,3560,1936,2062
1101,L1PA13,2339,2020,4081,2199,2458
1102,L1PA12,1081,744,1201,644,869
1103,AluJo,13734,11439,14939,10189,13187
1104,L1PA14,884,900,1539,768,887
1105,AluYh3a3,80,81,71,84,78
1106,L1PA16,3342,3122,5691,3162,3668
1107,HERVFH21-int,39,20,76,8,24
1108,L1MC,1511,1111,2319,1257,1580
1109,UCON65,0,0,0,0,0
1110,UCON64,0,0,0,0,0
1111,UCON63,0,0,0,0,0
1112,LTR43,77,43,43,26,58
1113,L1MD,2492,1820,3460,1931,2695
1114,MLT1J,3464,2986,3920,2666,3843
1115,MLT1N2,907,523,908,536,771
1116,UCON28a,0,0,24,48,48
1117,UCON28b,15,4,28,4,16
1118,LSU-rRNA_Hsa,14314,12306,21007,15854,10015
1119,MLT1H2-int,63,51,92,79,30
1120,HERVL18-int,372,429,421,395,506
1121,tRNA-Phe-TTY,0,0,3,0,0
1122,tRNA-Thr-ACA,0,0,0,8,0
1123,MSTB2-int,12,3,26,9,44
1124,MamRep137,1187,898,1241,884,893
1125,MER66B,509,506,552,484,614
1126,MER83,145,104,186,109,128
1127,MER91A,572,418,967,584,612
1128,MIR1_Amn,3105,2092,3808,2052,2562
1129,MER45R,67,24,62,95,20
1130,MER4D0,190,94,237,119,195
1131,BLACKJACK,306,238,418,344,379
1132,MLT1A1,1268,1158,1582,1174,1252
1133,MLT1A0,3923,3297,5411,3600,4406
1134,L2-3_AMi,0,0,0,0,0
1135,HERVL-int,1568,1152,1951,1262,1341
1136,MER91C,251,189,335,254,228
1137,L1MA5,1570,1377,2490,1268,1631
1138,MLT1N2-int,0,0,12,24,36
1139,U6,147,365,420,274,337
1140,X7B_LINE,180,55,197,105,166
1141,L1M2a,824,777,1018,581,925
1142,MamRep1879,273,164,329,340,168
1143,L1M2c,239,212,384,144,204
1144,L1M2b,40,88,94,64,20
1145,CR1-8_Crp,0,0,0,0,0
1146,LTR22A,17,8,26,22,26
1147,HERV-Fc1-int,5,0,12,5,39
1148,AluSz6,7104,6199,8768,5632,8052
1149,L1PA8A,931,844,1393,912,1066
1150,MER68B,252,202,217,135,223
1151,MER68C,54,24,52,16,48
1152,MER83C,36,16,40,0,8
1153,MER50C,43,31,48,36,40
1154,AluYd8,57,11,10,21,13
1155,MER52A,630,654,996,584,546
1156,tRNA-Trp-TGG,0,0,0,0,0
1157,MER52C,99,127,142,83,72
1158,L1M2,2503,2102,3655,2107,2772
1159,L1M3,1297,1209,1822,1009,1482
1160,L2c,54393,45966,72056,46060,51633
1161,L1M1,2089,2002,3763,2033,2447
1162,L1M6,794,592,1188,790,750
1163,L1M7,673,642,816,567,598
1164,L1M4,5775,5572,9487,5661,6103
1165,L1M5,10816,8720,17122,9803,12684
1166,MLT1G,628,436,724,457,538
1167,MLT1F,1246,1062,1704,1111,1183
1168,L1M8,458,311,656,398,343
1169,MLT1D,4862,4402,7157,4781,4814
1170,MLT1C,4814,4224,7346,4188,4487
1171,MLT1B,9634,6163,8615,7107,9517
1172,MLT1A,1822,1640,2800,1602,2103
1173,tRNA-Ser-TCA_m_,199,230,123,104,190
1174,MER4A1,522,480,599,507,644
1175,UCON99,12,0,4,4,16
1176,Looper,304,235,418,232,184
1177,UCON92,0,0,0,0,0
1178,MLT1B-int,315,338,455,198,436
1179,LTR9B,223,280,349,250,360
1180,LTR9C,67,32,38,40,0
1181,LTR9D,215,101,258,180,248
1182,UCON22,0,0,4,0,0
1183,UCON94,24,4,8,4,0
1184,MADE1,446,456,494,266,377
1185,MADE2,432,369,766,503,488
1186,AluSp,8056,5515,6593,5064,7182
1187,AluSq,3646,3125,3200,2436,3215
1188,PABL_A-int,311,177,271,168,154
1189,LTR33C,134,86,147,112,40
1190,tRNA-Lys-AAG,25,16,43,48,20
1191,AluSx,20192,16549,18579,13697,18464
1192,AluSz,16127,13070,16456,11596,15521
1193,Ricksha_b,27,35,61,66,49
1194,PABL_B,76,64,80,36,83
1195,Charlie20a,241,133,259,154,216
1196,L1MEh,409,434,736,394,342
1197,L1MEi,680,707,1414,749,824
1198,L1MEj,341,343,824,477,390
1199,AluSc,6398,5141,5569,3806,5811
1200,L1MEd,3609,3442,6954,3783,4358
1201,tRNA-Gly-GGA,8,44,19,12,16
1202,Charlie23a,202,142,315,156,311
1203,L1MEg,3038,2566,4986,2980,3426
1204,LTR7B,348,241,221,214,283
1205,L1MEa,108,44,132,70,89
1206,L1MEb,494,348,724,505,446
1207,L1MEc,4982,4005,8165,4660,5306
1208,LTR76,130,125,191,140,170
1209,LTR77,35,4,63,0,0
1210,LTR101_Mam,256,225,252,195,269
1211,LTR75,154,92,209,104,139
1212,LTR47A,151,126,190,113,130
1213,AluYc3,150,103,122,82,82
1214,LTR70,91,140,128,118,116
1215,LTR47B,0,0,0,0,4
1216,tRNA-Glu-GAG,0,0,0,0,0
1217,Tigger3d,224,250,356,122,203
1218,Tigger3c,517,618,873,518,731
1219,MLT1E1A,766,569,837,338,573
1220,LTR78,520,535,1172,665,715
1221,LTR79,633,646,793,413,728
1222,tRNA-Tyr-TAC,0,0,0,24,0
1223,LTR67B,571,548,860,576,571
1224,MSTA1-int,32,16,24,8,0
1225,MER113A,630,415,713,411,499
1226,MER113B,148,63,251,123,181
1227,tRNA-Glu-GAG_,261,93,108,101,57
1228,MamRep1527,112,36,167,41,100
1229,MER1B,2255,1868,2783,1652,2204
1230,LTR1B1,0,28,16,0,0
1231,LTR1B0,12,8,28,16,8
1232,LTR37-int,184,192,683,396,461
1233,Harlequin-int,374,455,835,496,580
1234,LTR88a,122,92,135,152,104
1235,tRNA-Ala-GCG,0,0,0,0,0
1236,L1ME5,943,594,1411,632,663
1237,HERV16-int,129,157,267,193,118
1238,L1ME1,11063,9579,18488,10593,12632
1239,CR1-L3B_Croc,0,0,0,4,0
1240,L1ME3,3291,2763,5006,2543,3694
1241,MSTC-int,68,112,59,24,84
1242,L1PBa1,286,240,501,127,268
1243,LTR43-int,17,30,21,8,86
1244,LTR7C,383,221,273,151,180
1245,tRNA-Ala-GCY,0,24,0,0,0
1246,L1MA5A,1029,941,1876,974,1056
1247,LTR5_Hs,289,186,324,161,182
1248,MER5A,9692,7845,9510,6551,9836
1249,REP522,22,2,6,3,0
1250,AmnSINE1,1941,1245,1430,954,1824
1251,X7D_LINE,0,4,0,4,0
1252,AmnSINE2,257,138,302,123,196
1253,Tigger3b,2000,2001,3393,1934,2190
1254,MSTB-int,433,310,629,430,428
1255,MLT1L-int,0,4,28,19,0
1256,L1PA3,1250,1260,2066,1351,1417
1257,MamRep1894,154,63,140,80,92
1258,UCON20,0,11,0,0,0
1259,MER57E2,0,8,24,0,0
1260,MER99,20,12,65,35,103
1261,UCON50,8,8,16,0,0
1262,CRP1,0,0,8,0,0
1263,UCON44,8,12,16,0,0
1264,MLT1O-int,0,0,0,0,0
1265,MLT1H,2432,1708,2655,1588,2015
1266,UCON47,123,39,101,20,99
