,0,S1,S2,S4,S5,S8,S11,S12,S13,S14,S15
0,MER11B,20780,11421,10834,10741,19684,10299,14205,12101,17809,15090
1,MER44B,1149,755,1922,864,921,693,946,941,1111,739
2,UCON80_AMi,151,83,103,127,109,38,149,157,155,92
3,MSTA1,92,129,290,136,117,127,141,150,270,47
4,MLT1E1-int,0,4,24,12,4,0,0,0,0,0
5,UCON27,8,20,4,12,60,0,4,28,12,16
6,MER96B,201,292,394,213,322,246,302,277,407,250
7,MLT1E2-int,12,23,46,68,49,4,35,64,7,12
8,UCON29,70,53,24,56,39,0,52,16,7,68
9,Zaphod2,229,98,201,106,234,87,174,132,147,137
10,MER41E,157,98,96,126,106,35,101,26,95,0
11,MER41D,141,112,90,70,142,76,102,75,139,54
12,MER41G,16,64,64,40,12,12,32,12,32,56
13,MLT2B3,801,596,1109,684,722,649,646,599,907,818
14,LTR82B,167,226,181,141,195,222,155,221,275,233
15,UCON26,79,8,76,12,55,72,8,44,24,8
16,MER41C,122,151,142,126,102,60,112,66,102,72
17,CR1-L3A_Croc,44,12,66,44,32,36,44,26,35,0
18,L1M4a2,331,358,662,418,443,343,476,497,432,278
19,L1M4a1,482,623,900,650,862,364,736,500,805,363
20,UCON19,0,0,0,12,0,0,0,0,0,0
21,MER96,138,100,168,88,139,104,172,235,111,174
22,MER20B,1002,1053,1667,1146,1310,764,1338,1116,1394,1241
23,LTR82A,176,137,323,145,242,152,276,182,308,173
24,MLT1E3,290,299,596,256,440,288,336,255,443,315
25,LTR35A,0,4,8,32,48,28,8,20,8,36
26,LTR35B,8,32,16,44,55,8,36,12,24,0
27,MER95,15,16,72,36,72,35,55,54,71,61
28,MER44A,1625,1261,2033,1545,2008,1216,1583,1229,2099,1970
29,MSTB2,317,305,585,257,261,206,348,235,453,181
30,CER,114,106,140,101,55,41,48,28,68,70
31,AluYh7,5,5,10,18,10,6,10,5,21,5
32,Charlie15b,691,635,841,473,837,429,654,511,602,354
33,LTR52-int,0,27,83,31,8,32,0,20,17,26
34,Charlie15a,1107,1124,1730,806,1339,798,1100,1169,1163,492
35,LTR85c,226,203,235,101,143,102,202,222,232,92
36,LTR85b,176,70,194,116,167,49,109,80,174,34
37,LTR85a,187,243,284,207,327,177,308,279,375,189
38,MER97b,0,0,4,0,8,0,0,0,4,0
39,Tigger12c,259,169,266,287,275,96,214,196,347,297
40,AluYh9,2,8,1,1,1,1,7,1,1,1
41,LTR66,29,23,126,24,32,71,48,22,28,16
42,LTR103_Mam,10,32,90,24,25,32,82,8,39,40
43,LTR61,12,54,48,16,69,28,32,120,19,4
44,tRNA-Leu-TTA_m_,139,64,285,52,76,27,140,52,159,192
45,FordPrefect_a,40,4,36,16,39,0,35,0,16,47
46,UCON67,0,0,0,0,0,0,16,4,4,16
47,LTR60,24,1,30,16,0,0,16,0,10,0
48,tRNA-Leu-CTY,0,0,0,16,16,0,0,3,0,0
49,LTR60B,8,20,63,4,8,16,29,36,10,8
50,UCON58,0,7,0,0,0,0,0,0,0,0
51,UCON59,0,0,0,24,0,28,0,0,12,24
52,UCON24,0,0,0,0,0,0,0,0,0,0
53,UCON57,0,0,0,0,0,0,0,12,0,0
54,UCON54,19,32,119,27,24,4,4,8,72,16
55,UCON55,79,113,168,56,151,48,88,135,148,101
56,UCON53,0,0,0,0,4,0,3,0,0,0
57,HERVKC4-int,36,25,33,67,36,4,36,5,20,0
58,LSAU,0,0,12,1,0,0,0,0,0,4
59,Chap1_Mam,458,240,512,371,477,295,266,499,417,386
60,LTR3,242,164,112,158,529,154,211,179,178,111
61,X5B_LINE,9,36,22,19,35,4,41,18,32,14
62,AluSg7,1215,1056,1259,757,1022,791,1079,1135,1035,891
63,AluYi6_4d,30,23,48,20,25,18,36,25,23,23
64,LTR4,96,29,58,62,85,44,67,95,34,27
65,LTR5,25,75,56,29,50,63,47,44,44,27
66,LTR8,1125,1029,1334,753,1232,969,1278,1013,1150,835
67,LTR9,172,163,392,108,218,138,200,147,293,32
68,UCON66,0,12,28,4,0,0,0,20,12,0
69,ORSL,186,105,275,139,284,153,188,151,231,107
70,X9_LINE,562,496,627,435,517,231,451,415,603,481
71,MER57C2,42,67,120,36,52,27,37,16,66,8
72,HERVH48-int,287,213,294,247,300,129,111,299,239,135
73,MER57C1,18,29,66,24,96,36,36,64,14,24
74,LTR13A,146,178,157,119,118,79,177,94,126,103
75,hAT-16_Crp,24,0,0,0,0,0,0,0,0,0
76,MSTB1-int,36,24,71,36,52,31,43,36,51,44
77,tRNA-Asn-AAT,0,0,0,0,0,0,0,0,0,0
78,L1PB3,1370,1697,4918,2778,2108,1311,1608,1753,3917,2294
79,MER115,497,390,812,768,565,378,452,397,642,536
80,Tigger13a,746,673,1581,959,879,748,934,728,1085,582
81,MER117,1082,804,1245,944,921,718,1011,755,992,1023
82,MER110,158,32,203,57,88,4,4,36,56,0
83,MER112,1259,1319,2184,1225,1382,1369,1277,1412,1653,1074
84,L1PB1,3641,3207,6176,3606,4304,2681,3474,3845,4695,3120
85,MER74A,505,411,668,332,390,275,417,331,441,395
86,HERVK11D-int,59,0,16,2,0,2,10,10,92,0
87,LTR13_,80,32,82,21,65,16,51,19,22,26
88,MER119,261,338,518,251,409,309,361,279,307,166
89,MER5C1,182,207,240,114,231,132,284,146,184,123
90,PABL_A,207,74,225,137,103,140,113,141,89,64
91,LTR38,0,0,0,16,4,0,22,4,12,0
92,ALR_Alpha,2999,2615,2494,1781,2709,2561,2413,2358,3568,2658
93,MamGypLTR3,54,55,63,27,52,12,12,28,40,50
94,MER65-int,66,107,241,72,119,72,153,104,312,136
95,MLT1K,3668,2957,4221,2587,3172,2289,3036,2872,3479,2196
96,LTR32,389,195,472,261,335,152,329,196,337,224
97,LTR33,1534,1155,1730,1224,1285,956,1322,1149,1468,766
98,L1MA10,900,569,1335,785,1008,665,776,936,1077,805
99,LTR31,16,16,40,47,59,36,76,0,72,127
100,AluYg6,59,59,55,24,49,48,95,75,38,21
101,LTR34,28,16,103,68,84,28,40,32,32,63
102,LTR35,0,20,59,87,46,11,39,20,71,4
103,MLT2B2,220,225,317,288,142,121,182,226,300,209
104,HERVK13-int,238,235,345,259,267,90,112,115,226,96
105,UCON25,4,0,20,0,0,0,0,0,4,0
106,Tigger17a,1027,975,1528,1085,1398,984,1083,1100,1370,958
107,L1P1,724,661,1043,802,705,484,663,679,836,578
108,L1P3,1295,870,1723,887,1035,927,937,1115,1279,1109
109,L1P2,993,942,1585,882,1063,626,913,869,1071,755
110,L1P5,15,29,11,43,59,1,44,12,10,4
111,L1P4,622,519,1039,513,728,513,471,605,796,495
112,LTR108b_Mam,24,4,4,4,4,0,4,0,16,0
113,LTR21A,3192,1772,1254,1680,2771,1980,2053,1708,1174,867
114,tRNA-Arg-AGA,8,4,12,0,0,0,0,12,4,26
115,LTR21C,0,0,0,0,0,0,0,0,0,0
116,LTR21B,8,24,0,24,4,8,8,0,0,32
117,LTR86B1,35,91,186,88,63,92,68,79,75,44
118,LTR86B2,0,24,60,12,28,28,40,39,68,0
119,UCON103,0,0,0,0,0,0,0,0,0,0
120,UCON101,0,0,0,0,0,0,0,0,0,0
121,L1PB,227,222,486,231,266,222,254,220,290,198
122,UCON107,32,24,0,40,59,60,4,96,55,0
123,ERV3-16A3_LTR,157,115,229,64,121,175,120,83,168,121
124,tRNA-Glu-GAA,88,22,34,19,18,19,16,34,27,28
125,LTR18A,42,59,99,79,56,4,36,59,67,0
126,LTR18C,8,16,8,0,0,0,8,0,12,0
127,LTR18B,62,120,121,137,108,24,103,112,132,92
128,ERV24_Prim-int,40,41,96,63,82,59,83,24,92,0
129,MER70C,7,39,20,32,34,28,28,34,67,35
130,LTR3B,16,1,4,1,1,0,9,14,30,0
131,LTR3A,116,96,83,56,89,96,101,39,108,88
132,MSTA,2380,2829,4128,2560,2788,2816,2951,2577,3627,2068
133,MSTB,1987,1387,2710,1699,1996,1610,1982,1658,1842,1277
134,LTR59,20,4,28,12,12,82,4,16,0,0
135,MER11D,29,41,38,20,36,18,18,9,32,60
136,LTR108a_Mam,7,37,4,16,16,56,59,40,23,31
137,GSATII,0,3,9,5,17,0,6,3,49,11
138,ERVL47-int,16,24,71,56,0,20,24,11,36,52
139,MER11C,251,148,411,252,372,204,306,228,311,175
140,MER83B,25,43,9,27,14,12,45,15,29,75
141,LTR24C,60,73,82,82,51,28,16,21,34,8
142,LTR54,119,119,228,160,183,146,109,140,199,64
143,tRNA-Pro-CCY,4,12,0,0,0,4,0,0,4,4
144,MER129,140,15,0,8,4,72,83,0,24,4
145,MER6C,0,12,56,0,4,12,9,11,28,32
146,LTR16B,140,65,127,84,100,88,168,59,162,56
147,MER6A,568,287,591,234,312,296,274,301,396,343
148,MER130,0,16,32,46,44,59,16,44,0,20
149,Tigger15a,1676,1369,2593,1390,1579,1338,1663,1821,1705,1207
150,Tigger2b_Pri,519,550,871,531,571,324,509,455,718,386
151,Kanga11a,18,146,194,142,92,57,81,111,138,129
152,MER131,296,263,411,319,294,246,388,443,391,205
153,THE1D,1517,1339,2253,1569,1484,955,1399,1360,2096,1199
154,Ricksha_c,197,145,278,180,209,107,194,178,179,151
155,FordPrefect,290,235,548,199,343,212,218,284,538,231
156,Charlie10a,99,84,220,60,59,83,111,75,67,94
157,L1M3c,313,246,453,215,329,244,211,297,295,239
158,Charlie10b,64,72,99,68,44,75,36,100,91,4
159,L1M3f,246,166,316,191,294,108,180,119,267,259
160,L1M3d,66,64,132,87,136,73,52,52,107,44
161,L1M3e,289,252,536,248,241,343,361,317,403,319
162,LTR47B4,11,4,8,7,24,0,24,4,12,0
163,MLT2C2,165,69,237,90,186,167,155,57,248,104
164,MER92C,8,16,4,6,19,24,4,0,8,0
165,MER92B,340,182,423,291,338,224,328,305,283,270
166,CR1-13_AMi,27,8,36,0,40,0,20,8,16,0
167,MER134,0,0,4,0,0,36,0,0,0,0
168,LTR47B2,52,40,78,8,44,9,23,1,38,82
169,LTR47B3,8,8,32,16,16,68,20,20,16,40
170,LTR1A2,231,223,259,150,205,154,327,167,325,183
171,MER51A,367,362,577,337,491,329,334,463,697,402
172,MER51B,99,88,148,126,100,118,124,64,84,75
173,LTR1A1,52,71,36,80,43,88,120,48,100,20
174,MER51D,16,24,16,36,4,0,4,0,32,16
175,MER51E,12,37,4,12,16,39,36,20,36,11
176,Tigger5,220,305,267,190,176,141,267,191,321,334
177,HERV4_I-int,167,163,373,132,131,147,132,100,244,69
178,LTR86C,48,60,99,71,97,20,16,74,80,27
179,MER45C,243,161,614,144,313,299,240,255,512,387
180,MER45B,158,217,258,146,272,152,114,259,274,196
181,L3b,2882,2372,3872,2257,2731,2261,2618,2793,2763,1679
182,LTR108e_Mam,23,8,8,48,20,0,8,24,24,0
183,MER75A,24,8,8,0,0,0,20,0,4,0
184,MER83B-int,34,52,80,44,19,52,68,52,185,48
185,Tigger11a,357,411,443,291,402,623,630,684,658,585
186,Ricksha,25,25,70,16,0,20,57,24,70,40
187,MER57A-int,1015,692,1065,581,1114,887,1219,1034,1431,883
188,HERVL66-int,77,86,143,29,140,40,80,23,59,12
189,L1MA1,1158,1088,2089,1075,1561,1201,1208,1228,1743,1182
190,L1MA2,2030,1998,3824,1921,2016,1623,1899,2021,3165,2004
191,L1MA3,2623,3005,5156,3120,3100,2294,2804,2800,3763,2613
192,L1MA4,2571,2483,4633,2715,3119,2293,2876,2876,3852,2110
193,AluYc,446,261,343,286,583,413,436,414,336,215
194,L1MA6,1413,1243,2379,1263,1410,909,1392,1299,1765,1298
195,L1MA7,1730,1475,3527,2157,2233,1734,1653,1605,2335,1665
196,Charlie29a,574,446,678,543,697,423,502,390,571,228
197,L1MA9,2714,2393,5237,3039,3030,2472,3002,2751,3862,2406
198,MER4D1,346,307,469,276,390,131,312,310,346,417
199,THE1C-int,754,720,1082,724,747,580,632,612,982,495
200,UCON16,0,12,0,0,0,11,4,0,20,0
201,tRNA-Leu-TTG,0,48,0,0,8,0,0,0,0,0
202,tRNA-Gln-CAA,16,0,44,12,12,0,24,4,0,0
203,ERVL-int,277,193,364,254,295,170,245,187,335,299
204,tRNA-Leu-TTA,0,0,0,0,0,0,0,0,0,4
205,tRNA-Gln-CAG,0,0,0,0,0,0,8,4,0,0
206,_GAATG_n,4,0,4,10,3,1,8,7,15,3
207,MLT1G-int,141,92,207,107,128,84,87,119,96,48
208,MER2B,722,593,996,665,822,486,693,641,854,504
209,UCON12,0,12,0,4,16,4,0,4,24,0
210,MER30,1409,1183,1880,929,1166,768,1384,1042,1397,926
211,SSU-rRNA_Hsa,20512,20572,42266,27084,15537,4130,104459,18591,13974,30729
212,Charlie19a,428,382,886,518,522,374,607,425,470,374
213,MLT1-int,27,40,73,53,36,44,20,50,18,40
214,UCON17,0,0,0,0,0,0,0,8,8,0
215,UCON14,47,12,8,8,4,28,20,0,0,12
216,MLT1E2,942,869,1261,869,1029,831,1007,742,927,687
217,MER21-int,233,341,630,226,394,204,387,390,403,169
218,UCON18,0,0,0,0,0,0,0,4,0,0
219,MIR,39493,33895,56304,35710,40671,29915,39282,34631,42055,28708
220,_CATTC_n,0,0,0,1,0,0,6,0,0,2
221,MLT1E1,176,91,94,112,107,60,115,116,185,28
222,MER92-int,246,212,259,167,175,190,144,158,169,93
223,tRNA-Asn-AAC,0,0,0,4,0,0,1,6,0,0
224,THE1A-int,2149,1489,2116,1281,1659,1356,1972,1689,2076,1102
225,tRNA-Val-GTA,0,0,0,0,0,0,0,0,0,0
226,LTR72B,0,8,24,4,40,28,12,56,24,0
227,Charlie4z,2031,1825,3252,1746,2371,1840,2088,2038,2607,1448
228,Tigger1a_Mars,0,0,0,0,0,0,0,0,0,0
229,MLT1F2,1589,1140,1761,1258,1362,857,1132,1119,1481,860
230,Charlie4a,949,920,1515,894,1279,858,949,1273,1429,738
231,MLT1F1,765,752,908,684,817,475,740,769,790,633
232,tRNA-Cys-TGY,0,11,0,4,12,47,4,12,24,8
233,tRNA-Gln-CAA_,7,0,2,3,6,6,2,5,0,0
234,ERVL-E-int,1631,1265,2680,1584,1670,1158,1530,1542,1947,1015
235,X2_LINE,71,0,24,12,16,20,24,12,16,24
236,X7A_LINE,146,252,257,136,198,127,239,182,178,147
237,UCON8,40,43,80,12,63,12,67,20,40,15
238,MER50-int,167,59,230,32,138,174,187,61,179,47
239,LTR54B,215,209,241,205,178,184,198,307,368,227
240,MamRep488,96,80,100,60,48,112,56,59,17,99
241,MER84-int,40,16,10,13,11,5,10,11,25,17
242,LTR102_Mam,43,75,124,119,96,76,68,144,109,39
243,PABL_B-int,332,235,409,228,286,270,362,254,284,232
244,MER41-int,497,482,763,664,655,431,391,573,704,348
245,Eulor6C,0,0,0,0,0,0,0,0,0,0
246,L1MA4A,2462,2079,3973,1991,2753,2098,2270,2384,3418,2042
247,HERVIP10FH-int,365,248,389,260,222,118,148,283,208,130
248,tRNA-Met_,0,0,0,3,16,0,8,0,12,0
249,MER67D,88,84,179,126,21,65,113,49,130,73
250,MLT1H1,714,460,633,553,698,404,457,459,644,229
251,AluYh3,211,212,302,230,214,107,355,258,428,198
252,AluYk4,189,101,178,132,111,95,204,164,142,74
253,AluYk2,135,76,126,105,138,95,112,107,124,104
254,AluYk3,100,103,84,91,120,107,159,93,111,80
255,LTR27B,90,52,80,36,28,0,64,91,59,60
256,MER8,559,614,1286,588,674,577,598,696,928,628
257,tRNA-Leu-CTA,0,0,0,0,0,0,0,0,0,0
258,MSTC,806,612,880,603,564,328,769,742,907,509
259,LTR2752,63,72,134,82,107,52,104,115,64,143
260,UCON39,416,159,164,146,419,135,76,52,104,12
261,LTR39-int,4,24,64,23,20,4,20,13,12,0
262,HSAT5,62,53,65,21,49,41,48,17,42,20
263,HSAT4,287,260,587,223,251,250,296,554,404,211
264,LTR22B1,92,99,222,76,176,110,181,186,180,139
265,L1ME3E,1147,1045,1845,1057,1468,811,1438,1481,1434,757
266,UCON89,0,16,4,0,16,0,24,28,0,0
267,LTR46-int,359,330,272,214,256,197,226,127,206,127
268,tRNA-Thr-ACG,12,0,0,0,0,0,4,0,0,0
269,L1P4b,3,9,2,0,4,0,8,4,22,8
270,Zaphod3,40,128,198,146,132,67,145,144,234,120
271,L1PBa,553,555,970,556,722,721,632,590,1037,537
272,MamRTE1,7605,6705,7991,5227,8638,5985,7153,6568,7102,5437
273,UCON80,0,11,15,2,10,1,11,26,1,22
274,UCON83,0,0,0,0,0,0,0,0,0,0
275,LTR16D,120,126,200,80,72,72,180,96,165,143
276,LTR16C,874,747,1286,690,783,625,940,782,1068,559
277,L1PBb,134,118,206,119,115,116,126,202,111,133
278,LTR16A,489,414,892,593,456,245,421,362,542,523
279,UCON86,22,8,4,8,28,7,20,52,23,43
280,LTR16B2,233,133,230,86,215,130,229,117,148,110
281,SAR,0,4,1,2,0,0,0,0,6,0
282,MARNA,2078,1322,2224,1288,1819,1589,1856,1675,2160,1625
283,LTR16B1,273,136,215,191,118,70,180,108,327,201
284,LTR9A1,108,118,162,68,133,51,94,55,80,31
285,MER58D,802,507,825,612,1008,747,761,727,687,612
286,MER58C,890,840,1209,924,986,551,1055,1052,1363,767
287,MER58B,2476,2165,3362,2043,2460,1580,2090,2109,2449,2013
288,MER58A,4355,3683,6212,4027,4898,3752,4851,4343,4803,4307
289,MamGypLTR2c,48,96,128,106,96,16,32,36,56,131
290,HSATI,0,0,8,0,16,0,12,0,0,0
291,Charlie3,319,194,313,300,196,134,225,133,258,111
292,Charlie1,1067,953,1378,837,1172,869,907,947,868,679
293,Charlie6,131,147,179,146,224,115,101,142,97,80
294,Charlie7,1139,802,1295,615,771,700,1062,761,984,552
295,Charlie4,19,21,52,11,20,20,8,16,64,4
296,Charlie5,515,487,716,534,588,345,600,549,648,398
297,MER39B,411,344,520,336,400,356,364,372,534,451
298,Charlie8,1014,1110,1411,858,1215,1188,1262,1331,1273,764
299,L1MC5,6467,5987,9930,6079,7843,5322,6883,6531,8204,5136
300,MER101-int,462,486,865,537,599,364,499,619,629,607
301,HSMAR1,1051,983,1207,483,1006,873,857,921,1031,550
302,LTR42,87,184,246,97,270,100,60,115,177,341
303,LTR41,849,791,677,656,1021,604,854,680,585,742
304,HSMAR2,558,733,1122,450,754,719,780,727,941,713
305,LTR46,217,208,170,78,158,171,158,134,99,149
306,LTR45,40,28,56,12,12,0,12,0,0,0
307,LTR44,65,47,94,62,39,4,52,44,96,72
308,Tigger19a,1808,1428,2244,1186,1550,1102,1310,1383,1652,1135
309,LTR49,197,225,404,242,328,224,216,261,243,189
310,LTR48,133,228,327,241,243,238,242,258,337,157
311,AluYb9,30,39,48,16,80,56,37,46,86,41
312,AluYb8,178,294,244,246,209,236,285,231,252,312
313,LTR38C,8,35,27,12,15,12,47,63,24,32
314,LTR38B,28,16,51,16,8,25,12,36,28,4
315,tRNA-Leu-CTG,0,0,0,0,0,15,0,0,0,0
316,Tigger4a,1038,983,1675,840,1275,997,1280,1025,1383,766
317,LTR26B,39,34,40,8,8,13,20,12,28,36
318,Alu,202,453,399,309,307,265,280,380,303,226
319,LTR26D,83,49,65,39,28,7,20,41,0,4
320,LTR26E,124,46,56,28,37,48,65,32,92,20
321,MER9a2,55,51,164,98,86,73,38,31,51,42
322,HERV15-int,16,42,67,30,97,0,107,31,34,55
323,L1MB8,8048,7199,13168,7115,9418,6042,8116,8194,10433,5944
324,UCON69,0,0,0,0,0,0,4,0,4,0
325,Charlie14a,597,406,655,375,686,362,480,310,574,337
326,HERV-Fc2-int,0,0,0,0,0,0,2,0,0,0
327,L1MB1,1102,1059,2244,1049,1291,982,1262,1263,1456,1174
328,L1MB3,8077,6524,11370,6868,7210,5116,7502,7057,8453,5736
329,L1MB2,4303,3751,8427,4546,4854,3380,4643,4478,6634,3500
330,L1MB5,3868,3504,6394,3473,3978,3319,3949,3310,4705,2736
331,L1MB4,3923,3744,6587,3621,4316,3410,4219,3971,5522,3490
332,AluJr4,3285,2566,3588,2479,3495,2135,3418,3054,2811,2280
333,L1P4a,116,77,139,146,102,130,138,119,139,140
334,UCON4,60,91,118,31,107,20,72,48,72,51
335,UCON71_Crp,105,69,163,61,181,79,111,83,73,50
336,MamRep4096,160,191,329,188,127,103,220,122,156,219
337,MER135,139,168,262,117,117,36,140,114,165,143
338,THE1-int,168,192,301,135,182,121,167,60,104,8
339,HERVS71-int,208,228,451,166,267,350,604,464,384,225
340,HSAT6,0,0,0,0,0,0,0,0,0,0
341,HERVK11-int,141,64,169,155,124,56,57,93,111,130
342,ACRO1,12,0,0,0,6,0,0,0,0,7
343,LTR90A,54,92,75,66,82,10,84,72,59,17
344,UCON35,0,8,8,0,0,35,0,4,0,22
345,LTR90B,52,28,168,58,36,40,44,80,110,131
346,LTR27E,24,64,90,126,100,44,75,79,47,68
347,MER65B,8,17,34,8,0,0,29,16,9,1
348,MER65A,247,197,293,159,199,164,197,262,182,239
349,UCON88,0,0,4,4,0,0,0,0,0,0
350,HERVK3-int,661,550,727,516,929,625,533,414,678,538
351,L1ME2z,2604,2198,4849,2371,2766,2189,2932,2537,3518,2002
352,L1PA11,1478,1282,2004,1331,1507,989,1446,1234,1767,1252
353,OldhAT1,4542,3045,4473,2708,4404,2944,2917,3317,3624,2443
354,LTR91,16,8,23,16,7,0,0,0,32,0
355,Charlie1a,2577,2298,3823,2243,2824,1613,2429,2677,2962,1884
356,Charlie1b,899,874,1665,694,979,1044,981,978,1293,755
357,PRIMA41-int,171,63,124,89,16,96,31,23,68,67
358,LTR26C,68,8,86,75,24,16,31,52,40,20
359,LTR27D,0,4,0,18,0,1,1,0,8,28
360,SST1,34,63,68,55,82,26,81,46,53,21
361,MER54A,151,123,164,162,212,216,200,107,161,141
362,MER103C,2998,2831,4129,3240,3695,2440,3153,2666,2937,1503
363,MER51-int,178,167,293,153,232,53,210,163,195,168
364,MER67C,164,181,277,109,95,95,178,161,142,259
365,L1PA15,2379,2308,3708,2399,2518,1643,2435,2752,3062,2116
366,SVA_C,171,178,148,122,208,147,138,135,145,68
367,AluYm1,547,454,575,346,650,544,569,599,643,364
368,UCON81,0,0,0,0,0,0,0,0,0,0
369,LTR1D1,87,60,167,86,136,80,67,84,51,40
370,L1PA17,1176,1038,1998,980,1278,1034,1372,1062,1725,976
371,ERV3-16A3_I-int,1039,752,1562,1233,1198,662,802,796,1100,764
372,MER34A1,138,172,173,56,152,90,187,147,239,198
373,Tigger16a,344,364,858,327,366,383,568,345,543,351
374,THE1B-int,1810,1631,2882,1870,1938,1335,1420,1359,2015,1399
375,Tigger9a,287,225,581,243,291,279,223,342,427,209
376,Tigger9b,187,168,391,207,292,203,280,216,319,235
377,LTR27C,129,105,98,100,95,74,126,179,111,104
378,Charlie18a,1116,1161,1305,905,1578,1015,1184,1046,1179,1427
379,MLT2F,412,364,450,445,344,309,396,424,519,262
380,AluSq10,344,300,233,177,287,276,318,283,281,110
381,AluJr,14896,11802,16781,11025,16258,11862,15548,13888,14568,11320
382,Charlie10,330,185,379,249,198,253,243,203,376,226
383,Charlie11,23,28,24,16,28,0,8,40,48,80
384,Charlie12,12,12,26,24,28,4,0,12,4,4
385,UCON21,0,0,0,0,0,0,0,0,0,0
386,L1MEg1,151,247,335,186,291,118,272,266,252,154
387,L1MEg2,74,197,301,201,172,48,184,178,215,183
388,Charlie17,344,444,429,328,487,359,431,448,617,600
389,MER110A,84,48,112,47,80,0,32,24,88,131
390,UCON56,0,0,0,0,0,0,0,0,0,0
391,UCON82,27,0,0,0,0,0,0,0,12,0
392,HERVE-int,180,191,217,248,248,135,171,163,184,101
393,MLT1L,2524,1905,3056,2015,2593,1428,1914,2213,2265,1757
394,UCON87,0,0,0,0,0,0,0,0,0,0
395,MLT1H1-int,39,57,117,50,36,28,61,17,42,0
396,tRNA-Ala-GCA,0,12,12,0,0,0,4,0,24,0
397,HUERS-P2-int,103,86,71,71,78,16,68,64,33,24
398,UCON62,12,0,0,4,12,0,0,0,0,0
399,MLT1E3-int,20,7,26,13,33,4,15,36,11,28
400,L2a,67220,55992,87431,57872,65026,49230,65731,55707,68126,48451
401,Kanga1,146,156,82,136,104,60,138,84,107,31
402,MamGyp-int,532,385,323,278,319,239,247,228,280,269
403,CR1-3_Croc,391,383,504,430,505,291,506,378,296,521
404,LTR22E,132,150,145,92,131,39,106,109,156,58
405,MER76-int,69,40,87,28,91,32,26,19,39,0
406,UCON60,7,0,0,0,0,0,0,0,8,0
407,ERVL-B4-int,1074,1241,1684,1119,1136,750,1109,914,1367,696
408,LTR22B,12,42,69,29,48,3,32,0,38,63
409,LTR22C,1,9,20,12,3,0,0,1,1,0
410,MER81,401,249,589,163,164,170,344,240,339,292
411,MLT1H2,2989,2515,1779,1781,3450,2118,2450,2299,2120,1951
412,UCON23,59,4,44,4,19,0,24,0,24,0
413,MST-int,257,98,317,76,199,230,169,171,263,258
414,UCON12A,0,0,0,0,0,0,0,0,0,0
415,UCON31,4,16,12,0,0,0,28,0,0,0
416,UCON51,0,16,0,0,0,0,0,0,8,0
417,CR1-16_AMi,67,43,32,32,100,44,48,19,104,69
418,L4_A_Mam,1272,1311,2249,1465,1336,1226,1423,1353,2008,1303
419,HERVH-int,6987,4867,6054,5662,6025,4371,4821,4519,2736,4291
420,AluSg4,961,819,838,935,1124,630,1019,896,1094,606
421,LTR23-int,76,12,30,12,52,16,50,0,20,0
422,LTR88c,77,47,68,49,8,40,88,52,105,84
423,MamTip1,159,116,130,92,184,76,191,99,160,146
424,UCON48,0,4,24,0,12,0,28,12,48,0
425,MamTip3,64,43,98,99,81,70,104,119,127,56
426,MamTip2,1202,945,1633,978,1478,1069,1277,840,1069,1246
427,THE1C,1380,1181,2045,1235,1190,1276,1428,1194,1264,1287
428,THE1B,2643,2508,4308,2962,2789,2242,2855,2574,3273,2122
429,THE1A,1329,996,1629,994,1402,728,1587,1327,1652,991
430,UCON46,0,0,16,11,0,4,0,0,4,52
431,UCON41,0,0,0,12,4,0,0,0,0,0
432,UCON40,67,151,287,107,146,214,60,176,199,228
433,UCON43,12,0,15,0,0,0,0,16,20,0
434,MER84,237,83,175,199,161,160,325,170,435,187
435,MER4CL34,79,40,121,99,152,63,96,112,135,71
436,LTR1,24,32,44,42,63,4,12,47,20,32
437,MamRep1161,0,0,8,4,0,0,12,8,0,0
438,HERV1_I-int,83,31,100,26,28,55,69,52,48,28
439,LTR53B,24,3,28,15,44,40,4,18,0,0
440,UCON68,0,0,0,0,0,0,0,0,0,0
441,Eulor2A,12,20,36,19,12,14,16,0,28,0
442,Eulor2B,35,24,12,36,12,71,80,24,12,79
443,Eulor2C,0,4,0,0,0,0,0,0,12,36
444,L1M4c,1945,2171,6569,2679,2398,1725,1578,1870,3184,2323
445,L1M4b,1778,1016,1913,1100,1339,1060,1127,1191,1751,912
446,LTR109A2,0,0,0,0,0,0,0,0,0,0
447,Plat_L3,632,768,1378,653,1073,766,913,811,1046,682
448,tRNA-Pro-CCA,0,0,0,0,0,0,0,0,0,8
449,tRNA-Pro-CCG,0,0,0,0,0,0,0,0,0,0
450,X6A_LINE,690,474,405,418,598,301,510,421,434,369
451,LTR06,0,4,0,24,27,63,0,12,8,31
452,MER101,12,22,30,67,52,52,71,28,116,0
453,HERVL32-int,0,4,10,0,0,71,15,28,32,16
454,L1PREC2,2929,2526,3786,2448,3334,1868,2359,2493,2571,2137
455,MamGypLTR2b,32,20,40,44,30,24,80,44,56,20
456,MER105,210,157,362,244,291,231,261,278,357,115
457,MER104,681,538,1038,577,593,448,696,748,761,628
458,MamGypLTR3a,175,96,144,128,107,60,116,158,115,77
459,MER67B,100,105,205,56,155,159,151,180,201,121
460,U13_,68,49,119,50,53,24,61,79,121,24
461,tRNA-His-CAY_,23,6,12,46,13,13,19,7,18,26
462,HERVK-int,167,195,257,158,228,99,122,178,274,140
463,AluYf1,173,131,160,239,254,174,248,220,204,198
464,AluSx4,1705,1310,1851,1265,1810,1144,1779,1662,2012,916
465,LTR38A1,0,28,8,4,4,0,0,20,21,0
466,AluSx1,16345,12779,16376,11781,15936,10724,15616,14355,15615,11539
467,AluSx3,5590,4058,4761,4163,4810,3922,4565,4243,4798,3428
468,L1HS,396,432,710,415,464,309,459,443,579,414
469,L5,127,152,299,167,154,215,172,219,122,210
470,MER21C,2296,2263,3517,2544,2676,1966,2827,2364,2688,1610
471,MER21B,1694,1451,2229,1448,1402,1028,1470,1233,1497,1169
472,MER21A,956,640,1102,651,1028,821,940,674,1034,967
473,tRNA-Ser-TCG,0,0,0,0,0,0,0,0,0,0
474,L2,20999,18931,29432,19953,20973,16210,21037,18640,23467,15660
475,MIR3,25659,20348,32711,19784,26303,20038,25871,23293,24691,20068
476,L3,19313,14693,23144,14366,17342,14379,16767,16608,18339,14132
477,Charlie21a,950,470,756,367,620,432,394,499,450,307
478,ERV24B_Prim-int,12,44,125,72,111,24,88,92,60,56
479,Chompy-6_Croc,0,0,0,0,0,0,0,0,0,0
480,MER68-int,87,84,216,59,144,139,50,103,107,95
481,L1M2a1,51,0,24,4,16,16,24,44,48,36
482,MER88,11,8,48,16,8,32,20,20,52,0
483,LTR75_1,0,31,40,53,16,0,20,19,23,0
484,MER57E1,76,60,104,36,71,59,80,83,101,24
485,MER4A1_,219,165,306,146,237,140,278,156,299,157
486,MER57E3,130,100,185,101,193,85,174,130,187,223
487,HERVK14-int,146,154,261,124,199,153,135,106,115,134
488,GSATX,12,4,4,20,8,4,0,28,0,0
489,tRNA-Ser-TCA,0,0,0,0,0,0,0,0,0,0
490,MER85,211,197,257,182,300,253,243,237,274,171
491,LTR16A2,176,134,299,182,212,199,177,183,326,202
492,LTR16A1,349,405,618,451,448,360,414,447,475,440
493,LTR19-int,164,80,218,131,161,144,216,149,188,182
494,LTR71A,83,39,100,60,73,47,20,107,28,28
495,LTR71B,98,72,108,60,92,30,61,28,67,9
496,Charlie9,489,494,622,416,704,522,577,580,554,474
497,MLT1J-int,253,136,313,182,309,76,334,247,310,111
498,MER61C,65,28,88,79,28,24,111,5,85,39
499,MER61B,91,60,140,103,75,48,104,52,110,73
500,MER61A,71,67,136,95,28,92,140,80,28,24
501,Tigger5b,584,574,933,575,873,709,490,624,661,610
502,MER61F,4,75,56,68,60,24,28,12,107,28
503,MER61E,133,215,503,223,171,51,131,115,173,75
504,MER61D,53,90,73,103,24,48,40,41,42,0
505,MER136,0,4,4,0,4,8,0,0,20,0
506,MER75,151,140,180,92,171,120,165,118,144,81
507,MER76,45,41,104,73,87,53,149,82,152,48
508,MER77,912,696,786,761,727,644,942,703,999,593
509,MER72,113,214,240,79,155,167,207,95,204,164
510,MER73,0,16,88,69,22,4,33,13,65,5
511,L1MC5a,7369,6857,11471,6951,7546,5882,7465,7683,9668,6294
512,UCON33,16,16,66,0,4,24,24,23,16,16
513,Helitron1Na_Mam,97,36,68,72,27,4,20,32,8,31
514,LTR12C,1015,888,1269,732,829,728,988,809,1048,645
515,LTR12B,25,32,81,29,3,8,21,17,9,66
516,MER61-int,203,364,568,321,308,498,492,495,590,197
517,tRNA-Ile-ATA,32,24,32,12,8,64,48,0,12,44
518,LTR12F,110,64,152,99,111,80,149,38,168,48
519,LTR12E,118,102,170,129,88,103,109,103,90,96
520,LTR12D,29,73,94,113,68,19,57,108,139,79
521,tRNA-Met,24,12,20,31,32,20,0,0,20,4
522,HERV30-int,1,16,41,28,44,8,3,45,25,68
523,tRNA-Ser-TCY,0,8,0,0,0,0,0,0,0,0
524,U13,52,44,125,54,101,32,116,63,67,80
525,LTR47A2,177,75,111,64,166,135,64,152,104,55
526,LTR40a,216,254,521,255,445,298,241,341,395,270
527,LTR40b,266,145,389,202,363,315,202,302,294,199
528,LTR33A_,220,200,170,152,287,103,205,164,248,336
529,LTR12_,127,69,140,97,49,44,109,81,46,45
530,UCON96,0,0,0,24,0,0,0,0,24,0
531,MLT1M-int,0,0,0,0,0,0,0,0,0,0
532,Eulor9A,16,48,56,40,52,12,51,16,4,60
533,MamGypsy2-LTR,48,56,118,156,72,24,44,55,56,95
534,Eulor9C,0,0,19,31,4,28,4,8,12,16
535,Eulor9B,0,0,0,16,0,0,4,0,8,27
536,tRNA-Met-i,0,0,0,8,0,0,0,4,0,0
537,MER123,0,0,28,12,12,0,0,0,0,0
538,BSR_Beta,240,275,270,141,411,125,245,243,204,102
539,LTR2,117,171,439,258,347,136,344,242,257,127
540,MER2,3428,3182,4963,2960,3528,2625,3559,3357,3746,2646
541,MER3,3367,2348,3651,2479,3277,2414,2894,2920,3266,2155
542,Arthur1C,89,135,76,92,99,93,92,144,100,76
543,HERVL74-int,256,227,248,143,207,375,294,207,202,213
544,Arthur1A,351,159,274,213,308,147,275,238,242,178
545,HERV1_LTRa,4,29,0,8,48,0,28,0,27,16
546,HERV1_LTRc,28,33,0,8,4,0,0,16,1,0
547,HERV1_LTRb,3,17,47,0,0,0,0,4,0,0
548,HERV1_LTRe,12,0,0,0,56,0,0,16,0,0
549,HERV1_LTRd,0,32,17,12,0,4,16,0,0,0
550,MER4-int,738,565,1073,704,753,752,866,963,1150,913
551,Tigger4b,1442,1201,2444,1265,1788,936,1323,1540,1804,1419
552,MER106B,385,209,484,232,148,273,243,127,309,200
553,MER106A,203,110,293,175,140,92,222,212,167,79
554,MamGypLTR1a,63,56,83,25,60,44,64,36,63,99
555,L1M3de,116,67,102,82,104,52,110,88,134,73
556,MamGypLTR1b,1563,852,609,625,1245,908,1104,1324,843,816
557,MamGypLTR1d,24,119,132,7,96,15,36,55,36,125
558,L1PA15-16,262,193,398,280,321,116,251,229,302,192
559,MER44D,221,107,298,272,321,131,342,172,356,263
560,MER113,737,679,1145,572,1008,842,766,823,1087,725
561,tRNA-Val-GTY,0,0,0,0,0,0,4,0,0,0
562,LTR3B_,52,82,48,32,140,83,37,65,127,56
563,MER65C,873,808,1187,831,1087,928,1139,1131,1221,1282
564,HERV-Fc2_LTR,0,0,0,0,0,0,0,0,0,0
565,MER41A,364,338,576,424,465,169,411,508,549,238
566,MER66-int,291,168,311,302,224,139,70,110,211,96
567,TAR1,0,17,16,9,10,0,13,15,43,9
568,Tigger16b,804,557,1077,651,716,660,682,690,723,479
569,MER74C,12,8,44,40,32,0,20,8,8,0
570,UCON84,0,0,20,0,0,0,4,4,40,0
571,MLT2A1,433,405,709,462,414,300,429,441,470,517
572,U4,115,43,179,79,184,39,52,94,152,122
573,MLT1E-int,0,0,0,0,0,0,0,0,0,0
574,MER74B,198,236,312,167,188,187,169,280,200,168
575,L2-1_Crp,4,23,32,28,12,0,0,40,16,0
576,MLT2A2,422,383,742,630,500,519,434,499,602,340
577,Arthur1B,235,231,406,248,318,70,310,265,375,217
578,PRIMA4-int,425,239,480,220,378,319,227,273,387,123
579,THE1D-int,663,687,1236,843,608,744,878,808,1004,756
580,Mam_R4,90,49,71,94,76,73,106,108,77,118
581,MLT1G1,1247,865,1113,610,877,614,599,690,827,557
582,MLT1G3,367,433,687,486,663,341,527,461,599,460
583,Charlie25,183,111,274,135,219,76,115,123,239,126
584,Charlie24,270,260,510,355,300,76,314,292,356,236
585,LTR6B,244,259,250,170,322,362,311,335,362,188
586,UCON72,0,0,8,12,4,0,28,0,0,0
587,tRNA-SeC_e_-TGA,0,0,0,0,0,0,0,0,0,0
588,MLT1H-int,359,142,441,262,257,264,193,302,267,284
589,LOR1a,463,387,895,664,434,174,243,259,477,175
590,Arthur1,167,191,361,209,335,182,276,214,445,237
591,MLT1J1-int,179,38,95,80,87,60,75,119,132,122
592,LOR1b,109,102,239,80,99,54,66,112,127,40
593,LTR10B1,8,60,136,149,73,108,116,107,179,67
594,LTR10B2,12,4,36,36,36,36,8,22,38,12
595,LTR108c_Mam,0,0,4,16,0,0,0,0,12,0
596,MLT1K-int,32,12,26,20,8,0,20,36,44,4
597,MIRb,51205,43960,72511,43836,52857,38262,51236,47791,53746,39948
598,Charlie13a,63,92,225,167,126,41,182,129,169,126
599,Charlie13b,111,137,179,71,192,68,148,80,119,97
600,UCON132b,89,62,126,126,121,56,197,69,151,87
601,MER63B,468,328,753,402,470,525,367,386,489,324
602,LTR39,891,542,3204,653,667,553,378,490,1072,332
603,UCON78,75,24,84,52,35,11,32,24,19,77
604,AluYj4,245,288,395,276,373,190,198,245,388,171
605,MER66D,28,27,19,4,12,0,20,28,12,0
606,LTR107_Mam,60,28,79,16,16,24,31,36,28,0
607,MER66C,43,88,214,47,93,68,81,84,108,130
608,MER91B,306,301,271,226,320,136,316,146,255,96
609,MER66A,50,54,107,100,100,28,112,65,48,48
610,Charlie2a,847,522,888,505,702,489,610,596,805,527
611,Charlie2b,887,672,1377,753,756,559,717,766,1004,566
612,L1MA8,1836,2156,4335,2349,2429,1780,2143,2418,2843,1608
613,MER50B,102,64,146,35,32,40,127,31,68,27
614,MIRc,23680,20179,33425,20257,23850,18018,23875,21061,24757,18365
615,tRNA-Lys-AAA,0,4,12,28,12,19,0,0,16,0
616,LTR22C0,20,57,64,66,27,60,61,45,63,44
617,X1_LINE,12,12,8,0,15,0,12,4,0,0
618,LTR22C2,0,4,20,0,0,0,12,4,4,0
619,MER46C,1487,1289,2359,1402,2104,1994,1794,1562,2388,2306
620,MER31B,277,334,489,195,295,429,339,298,306,252
621,MamRep38,351,536,464,204,308,375,364,372,424,277
622,MER31A,364,236,546,297,411,249,266,260,397,286
623,MER107,32,59,133,53,86,23,91,79,60,76
624,L4_B_Mam,761,747,1039,591,886,584,836,844,1104,691
625,MER34D,63,20,115,64,12,24,60,36,28,16
626,LTR88b,145,90,267,108,115,95,192,162,256,134
627,MamRep1151,308,232,391,232,296,173,275,259,270,62
628,MER20,5559,4274,5684,3853,5209,3495,5043,4306,4864,3633
629,LTR30,11,35,96,25,24,16,36,18,12,45
630,LTR7,392,429,462,411,452,240,396,388,330,235
631,LTR16E2,348,343,421,303,319,234,342,386,401,332
632,LTR16E1,421,372,485,440,139,216,315,242,380,208
633,LTR43B,20,45,18,12,14,38,50,48,32,16
634,MER49,613,629,826,451,780,581,843,548,880,425
635,MER48,23,41,96,36,45,0,52,65,73,32
636,PRIMAX-int,4,4,4,24,0,0,4,0,0,0
637,LTR36,219,116,329,142,150,132,127,223,198,32
638,LTR40c,292,136,170,186,180,103,157,131,205,87
639,UCON49,20,45,76,56,12,12,16,44,52,40
640,UCON105,96,86,156,123,95,98,52,103,92,126
641,PRIMA4_LTR,103,64,132,60,60,71,105,61,79,56
642,HERVK22-int,987,748,1535,814,949,495,527,613,916,732
643,tRNA-Arg-CGG,0,0,0,0,0,0,20,0,12,24
644,Tigger6a,325,284,495,420,322,296,246,183,335,150
645,Tigger6b,91,4,109,46,113,80,28,44,28,88
646,SVA_F,208,188,278,163,225,214,207,164,259,178
647,tRNA-Arg-CGA,0,0,0,0,0,0,0,0,0,0
648,MER52D,136,69,202,136,129,86,89,143,218,98
649,L1MCb,244,228,389,226,346,277,270,231,384,212
650,L1MCc,588,547,1021,608,660,445,933,691,652,670
651,L1PB2,645,606,923,644,795,525,740,593,969,664
652,L1MCa,1240,1304,2619,1352,1296,1225,1476,1491,1982,1566
653,L1PB4,1250,1068,2592,1272,1477,1249,1450,1343,1986,1064
654,MER72B,52,28,80,16,12,84,23,8,44,52
655,MER102b,1600,1387,1897,1231,1607,1114,1402,1434,1796,1145
656,MER102c,1057,931,1441,896,1148,859,999,1003,961,1038
657,MER102a,981,787,1224,835,909,870,1485,1429,1487,1160
658,LTR58,0,40,72,24,60,0,51,44,12,30
659,AluYa5,140,132,215,144,169,54,195,194,167,139
660,tRNA-Arg-AGG,0,20,0,4,0,0,32,0,0,0
661,LTR53-int,197,144,186,109,182,110,91,85,108,78
662,AluYa8,15,33,30,9,28,34,28,13,56,11
663,LTR55,72,60,60,75,65,12,116,28,123,76
664,LTR56,210,159,314,159,253,107,221,249,258,254
665,LTR57,26,49,58,49,49,12,85,70,90,0
666,LTR45C,75,70,158,49,76,71,59,97,122,67
667,LTR45B,71,37,63,80,38,18,74,46,79,4
668,LTR52,98,72,279,111,118,133,147,54,130,60
669,LTR53,139,70,159,111,180,233,149,113,179,13
670,MER39,543,339,560,418,542,254,422,376,607,319
671,MER34B-int,254,183,337,156,191,86,177,196,238,273
672,LTR75B,15,18,53,50,44,9,34,56,3,4
673,CR1-12_AMi,4,24,51,8,4,20,51,0,4,0
674,CR1_Mam,566,471,807,454,596,474,546,673,697,472
675,MER33,2493,2156,3963,2218,2812,2078,2520,2683,2915,2510
676,MER34,290,186,348,212,282,237,161,151,192,241
677,L1P4d,2,25,8,1,21,0,37,1,17,1
678,MLT1G3-int,123,76,164,107,81,119,128,89,80,4
679,HERVI-int,69,48,138,88,64,16,79,39,151,29
680,Eulor6A,0,0,0,0,0,0,16,0,0,0
681,Eulor6B,0,16,0,0,0,0,0,0,0,0
682,L1P4e,15,20,60,20,36,4,48,20,32,0
683,Eulor6D,4,0,4,0,16,0,4,0,0,0
684,Eulor6E,0,0,0,20,16,0,16,20,0,0
685,MER83A-int,47,16,8,0,0,0,32,16,20,0
686,MER44C,625,485,1041,613,600,617,541,655,719,601
687,L1MC2,2183,2015,4227,2012,2094,1556,2384,2094,2722,2176
688,L1MC3,3188,3403,5921,3481,3919,3111,3827,3115,4709,3763
689,FRAM,1237,985,1381,1168,1514,1245,1447,1331,1137,1018
690,L1MC1,6900,6067,10727,6496,6511,5442,6056,6346,7890,5545
691,MLT1M,287,287,500,366,352,255,386,279,461,322
692,L1MC4,10288,9032,17228,10211,11527,8382,12005,11057,13803,9052
693,HERV9-int,168,160,263,168,223,112,130,155,146,148
694,X8_LINE,40,58,67,24,84,67,59,74,84,20
695,L2b,35988,31129,46377,29934,36135,31004,37981,32944,37898,34991
696,L1MB7,10822,10201,19628,11162,14179,9013,11637,11636,15069,10291
697,LTR81C,72,52,60,24,20,4,32,28,43,20
698,LTR38-int,0,12,20,12,0,0,12,20,31,0
699,Helitron1Nb_Mam,8,23,68,56,52,7,40,39,68,60
700,LTR5A,174,170,342,145,280,63,99,169,175,47
701,LTR5B,387,266,510,161,287,196,249,236,311,232
702,LTR81B,148,124,116,115,158,55,51,102,131,28
703,BC200,148,101,25,73,170,93,137,163,75,63
704,L4_C_Mam,1147,692,1936,1016,920,989,1182,997,1308,741
705,LTR81A,79,40,136,64,71,40,56,60,132,120
706,LTR28B,123,72,15,30,72,112,60,60,59,70
707,LTR28C,84,96,203,122,88,57,125,39,140,70
708,LTR104_Mam,245,249,435,217,226,142,223,208,256,96
709,Tigger17,16,68,16,24,24,43,31,4,28,16
710,Tigger10,840,778,1297,837,941,547,858,833,959,895
711,MLT1F2-int,35,78,78,19,67,18,36,50,91,46
712,Tigger12,449,413,762,402,451,214,544,396,667,260
713,MER4E,137,209,242,189,309,108,145,117,230,162
714,MER4D,288,304,327,366,371,150,224,232,425,186
715,tRNA-Ser-TCA_,0,0,0,0,4,0,0,0,0,0
716,MER4A,333,231,300,290,221,207,408,283,252,95
717,MLT1E,162,107,191,128,186,64,160,91,214,40
718,MER4C,89,152,162,128,92,103,212,96,103,202
719,MER4B,1394,718,1060,893,877,1043,1167,935,1341,806
720,MSTA-int,1371,1002,2044,1599,1497,1005,1359,1244,1478,1044
721,MLT1J2-int,68,104,84,49,44,84,4,83,48,72
722,MLT1D-int,1234,1063,1496,1066,1186,853,906,1083,1377,619
723,HERV-Fc1_LTR1,0,0,0,0,1,0,0,0,0,0
724,HERV-Fc1_LTR2,0,0,0,0,0,0,0,0,0,0
725,HERV-Fc1_LTR3,0,0,0,0,3,0,0,0,0,0
726,LTR50,606,549,1119,568,646,337,690,570,599,745
727,MER6,391,249,484,324,482,220,325,342,437,311
728,LTR80A,0,44,61,20,16,19,28,32,9,124
729,LTR80B,0,48,92,44,42,12,19,83,61,0
730,HAL1,8287,7521,12704,7276,9236,5891,8187,7583,9391,5365
731,Chompy-7_Croc,0,0,0,0,0,0,0,0,0,0
732,HERV9NC-int,118,92,202,173,214,135,103,142,225,157
733,MLT2D,709,812,1033,730,919,545,655,735,917,558
734,MLT2E,27,64,36,55,30,0,12,24,36,77
735,GSAT,0,0,0,0,0,0,0,0,0,4
736,MER34A,175,185,339,194,180,69,224,190,183,82
737,HUERS-P1-int,138,95,146,133,104,110,165,88,154,109
738,MER34C,48,16,80,52,67,4,24,36,51,16
739,MER34B,333,207,350,242,346,204,243,200,234,151
740,Ricksha_0,170,128,88,52,120,55,92,95,170,82
741,ORSL-2b,179,115,195,91,171,89,88,152,121,96
742,DNA1_Mam,32,12,28,4,52,0,12,16,27,0
743,PrimLTR79,77,76,104,14,26,92,116,48,72,106
744,LTR57-int,40,28,116,43,20,55,48,28,59,4
745,LTR8B,330,399,844,397,470,462,522,346,533,332
746,LTR8A,753,634,907,605,784,423,629,541,798,452
747,Tigger12A,225,195,276,206,306,146,269,342,344,256
748,L1ME4a,8415,7258,13610,7637,9874,6979,8358,8948,10726,7792
749,UCON9,0,0,4,0,0,0,0,4,0,0
750,L1ME4c,2727,2379,4686,2257,2901,1919,2566,2505,3084,2030
751,L1ME4b,8624,7020,13818,7845,9629,6517,7859,8288,10312,6345
752,LTR89,314,121,335,162,256,99,169,101,197,263
753,LTR14A,20,16,32,11,35,0,4,14,0,8
754,LTR87,298,245,565,257,352,219,385,258,365,236
755,UCON1,0,0,8,8,11,0,0,0,0,0
756,UCON2,59,60,31,24,62,40,32,44,63,123
757,ORSL-2a,92,51,211,80,112,89,47,74,76,174
758,LTR83,15,40,172,84,72,75,84,119,88,8
759,UCON5,8,0,12,8,20,15,0,16,24,0
760,LTR81,0,12,16,52,0,0,12,8,4,0
761,UCON7,0,0,20,0,8,0,0,0,0,47
762,MER121B,0,0,0,0,4,0,0,0,0,0
763,MER65D,64,91,80,71,44,81,69,46,93,71
764,MER124,363,302,332,182,336,253,188,185,214,152
765,MER57-int,297,230,480,311,289,201,268,248,411,198
766,UCON93,0,0,0,12,0,0,0,12,0,0
767,Charlie17a,236,196,344,174,295,201,251,308,297,227
768,Charlie17b,84,52,37,44,73,92,136,95,63,95
769,HUERS-P3-int,1358,962,1918,1034,1154,607,612,504,1013,470
770,MER34-int,543,510,611,382,832,691,856,743,696,450
771,UCON79,15,0,0,0,0,0,0,0,0,0
772,UCON61,0,0,0,0,0,0,0,0,0,0
773,Eulor8,0,4,8,8,0,0,16,0,0,0
774,UCON70,111,79,132,66,95,20,100,52,92,78
775,Eulor4,0,0,0,0,0,0,0,0,0,0
776,7SK,76794,42979,50063,49558,73267,33031,43618,37835,72270,74081
777,UCON73,63,39,36,51,148,112,80,131,144,107
778,L1P,1,10,25,2,12,2,19,3,24,2
779,UCON75,0,0,0,0,0,0,0,0,0,0
780,Eulor3,0,0,0,0,0,0,0,0,0,0
781,UCON77,0,0,0,8,4,0,0,0,16,12
782,LTR25-int,765,492,923,535,905,659,644,659,939,474
783,L1M,195,144,233,79,159,129,103,116,87,80
784,Zaphod,173,133,298,118,148,163,164,218,207,81
785,Tigger18a,486,380,757,253,422,235,500,462,520,215
786,tRNA-Arg-CGY_,0,6,18,0,4,0,0,27,0,0
787,Tigger3,297,297,578,273,383,291,347,393,351,300
788,MLT1I-int,78,108,215,96,68,108,138,40,146,76
789,MER4B-int,228,168,257,236,305,167,246,146,301,101
790,LTR106_Mam,54,102,107,35,82,83,55,76,102,71
791,X6B_LINE,508,351,433,218,312,369,369,372,433,303
792,MLT1A-int,316,199,300,127,246,148,280,290,340,211
793,tRNA-Ile-ATC,0,0,0,0,0,0,0,0,0,0
794,Eulor11,24,0,0,0,28,0,0,0,20,0
795,Eulor10,0,0,0,8,8,0,0,0,0,0
796,Eulor12,0,0,0,0,4,0,0,0,0,0
797,MamGypLTR1c,52,75,173,200,69,91,140,76,136,16
798,LTR48B,951,465,657,587,781,403,537,430,711,725
799,Tigger4,597,626,1045,581,602,474,540,690,648,518
800,tRNA-Ile-ATT,0,58,32,72,14,4,36,36,40,36
801,AluYe5,152,109,222,114,206,118,157,141,85,76
802,AluYe6,29,50,39,22,46,56,49,36,33,32
803,LTR13,1505,778,948,644,890,546,660,574,763,514
804,LTR14,30,43,27,32,71,24,55,30,17,8
805,LTR15,122,260,155,168,237,232,298,279,180,185
806,LTR16,248,306,557,331,439,250,477,283,365,232
807,LTR17,330,139,417,229,287,319,202,192,290,244
808,tRNA-Leu-CTA_,0,0,0,0,0,0,0,0,0,0
809,MER5A1,2215,2104,3395,2326,2598,1985,2288,2273,3078,2210
810,LTR78B,329,190,433,270,387,130,418,341,317,227
811,MER97d,102,32,20,64,40,44,40,52,24,0
812,MLT1I,1522,1274,2496,1309,1336,1079,1376,1430,1725,1086
813,MER9B,8,8,0,16,30,8,0,0,1,5
814,LTR51,27,12,100,76,56,27,40,83,59,23
815,X7C_LINE,179,211,174,55,92,24,148,131,102,120
816,Merlin1_HS,16,31,20,38,74,8,67,56,8,27
817,LTR40A1,80,108,133,75,79,147,119,103,148,98
818,LTR41C,244,204,236,142,203,79,143,148,149,127
819,LTR41B,869,640,642,402,671,692,914,528,527,571
820,Kanga2_a,600,527,998,617,747,715,732,674,767,381
821,LTR29,324,76,259,105,176,71,141,129,163,224
822,LTR14C,20,5,51,2,0,26,16,5,0,36
823,LTR14B,85,65,168,80,102,58,129,32,81,24
824,LTR22B2,16,0,0,0,0,16,20,4,16,0
825,MER101B,52,28,48,63,20,28,20,24,40,4
826,MSTB1,744,683,1395,788,789,565,868,725,945,486
827,LTR103b_Mam,71,40,20,32,51,15,28,55,84,0
828,AluYk11,97,58,94,83,95,31,138,52,84,91
829,AluYk12,19,30,19,13,54,16,20,33,18,41
830,LTR33B,257,150,248,180,157,128,184,99,193,194
831,HERVE_a-int,18,19,89,86,40,40,51,56,78,31
832,LTR33A,213,273,357,248,282,159,243,235,399,137
833,U14,43,28,27,16,79,63,106,43,64,197
834,LTR105_Mam,16,113,98,48,127,114,83,48,64,12
835,Tigger19b,1764,1225,1903,1174,1655,1270,1315,1664,1599,1205
836,Helitron3Na_Mam,294,210,439,315,282,140,255,203,245,146
837,L1PA2,610,585,1022,687,678,581,683,580,807,521
838,L1PA5,2392,2154,3742,2461,2598,1960,2254,2204,2927,2132
839,L1PA4,1559,1441,2719,1696,1621,1576,1828,1550,2157,1735
840,L1PA7,5274,4961,8720,4954,5506,3725,5278,4746,6033,4106
841,L1PA6,15853,14413,16348,15436,14970,13233,14591,12336,19586,15610
842,L1PA8,1946,1810,2918,2198,1972,1447,1923,1862,2248,1441
843,MER90,169,99,208,135,162,113,162,158,148,113
844,L1P4c,0,0,0,0,0,0,0,0,0,0
845,MER94,881,811,1394,655,939,640,865,842,1005,555
846,MER11A,288,251,509,290,346,127,317,242,336,277
847,LTR65,71,182,260,117,201,154,208,261,235,193
848,LTR64,146,147,75,88,112,100,84,136,86,56
849,LTR1B,351,388,263,266,378,249,457,333,360,202
850,LTR1C,0,8,0,19,0,0,8,0,24,0
851,LTR1D,127,119,167,78,109,56,59,160,168,187
852,LTR1E,88,32,79,96,59,43,87,96,111,159
853,LTR1F,8,11,32,24,20,12,12,2,36,32
854,LTR62,49,39,98,27,64,56,58,45,83,32
855,MER41B,422,198,635,316,370,208,408,339,487,271
856,MER5B,4388,4287,7108,4093,5687,4373,5369,5045,6149,3987
857,MER67A,118,116,29,132,114,60,60,97,131,83
858,hAT-N1_Mam,135,76,234,155,216,28,143,180,147,137
859,LTR69,15,16,36,32,24,0,28,32,16,28
860,LTR68,55,12,20,28,64,8,75,24,69,46
861,MER5C,259,244,626,185,341,218,192,318,355,366
862,tRNA-His-CAY,0,0,0,0,0,0,0,0,0,0
863,AluSg,5274,3921,4916,3605,5251,3883,4966,4810,4356,3705
864,MER54B,56,52,60,52,52,0,20,12,57,59
865,MER70A,85,47,112,36,72,16,35,107,67,119
866,Tigger17c,575,452,446,238,287,315,308,285,345,215
867,LTR10F,53,82,147,105,104,67,70,109,167,53
868,LTR24B,385,197,312,95,141,152,270,206,148,122
869,Eulor7,0,0,0,0,0,0,0,0,0,0
870,MER97c,16,0,52,4,20,0,16,12,56,20
871,L1MD3,1709,1389,2231,1350,1603,1290,1616,1601,2039,1094
872,L1MD2,3970,2985,5227,3394,3818,2315,3608,3390,4210,2444
873,L1MD1,2395,1845,3476,1808,2481,1684,1979,2159,2881,2041
874,HERV17-int,609,294,819,438,413,500,345,546,655,399
875,LTR1C1,11,0,12,12,8,0,32,4,0,0
876,LTR1C3,0,0,20,4,0,0,8,0,0,0
877,Eulor1,0,0,36,0,0,0,0,0,0,0
878,MER70B,32,20,39,20,15,36,36,4,48,102
879,tRNA-Gly-GGY,0,4,7,8,1,0,24,0,0,0
880,LTR84a,64,92,211,48,147,236,51,56,131,127
881,LTR84b,137,135,334,128,103,76,232,164,231,63
882,UCON6,202,139,203,32,205,32,140,174,273,135
883,tRNA-Gly-GGG,20,1,0,0,0,0,0,0,4,0
884,MLT1G1-int,36,44,36,124,20,0,52,28,32,0
885,MER77B,403,312,404,430,236,380,424,251,470,206
886,MER132,0,0,4,0,12,26,0,0,0,0
887,Tigger17b,39,42,46,55,19,24,16,0,8,21
888,L1ME3A,5053,4096,7162,4399,5578,3773,4787,4467,5371,4198
889,L1ME3B,3779,2882,4847,2682,3237,2425,3040,3389,3901,2966
890,L1ME3C,678,625,1180,737,754,595,673,818,1045,621
891,L1ME3D,1556,1274,2544,1432,1795,1131,1562,1775,2107,1383
892,L1MEf,3591,3640,6041,3625,5032,4681,5790,7055,5713,4297
893,L1ME3F,2623,1930,4448,2205,2774,1551,1851,2055,2978,2151
894,L1ME3G,4945,4208,8467,4941,5122,3467,4493,4688,6479,3204
895,Tigger1a_Art,36,28,71,109,49,10,60,25,17,43
896,MER57F,145,43,97,63,76,34,40,104,74,40
897,MER57D,100,59,56,32,36,0,44,23,48,91
898,MER47C,278,186,183,264,218,151,222,161,252,86
899,MER47B,245,168,294,94,216,86,72,115,199,86
900,MER47A,883,890,1717,1016,1237,855,1221,1060,1385,1189
901,SVA_D,333,230,324,199,215,162,329,253,259,203
902,SVA_E,150,150,187,105,106,92,168,147,144,62
903,D20S16,4,4,35,23,8,9,9,19,8,5
904,MER30B,73,50,152,13,72,36,90,8,23,32
905,SVA_A,414,287,414,319,403,215,340,476,712,427
906,SVA_B,190,197,204,96,117,111,181,206,149,167
907,FAM,847,598,1251,764,937,1018,1217,1048,1445,906
908,MER89-int,107,36,115,75,88,56,102,104,60,13
909,MER90a,454,400,455,335,406,213,431,341,370,436
910,MER97a,0,4,40,11,8,0,17,7,56,0
911,tRNA-Thr-ACY_,0,0,0,0,0,0,0,0,0,0
912,MLT1F-int,165,224,248,214,264,140,128,80,151,76
913,MER34C_,27,39,122,47,80,110,127,60,83,55
914,Tigger14a,315,257,618,290,398,318,459,398,670,284
915,MSTD-int,273,231,507,236,328,157,276,156,317,218
916,Charlie22a,216,286,587,302,313,339,298,325,433,192
917,L1MC4a,4221,3825,7844,4289,5222,4020,4937,4717,6158,4065
918,Helitron2Na_Mam,416,248,255,301,304,318,242,438,314,278
919,Ricksha_a,24,8,36,4,24,0,44,131,46,96
920,LFSINE_Vert,753,872,1129,790,951,838,1104,981,1135,764
921,L1MDb,494,343,321,275,413,136,334,212,309,105
922,L1MDa,1822,1747,2755,1650,2261,1368,1742,1417,2109,1643
923,UCON38,27,12,28,2,16,4,20,24,48,0
924,7SLRNA,84698,47145,42489,44842,79129,42142,57181,48617,70821,61816
925,MER6B,134,133,318,187,262,86,151,115,191,203
926,LOR1-int,829,654,1631,998,949,481,525,563,1092,445
927,LTR72,28,75,32,23,40,4,88,65,62,4
928,UCON37,4,20,4,0,16,0,20,4,4,4
929,HERVP71A-int,105,169,422,120,202,112,189,150,232,291
930,L1P3b,1,25,13,9,8,9,20,0,3,1
931,LTR73,45,37,120,77,46,44,70,26,85,21
932,HERV35I-int,42,92,167,55,68,87,122,136,136,71
933,MER68,869,708,1045,763,1001,493,819,802,1010,415
934,LTR108d_Mam,0,0,16,0,15,0,0,0,4,0
935,MamGypsy2-I,313,238,412,283,303,278,183,257,402,384
936,tRNA-Tyr-TAT,0,0,0,0,0,0,0,0,0,0
937,MER110-int,8,12,110,20,35,47,36,20,56,40
938,Tigger2a,978,618,1506,827,986,587,1093,972,1417,772
939,MLT1C-int,266,242,361,282,236,96,152,120,212,274
940,HY1,230,190,302,200,231,198,322,225,360,109
941,HY3,144,187,193,127,255,118,308,221,240,99
942,HY4,120,68,174,100,63,87,79,79,92,32
943,HY5,84,47,24,70,27,20,56,47,187,0
944,MamRep605,1226,1246,1640,997,1188,825,1030,1135,1155,880
945,tRNA-Thr-ACY,0,0,0,0,0,0,0,0,4,0
946,MER87,8,55,24,24,0,0,28,35,0,4
947,MER89,236,127,266,219,108,163,275,115,219,82
948,HUERS-P3b-int,356,404,723,482,569,349,400,370,654,664
949,MER133B,36,0,0,0,19,8,0,0,12,0
950,HERV9N-int,53,99,212,115,87,50,72,62,91,92
951,MER133A,0,0,32,0,0,0,0,0,0,0
952,Eulor5A,4,28,48,36,11,20,16,8,28,4
953,5S,1233,706,778,1558,1282,487,1440,616,2174,1403
954,Eulor5B,0,0,0,0,8,0,0,0,0,4
955,LTR19B,131,86,85,85,77,54,153,72,125,72
956,LTR19C,96,64,96,28,51,79,71,30,103,27
957,LTR19A,394,301,657,235,289,605,554,462,350,621
958,MLT1J2,747,877,1480,937,950,828,997,787,1015,757
959,MamRep564,231,275,309,227,244,143,227,220,104,263
960,UCON28c,12,0,0,4,0,0,0,0,4,0
961,MLT1J1,588,580,899,612,666,577,451,376,597,418
962,UCON34,163,60,195,73,56,84,60,171,96,72
963,LTR2C,66,53,126,77,53,54,44,15,78,72
964,LTR2B,85,42,96,65,86,32,92,53,143,40
965,HAL1M8,710,796,1352,770,855,603,751,917,1193,508
966,AluYi6,47,54,62,24,72,53,36,81,76,30
967,MSR1,84,114,126,65,139,114,153,191,119,117
968,Tigger8,215,258,462,217,336,128,249,202,271,268
969,LTR49-int,430,388,864,558,694,376,373,354,593,347
970,MER31-int,317,177,358,165,302,191,173,227,293,185
971,Tigger1,8655,7569,13579,8702,8914,7020,8903,8446,10577,6987
972,tRNA-Ala-GCY_,0,0,0,0,0,4,0,0,0,0
973,Kanga1d,36,199,182,68,104,80,43,76,84,36
974,Tigger2,1670,1538,2671,1554,1792,1435,1739,1419,1767,1058
975,Kanga1b,94,80,111,76,122,83,152,63,154,90
976,Kanga1c,76,72,210,132,199,268,116,119,256,62
977,Tigger7,1584,1158,1605,1156,1578,1007,1478,1155,1539,1157
978,Kanga1a,123,106,272,132,158,169,203,264,164,164
979,L1M3b,58,147,104,13,59,76,96,68,151,36
980,UCON71,59,12,8,0,0,0,0,0,0,0
981,LTR10A,85,78,119,109,95,168,146,85,119,139
982,tRNA-Asp-GAY,2,12,24,0,16,0,0,0,0,8
983,LTR10C,296,219,312,159,253,122,238,174,163,104
984,LTR10B,62,23,19,41,28,32,28,15,36,0
985,LTR10E,95,40,84,56,32,101,40,39,43,40
986,LTR10D,20,18,126,70,100,28,64,17,94,46
987,LTR10G,35,16,32,21,1,0,19,5,4,24
988,AluY,10311,7571,9408,6269,8859,6917,9618,8786,8933,6971
989,SATR2,89,68,257,130,118,46,69,36,138,4
990,LTR16D1,106,35,104,76,156,35,84,64,84,71
991,LTR16D2,17,26,62,33,10,16,32,24,15,12
992,L1M3a,201,102,227,138,163,94,269,215,111,211
993,MER57B1,141,106,223,134,222,95,132,182,151,96
994,UCON85,0,0,20,8,0,4,0,19,4,0
995,L2-1_AMi,421,417,609,371,389,348,276,200,489,335
996,MER57B2,161,138,360,163,230,151,273,177,326,144
997,MamSINE1,3635,2670,3512,2613,3564,2655,3314,2889,3061,2145
998,UCON11,0,0,0,0,0,0,0,0,0,0
999,Tigger3a,1433,1424,2335,1514,1533,1550,1543,1629,1818,1630
1000,HERVL40-int,579,404,703,421,473,420,366,443,412,462
1001,MER53,537,347,696,362,643,546,500,561,794,471
1002,MER50,336,281,426,293,462,158,281,299,335,341
1003,MER52-int,9,23,75,117,44,16,23,6,51,0
1004,UCON76,0,12,12,0,4,0,0,0,28,0
1005,Penelope1_Vert,432,258,463,302,439,235,348,285,306,204
1006,MER87B,48,70,97,52,50,23,24,0,64,24
1007,MamRep434,715,697,1121,605,565,707,707,624,682,734
1008,HERVFH19-int,62,39,109,67,91,16,19,65,67,29
1009,L2-3_Crp,676,568,848,538,447,554,590,439,750,331
1010,HERVK14C-int,29,36,30,12,8,0,0,36,4,0
1011,HAL1ME,1533,1078,2785,1708,1814,1403,1532,1854,1871,1196
1012,LTR28,20,32,48,4,16,8,24,36,14,0
1013,MLT1A1-int,56,96,202,210,128,36,215,124,182,183
1014,FLAM_C,4099,3091,4544,2798,4334,2552,3877,3420,4065,2816
1015,LTR81AB,40,12,32,16,12,16,0,4,17,40
1016,FLAM_A,2418,2074,2826,1670,2227,1619,2269,1935,2043,1786
1017,L1M6B,304,150,525,164,301,168,283,208,298,305
1018,MER121,40,38,84,87,73,39,28,70,70,20
1019,LTR37B,281,165,528,256,247,270,283,218,369,269
1020,LTR23,55,124,293,163,112,118,144,182,132,99
1021,LTR22,21,12,38,30,36,44,15,33,4,118
1022,LTR25,76,50,40,48,34,44,88,78,70,58
1023,LTR12,116,147,252,126,146,100,158,132,213,201
1024,LTR27,8,16,25,8,16,23,36,24,43,43
1025,LTR26,68,172,108,112,152,32,141,116,82,53
1026,LTR7A,5,12,5,7,20,13,20,36,5,6
1027,tRNA-Thr-ACG_,0,0,0,0,0,0,0,0,0,0
1028,LTR6A,201,166,169,147,215,31,107,35,164,154
1029,LTR37A,119,84,195,168,216,148,182,169,314,236
1030,L1ME3Cz,2961,2528,5167,2901,3256,2332,3483,3332,3412,2693
1031,MER92D,39,64,104,27,75,4,32,12,20,4
1032,MER4E1,172,255,316,134,149,200,112,209,230,141
1033,MLT1O,789,636,1143,559,705,720,919,568,918,870
1034,U8,32,8,32,0,0,0,0,0,0,0
1035,U5,0,23,39,44,12,28,3,40,8,24
1036,MER125,0,0,12,3,0,0,8,36,4,0
1037,U7,67,48,51,20,39,111,28,60,52,8
1038,HAL1b,1111,846,1561,754,1041,796,976,915,1350,1055
1039,U1,271,131,267,222,234,142,131,84,285,216
1040,U3,7125,3786,6353,6818,6632,2788,5171,3990,10712,5549
1041,LTR24,59,63,111,83,195,113,213,108,191,31
1042,MLT2B1,489,303,719,274,311,228,423,343,552,256
1043,MER1A,1526,802,1767,1165,1141,797,1056,1292,1109,934
1044,MER57A1,193,199,276,151,212,106,270,139,232,173
1045,MER127,36,20,55,4,60,8,16,44,55,0
1046,MLT1A0-int,254,246,362,181,255,105,194,134,246,133
1047,LTR86A1,76,89,180,118,161,113,253,151,165,88
1048,LTR86A2,47,36,77,56,55,130,46,59,53,4
1049,MER126,80,76,130,51,13,51,38,71,74,72
1050,tRNA-Arg-CGA_,0,0,0,0,0,0,0,0,0,0
1051,MER9a1,63,50,107,94,48,15,60,30,41,29
1052,Charlie16a,685,391,832,351,575,576,663,531,731,288
1053,MER9a3,362,154,269,146,117,263,219,186,229,201
1054,MER63A,577,425,783,419,501,455,500,448,721,474
1055,MER63C,138,108,233,119,188,36,104,167,148,85
1056,MER51C,91,64,46,60,40,17,48,42,79,84
1057,MER63D,421,240,410,311,313,179,214,166,373,406
1058,MLT2C1,316,315,440,253,293,218,172,175,345,309
1059,UCON97,0,4,0,0,16,0,0,0,16,4
1060,MLT2B5,46,12,28,35,56,26,36,0,44,0
1061,MLT-int,146,81,167,101,144,128,122,203,288,212
1062,MLT2B4,731,417,851,398,587,569,534,412,872,408
1063,AluSq4,501,342,391,293,384,277,433,289,293,224
1064,AluSq2,7845,6418,8123,5555,7640,5225,7785,7044,8188,5375
1065,MLT1F1-int,87,60,135,161,131,62,91,71,78,123
1066,MER94B,123,48,107,91,27,63,53,64,104,19
1067,Tigger20a,521,480,620,529,370,169,286,330,431,185
1068,U2,708,352,412,638,556,170,390,231,706,472
1069,Charlie7a,268,291,619,262,379,360,391,313,409,202
1070,MER45A,262,378,722,303,435,414,417,453,374,162
1071,UCON15,0,0,0,0,0,0,0,0,0,0
1072,MLT1E1A-int,4,8,56,4,78,59,36,32,44,20
1073,MERX,87,31,156,54,94,24,96,64,155,44
1074,HERVIP10B3-int,584,574,932,533,510,548,669,837,1142,572
1075,MER34C2,181,100,300,143,165,109,155,152,151,171
1076,Charlie26a,157,89,197,60,171,103,58,101,127,152
1077,Cheshire,454,464,888,390,515,331,504,410,656,787
1078,L1ME2,4172,3925,7024,3924,5055,3507,4381,4246,5132,3336
1079,MER75B,0,30,22,11,1,70,14,8,5,41
1080,Charlie30a,325,430,262,198,542,449,362,328,296,291
1081,LTR7Y,318,194,232,247,267,142,210,129,105,149
1082,MSTD,1740,1449,2103,1301,1420,1105,1279,1398,1685,1126
1083,LTR1F2,150,92,164,80,118,56,91,64,108,80
1084,LTR1F1,37,4,20,27,20,43,37,4,43,0
1085,tRNA-Val-GTG,20,0,1,4,0,0,0,0,0,0
1086,HERVK9-int,481,372,624,455,390,362,425,391,357,396
1087,tRNA-Ser-AGY,0,0,0,8,0,0,0,0,0,0
1088,HERVIP10F-int,224,263,295,240,291,188,153,180,304,244
1089,HERV3-int,408,264,537,234,295,330,306,107,283,244
1090,U17,3575,2070,3487,1877,2876,1032,2078,1573,4599,2477
1091,MER92A,0,0,20,12,8,0,0,0,0,61
1092,UCON100,24,0,4,0,0,0,0,0,0,0
1093,MER70-int,37,77,80,70,78,34,56,69,138,63
1094,CR1-11_Crp,0,12,0,12,0,35,0,0,28,16
1095,UCON74,40,28,51,33,23,8,51,32,60,20
1096,AluJb,21970,17461,24948,17178,22882,15730,22132,19900,23708,15640
1097,AluSc5,725,585,676,600,720,442,683,776,792,618
1098,SATR1,2,32,127,36,29,7,25,6,52,91
1099,AluSc8,2921,2461,2880,1951,2846,2439,2862,2820,3018,2334
1100,L1PA10,2422,1721,3560,1936,2062,1569,1929,1874,2699,1863
1101,L1PA13,2339,2020,4081,2199,2458,1542,2488,2265,3015,2094
1102,L1PA12,1081,744,1201,644,869,645,720,647,721,624
1103,AluJo,13734,11439,14939,10189,13187,9521,13438,12397,13693,10034
1104,L1PA14,884,900,1539,768,887,832,828,871,1004,671
1105,AluYh3a3,80,81,71,84,78,29,95,88,85,91
1106,L1PA16,3342,3122,5691,3162,3668,2773,3068,3524,4555,2926
1107,HERVFH21-int,39,20,76,8,24,0,20,48,44,0
1108,L1MC,1511,1111,2319,1257,1580,952,1343,1179,1624,1189
1109,UCON65,0,0,0,0,0,0,0,0,0,0
1110,UCON64,0,0,0,0,0,0,0,0,4,0
1111,UCON63,0,0,0,0,0,0,0,0,0,0
1112,LTR43,77,43,43,26,58,65,62,54,24,4
1113,L1MD,2492,1820,3460,1931,2695,1665,2187,2473,2599,1409
1114,MLT1J,3464,2986,3920,2666,3843,2974,3597,3557,4473,2968
1115,MLT1N2,907,523,908,536,771,425,769,642,689,428
1116,UCON28a,0,0,24,48,48,0,12,8,4,4
1117,UCON28b,15,4,28,4,16,8,0,28,12,0
1118,LSU-rRNA_Hsa,14314,12306,21007,15854,10015,3653,50822,10829,12492,17280
1119,MLT1H2-int,63,51,92,79,30,32,44,24,88,8
1120,HERVL18-int,372,429,421,395,506,228,239,292,387,180
1121,tRNA-Phe-TTY,0,0,3,0,0,8,12,0,0,0
1122,tRNA-Thr-ACA,0,0,0,8,0,0,0,12,0,0
1123,MSTB2-int,12,3,26,9,44,26,47,44,29,28
1124,MamRep137,1187,898,1241,884,893,719,1091,877,1210,793
1125,MER66B,509,506,552,484,614,662,677,453,483,552
1126,MER83,145,104,186,109,128,130,77,120,138,143
1127,MER91A,572,418,967,584,612,455,436,343,555,386
1128,MIR1_Amn,3105,2092,3808,2052,2562,2223,2698,2692,3164,2047
1129,MER45R,67,24,62,95,20,36,26,29,47,32
1130,MER4D0,190,94,237,119,195,209,191,160,203,207
1131,BLACKJACK,306,238,418,344,379,363,371,379,432,335
1132,MLT1A1,1268,1158,1582,1174,1252,1038,1451,1113,1765,1005
1133,MLT1A0,3923,3297,5411,3600,4406,3288,3802,2992,4287,3096
1134,L2-3_AMi,0,0,0,0,0,0,0,0,0,0
1135,HERVL-int,1568,1152,1951,1262,1341,838,1260,1444,1376,1129
1136,MER91C,251,189,335,254,228,257,337,198,360,371
1137,L1MA5,1570,1377,2490,1268,1631,1090,1318,1542,1765,886
1138,MLT1N2-int,0,0,12,24,36,0,0,8,4,0
1139,U6,147,365,420,274,337,258,333,298,336,366
1140,X7B_LINE,180,55,197,105,166,73,221,168,164,107
1141,L1M2a,824,777,1018,581,925,774,822,848,780,712
1142,MamRep1879,273,164,329,340,168,82,317,208,248,40
1143,L1M2c,239,212,384,144,204,103,140,210,330,155
1144,L1M2b,40,88,94,64,20,80,68,68,52,67
1145,CR1-8_Crp,0,0,0,0,0,0,0,0,0,0
1146,LTR22A,17,8,26,22,26,66,36,25,45,89
1147,HERV-Fc1-int,5,0,12,5,39,23,2,0,17,0
1148,AluSz6,7104,6199,8768,5632,8052,4986,7094,6320,7246,4895
1149,L1PA8A,931,844,1393,912,1066,653,959,913,1171,510
1150,MER68B,252,202,217,135,223,191,210,226,161,105
1151,MER68C,54,24,52,16,48,4,36,16,29,0
1152,MER83C,36,16,40,0,8,20,24,12,14,24
1153,MER50C,43,31,48,36,40,12,24,27,24,0
1154,AluYd8,57,11,10,21,13,8,19,14,20,14
1155,MER52A,630,654,996,584,546,414,643,573,608,549
1156,tRNA-Trp-TGG,0,0,0,0,0,0,0,0,0,0
1157,MER52C,99,127,142,83,72,52,50,67,132,85
1158,L1M2,2503,2102,3655,2107,2772,1824,2183,2089,2795,1924
1159,L1M3,1297,1209,1822,1009,1482,968,1042,1167,1382,1141
1160,L2c,54393,45966,72056,46060,51633,37509,50998,46066,53912,39794
1161,L1M1,2089,2002,3763,2033,2447,2160,2373,2334,3273,2130
1162,L1M6,794,592,1188,790,750,808,737,767,888,665
1163,L1M7,673,642,816,567,598,596,922,744,726,457
1164,L1M4,5775,5572,9487,5661,6103,3730,5538,5847,7354,4194
1165,L1M5,10816,8720,17122,9803,12684,8336,10197,11414,12973,8675
1166,MLT1G,628,436,724,457,538,452,468,385,558,395
1167,MLT1F,1246,1062,1704,1111,1183,879,1483,1237,1474,1093
1168,L1M8,458,311,656,398,343,210,414,550,487,568
1169,MLT1D,4862,4402,7157,4781,4814,3811,4696,4328,5147,3867
1170,MLT1C,4814,4224,7346,4188,4487,3591,4908,4449,5493,4194
1171,MLT1B,9634,6163,8615,7107,9517,4637,6694,5946,9014,7835
1172,MLT1A,1822,1640,2800,1602,2103,1537,1815,1586,2082,1579
1173,tRNA-Ser-TCA_m_,199,230,123,104,190,193,169,218,29,31
1174,MER4A1,522,480,599,507,644,356,581,375,462,245
1175,UCON99,12,0,4,4,16,4,20,0,0,0
1176,Looper,304,235,418,232,184,123,217,233,245,190
1177,UCON92,0,0,0,0,0,0,0,0,0,0
1178,MLT1B-int,315,338,455,198,436,244,400,198,393,155
1179,LTR9B,223,280,349,250,360,116,327,338,298,302
1180,LTR9C,67,32,38,40,0,0,12,0,12,0
1181,LTR9D,215,101,258,180,248,54,210,129,368,231
1182,UCON22,0,0,4,0,0,0,27,0,12,0
1183,UCON94,24,4,8,4,0,0,20,12,16,0
1184,MADE1,446,456,494,266,377,287,393,376,471,397
1185,MADE2,432,369,766,503,488,319,468,523,651,439
1186,AluSp,8056,5515,6593,5064,7182,4832,7218,6997,6656,5286
1187,AluSq,3646,3125,3200,2436,3215,2891,3705,3235,3114,2547
1188,PABL_A-int,311,177,271,168,154,66,231,139,324,99
1189,LTR33C,134,86,147,112,40,28,116,119,78,88
1190,tRNA-Lys-AAG,25,16,43,48,20,75,48,48,20,55
1191,AluSx,20192,16549,18579,13697,18464,15049,18917,16645,18456,13091
1192,AluSz,16127,13070,16456,11596,15521,12148,15584,14397,15448,10476
1193,Ricksha_b,27,35,61,66,49,0,11,48,56,99
1194,PABL_B,76,64,80,36,83,36,71,144,126,18
1195,Charlie20a,241,133,259,154,216,35,180,133,244,149
1196,L1MEh,409,434,736,394,342,322,462,421,571,393
1197,L1MEi,680,707,1414,749,824,351,823,696,1057,774
1198,L1MEj,341,343,824,477,390,321,416,267,430,316
1199,AluSc,6398,5141,5569,3806,5811,5358,6151,5619,5716,3912
1200,L1MEd,3609,3442,6954,3783,4358,3267,3644,4353,5463,3248
1201,tRNA-Gly-GGA,8,44,19,12,16,0,56,0,52,0
1202,Charlie23a,202,142,315,156,311,130,121,201,338,296
1203,L1MEg,3038,2566,4986,2980,3426,2516,3050,2998,3645,2572
1204,LTR7B,348,241,221,214,283,176,231,198,198,231
1205,L1MEa,108,44,132,70,89,20,109,16,80,28
1206,L1MEb,494,348,724,505,446,301,207,504,485,391
1207,L1MEc,4982,4005,8165,4660,5306,3624,4676,4964,6078,4334
1208,LTR76,130,125,191,140,170,182,130,124,97,23
1209,LTR77,35,4,63,0,0,5,0,0,4,0
1210,LTR101_Mam,256,225,252,195,269,72,214,246,248,90
1211,LTR75,154,92,209,104,139,52,132,60,140,60
1212,LTR47A,151,126,190,113,130,94,181,165,225,132
1213,AluYc3,150,103,122,82,82,83,101,36,39,72
1214,LTR70,91,140,128,118,116,233,192,137,175,137
1215,LTR47B,0,0,0,0,4,16,8,0,4,0
1216,tRNA-Glu-GAG,0,0,0,0,0,0,0,0,0,0
1217,Tigger3d,224,250,356,122,203,246,267,230,348,46
1218,Tigger3c,517,618,873,518,731,545,525,715,988,540
1219,MLT1E1A,766,569,837,338,573,500,666,440,942,353
1220,LTR78,520,535,1172,665,715,653,608,576,931,460
1221,LTR79,633,646,793,413,728,343,497,474,618,449
1222,tRNA-Tyr-TAC,0,0,0,24,0,0,0,0,32,0
1223,LTR67B,571,548,860,576,571,402,747,571,770,436
1224,MSTA1-int,32,16,24,8,0,0,0,0,4,0
1225,MER113A,630,415,713,411,499,327,464,568,559,549
1226,MER113B,148,63,251,123,181,155,267,104,161,223
1227,tRNA-Glu-GAG_,261,93,108,101,57,90,79,105,165,110
1228,MamRep1527,112,36,167,41,100,128,144,128,74,97
1229,MER1B,2255,1868,2783,1652,2204,1609,2047,1849,2416,1296
1230,LTR1B1,0,28,16,0,0,16,16,16,16,14
1231,LTR1B0,12,8,28,16,8,0,16,16,52,4
1232,LTR37-int,184,192,683,396,461,432,349,368,811,349
1233,Harlequin-int,374,455,835,496,580,278,399,412,603,303
1234,LTR88a,122,92,135,152,104,91,72,39,106,71
1235,tRNA-Ala-GCG,0,0,0,0,0,0,0,0,0,0
1236,L1ME5,943,594,1411,632,663,707,582,677,911,592
1237,HERV16-int,129,157,267,193,118,88,198,165,312,164
1238,L1ME1,11063,9579,18488,10593,12632,9268,10886,11721,14968,9382
1239,CR1-L3B_Croc,0,0,0,4,0,0,0,0,0,0
1240,L1ME3,3291,2763,5006,2543,3694,2031,2861,3060,3816,2600
1241,MSTC-int,68,112,59,24,84,4,92,63,95,64
1242,L1PBa1,286,240,501,127,268,174,272,277,220,242
1243,LTR43-int,17,30,21,8,86,20,11,1,20,12
1244,LTR7C,383,221,273,151,180,133,187,147,108,144
1245,tRNA-Ala-GCY,0,24,0,0,0,0,0,0,0,0
1246,L1MA5A,1029,941,1876,974,1056,837,874,978,1336,634
1247,LTR5_Hs,289,186,324,161,182,139,371,243,211,170
1248,MER5A,9692,7845,9510,6551,9836,7252,10548,8878,9864,7311
1249,REP522,22,2,6,3,0,0,3,2,38,0
1250,AmnSINE1,1941,1245,1430,954,1824,1278,1431,1303,1671,1372
1251,X7D_LINE,0,4,0,4,0,0,8,0,0,0
1252,AmnSINE2,257,138,302,123,196,209,173,184,196,130
1253,Tigger3b,2000,2001,3393,1934,2190,1617,1932,2186,2512,1677
1254,MSTB-int,433,310,629,430,428,277,565,442,660,490
1255,MLT1L-int,0,4,28,19,0,0,8,12,0,0
1256,L1PA3,1250,1260,2066,1351,1417,912,1197,1147,1699,1050
1257,MamRep1894,154,63,140,80,92,36,120,84,114,62
1258,UCON20,0,11,0,0,0,0,0,8,0,0
1259,MER57E2,0,8,24,0,0,0,0,0,0,0
1260,MER99,20,12,65,35,103,8,60,27,43,28
1261,UCON50,8,8,16,0,0,0,0,4,0,0
1262,CRP1,0,0,8,0,0,0,4,0,0,0
1263,UCON44,8,12,16,0,0,0,0,0,12,0
1264,MLT1O-int,0,0,0,0,0,0,0,4,0,0
1265,MLT1H,2432,1708,2655,1588,2015,1678,1925,1817,2496,1395
1266,UCON47,123,39,101,20,99,43,55,35,62,20
