,0,S29,S30,S39,S40
0,MER11B,17909,17001,29203,57481
1,MER44B,902,1631,1166,1621
2,UCON80_AMi,80,164,174,236
3,MSTA1,144,246,64,189
4,MLT1E1-int,0,8,4,0
5,UCON27,51,32,24,0
6,MER96B,384,458,299,392
7,MLT1E2-int,69,56,23,178
8,UCON29,8,83,12,143
9,Zaphod2,83,157,147,159
10,MER41E,141,77,164,265
11,MER41D,159,86,168,168
12,MER41G,24,16,0,150
13,MLT2B3,601,953,624,870
14,LTR82B,173,267,189,349
15,UCON26,52,88,28,27
16,MER41C,38,169,183,140
17,CR1-L3A_Croc,28,92,45,0
18,L1M4a2,457,710,545,408
19,L1M4a1,715,1115,697,670
20,UCON19,0,8,0,0
21,MER96,97,146,49,4
22,MER20B,1186,2039,1497,1600
23,LTR82A,223,471,346,549
24,MLT1E3,328,484,398,682
25,LTR35A,0,32,20,0
26,LTR35B,4,68,48,0
27,MER95,28,56,68,155
28,MER44A,1953,2435,2394,2372
29,MSTB2,152,628,386,477
30,CER,39,106,58,94
31,AluYh7,4,10,6,7
32,Charlie15b,606,985,647,1089
33,LTR52-int,12,43,24,46
34,Charlie15a,997,1540,1126,1385
35,LTR85c,202,302,186,239
36,LTR85b,63,302,71,256
37,LTR85a,270,348,302,411
38,MER97b,20,32,0,67
39,Tigger12c,345,529,120,118
40,AluYh9,1,15,2,3
41,LTR66,20,44,33,20
42,LTR103_Mam,33,57,36,83
43,LTR61,40,48,28,192
44,tRNA-Leu-TTA_m_,107,52,167,417
45,FordPrefect_a,12,38,63,98
46,UCON67,4,28,24,0
47,LTR60,0,20,8,93
48,tRNA-Leu-CTY,1,0,0,0
49,LTR60B,4,12,60,64
50,UCON58,0,0,0,0
51,UCON59,0,0,4,0
52,UCON24,0,0,0,0
53,UCON57,0,0,0,0
54,UCON54,11,72,40,4
55,UCON55,68,96,116,100
56,UCON53,0,16,0,0
57,HERVKC4-int,36,65,49,45
58,LSAU,0,0,0,0
59,Chap1_Mam,353,708,504,853
60,LTR3,226,170,221,513
61,X5B_LINE,5,29,29,13
62,AluSg7,1128,1479,1291,2379
63,AluYi6_4d,45,31,32,45
64,LTR4,79,95,75,120
65,LTR5,28,87,40,47
66,LTR8,975,1345,1013,2108
67,LTR9,200,283,103,307
68,UCON66,0,0,0,0
69,ORSL,158,287,203,435
70,X9_LINE,443,412,414,461
71,MER57C2,8,48,20,20
72,HERVH48-int,120,305,237,350
73,MER57C1,65,79,16,95
74,LTR13A,103,331,173,55
75,hAT-16_Crp,0,4,0,0
76,MSTB1-int,112,60,44,71
77,tRNA-Asn-AAT,0,0,0,0
78,L1PB3,2244,7198,2177,5965
79,MER115,495,760,676,1294
80,Tigger13a,576,1475,956,1354
81,MER117,1054,1676,1229,1615
82,MER110,72,84,30,40
83,MER112,1033,1840,1578,2105
84,L1PB1,3484,7122,4178,5537
85,MER74A,310,489,398,862
86,HERVK11D-int,0,12,11,0
87,LTR13_,100,200,203,148
88,MER119,229,519,569,448
89,MER5C1,380,227,120,379
90,PABL_A,44,193,178,172
91,LTR38,0,48,4,0
92,ALR_Alpha,2045,2942,3004,3177
93,MamGypLTR3,28,68,43,72
94,MER65-int,200,360,196,480
95,MLT1K,2784,3979,3356,4934
96,LTR32,228,331,356,367
97,LTR33,1236,2014,1521,2700
98,L1MA10,708,1379,1070,1535
99,LTR31,76,27,32,59
100,AluYg6,124,62,36,97
101,LTR34,56,88,52,132
102,LTR35,13,18,62,54
103,MLT2B2,210,256,187,329
104,HERVK13-int,288,300,96,148
105,UCON25,0,0,0,0
106,Tigger17a,1054,1947,1250,1375
107,L1P1,584,1301,766,1128
108,L1P3,1119,1837,1171,1728
109,L1P2,963,1791,1010,1425
110,L1P5,42,85,36,10
111,L1P4,633,1429,573,511
112,LTR108b_Mam,0,20,16,0
113,LTR21A,1657,1521,2240,3089
114,tRNA-Arg-AGA,0,0,0,8
115,LTR21C,0,0,0,0
116,LTR21B,12,12,28,0
117,LTR86B1,123,108,148,134
118,LTR86B2,0,76,20,0
119,UCON103,0,0,0,0
120,UCON101,0,0,0,0
121,L1PB,165,519,211,491
122,UCON107,4,47,16,0
123,ERV3-16A3_LTR,124,231,157,244
124,tRNA-Glu-GAA,15,63,105,120
125,LTR18A,147,48,85,175
126,LTR18C,0,8,20,35
127,LTR18B,52,116,76,255
128,ERV24_Prim-int,96,73,44,113
129,MER70C,48,28,16,28
130,LTR3B,0,11,4,2
131,LTR3A,57,66,102,163
132,MSTA,2904,3996,3261,6279
133,MSTB,1507,2861,2267,2501
134,LTR59,23,16,32,4
135,MER11D,14,46,16,34
136,LTR108a_Mam,13,68,16,0
137,GSATII,4,27,23,52
138,ERVL47-int,16,44,44,192
139,MER11C,268,421,271,652
140,MER83B,34,146,99,28
141,LTR24C,36,83,47,21
142,LTR54,119,296,144,211
143,tRNA-Pro-CCY,0,0,16,0
144,MER129,0,20,56,0
145,MER6C,39,19,60,0
146,LTR16B,36,145,153,100
147,MER6A,329,694,282,366
148,MER130,16,24,24,0
149,Tigger15a,1268,3092,1583,2425
150,Tigger2b_Pri,472,957,699,593
151,Kanga11a,64,260,110,157
152,MER131,287,605,308,190
153,THE1D,1640,2371,1970,3645
154,Ricksha_c,134,245,242,288
155,FordPrefect,207,212,231,607
156,Charlie10a,72,167,190,136
157,L1M3c,202,509,303,224
158,Charlie10b,72,168,56,214
159,L1M3f,263,365,211,267
160,L1M3d,96,208,116,165
161,L1M3e,379,677,392,790
162,LTR47B4,36,40,20,8
163,MLT2C2,130,218,180,140
164,MER92C,16,0,0,28
165,MER92B,305,310,229,333
166,CR1-13_AMi,12,20,0,4
167,MER134,16,72,0,0
168,LTR47B2,13,53,3,119
169,LTR47B3,36,28,56,0
170,LTR1A2,187,431,384,611
171,MER51A,637,1098,404,650
172,MER51B,140,192,40,168
173,LTR1A1,88,68,16,262
174,MER51D,0,9,12,0
175,MER51E,11,43,36,39
176,Tigger5,108,306,283,117
177,HERV4_I-int,126,277,135,386
178,LTR86C,42,91,44,67
179,MER45C,226,322,166,677
180,MER45B,200,276,188,413
181,L3b,2611,3852,2572,4814
182,LTR108e_Mam,0,16,4,0
183,MER75A,16,36,12,0
184,MER83B-int,12,59,8,239
185,Tigger11a,487,512,771,827
186,Ricksha,31,40,15,4
187,MER57A-int,1043,1108,977,1958
188,HERVL66-int,33,83,81,64
189,L1MA1,1061,2626,1548,2491
190,L1MA2,2006,4687,2873,4500
191,L1MA3,2889,6745,3641,4796
192,L1MA4,2402,5671,3297,3748
193,AluYc,471,664,485,959
194,L1MA6,1405,2373,1535,2450
195,L1MA7,1825,3652,1740,2457
196,Charlie29a,614,1130,664,731
197,L1MA9,2833,5890,3291,4894
198,MER4D1,266,424,344,315
199,THE1C-int,459,1223,893,1345
200,UCON16,4,0,0,59
201,tRNA-Leu-TTG,12,8,20,64
202,tRNA-Gln-CAA,24,20,8,0
203,ERVL-int,141,380,246,378
204,tRNA-Leu-TTA,0,0,0,24
205,tRNA-Gln-CAG,8,0,0,20
206,_GAATG_n,1,9,40,76
207,MLT1G-int,72,184,136,357
208,MER2B,714,1000,674,1202
209,UCON12,0,12,16,0
210,MER30,1273,2245,1292,2283
211,SSU-rRNA_Hsa,4426,6517,8641,21770
212,Charlie19a,497,816,466,382
213,MLT1-int,37,45,17,88
214,UCON17,0,0,0,0
215,UCON14,0,4,12,96
216,MLT1E2,857,1737,871,1692
217,MER21-int,232,451,474,311
218,UCON18,0,0,0,0
219,MIR,38456,58886,43562,61870
220,_CATTC_n,0,0,0,1
221,MLT1E1,155,112,73,195
222,MER92-int,181,459,153,288
223,tRNA-Asn-AAC,2,2,4,0
224,THE1A-int,1344,1751,1424,2149
225,tRNA-Val-GTA,0,0,0,0
226,LTR72B,16,28,0,20
227,Charlie4z,2432,3428,2757,3438
228,Tigger1a_Mars,0,24,0,4
229,MLT1F2,1160,1884,1586,2643
230,Charlie4a,1048,1548,999,1277
231,MLT1F1,1012,1057,738,2381
232,tRNA-Cys-TGY,4,20,23,0
233,tRNA-Gln-CAA_,36,0,4,0
234,ERVL-E-int,1336,2723,1640,3248
235,X2_LINE,8,28,36,0
236,X7A_LINE,259,346,161,43
237,UCON8,40,44,23,120
238,MER50-int,90,220,125,239
239,LTR54B,240,283,317,618
240,MamRep488,77,112,123,115
241,MER84-int,3,47,26,4
242,LTR102_Mam,68,120,163,203
243,PABL_B-int,248,393,265,431
244,MER41-int,466,1117,587,925
245,Eulor6C,0,0,0,0
246,L1MA4A,2042,4617,2410,4328
247,HERVIP10FH-int,218,530,316,191
248,tRNA-Met_,0,32,8,0
249,MER67D,51,141,88,13
250,MLT1H1,370,829,499,804
251,AluYh3,356,313,253,482
252,AluYk4,185,198,120,209
253,AluYk2,95,199,84,158
254,AluYk3,131,189,84,200
255,LTR27B,59,76,16,94
256,MER8,715,947,923,1260
257,tRNA-Leu-CTA,4,0,0,0
258,MSTC,768,1153,943,1364
259,LTR2752,80,128,84,294
260,UCON39,313,398,259,527
261,LTR39-int,0,28,12,32
262,HSAT5,25,60,27,84
263,HSAT4,244,393,266,381
264,LTR22B1,71,153,130,120
265,L1ME3E,1183,2241,1421,2157
266,UCON89,0,12,0,32
267,LTR46-int,167,261,323,168
268,tRNA-Thr-ACG,0,0,0,0
269,L1P4b,0,26,16,33
270,Zaphod3,129,185,174,226
271,L1PBa,678,1167,709,609
272,MamRTE1,8145,8350,7050,12279
273,UCON80,36,9,14,60
274,UCON83,0,12,0,0
275,LTR16D,103,180,147,194
276,LTR16C,1024,1274,767,1828
277,L1PBb,100,194,221,459
278,LTR16A,447,750,443,1114
279,UCON86,16,4,8,0
280,LTR16B2,207,343,127,267
281,SAR,0,43,0,0
282,MARNA,1874,2832,1629,2764
283,LTR16B1,174,200,128,389
284,LTR9A1,63,160,70,87
285,MER58D,807,1152,582,775
286,MER58C,746,1201,1160,1256
287,MER58B,2042,3293,2293,2756
288,MER58A,5716,7733,5749,6428
289,MamGypLTR2c,88,151,107,220
290,HSATI,0,20,0,0
291,Charlie3,207,469,231,487
292,Charlie1,1433,1547,936,788
293,Charlie6,146,142,103,110
294,Charlie7,842,1319,844,1644
295,Charlie4,41,1,17,12
296,Charlie5,442,736,478,539
297,MER39B,475,683,392,721
298,Charlie8,751,1230,1262,912
299,L1MC5,6940,10798,7673,8407
300,MER101-int,618,1228,570,962
301,HSMAR1,820,997,1092,1108
302,LTR42,108,173,194,162
303,LTR41,594,655,608,1172
304,HSMAR2,451,1270,562,912
305,LTR46,215,160,211,626
306,LTR45,0,28,8,142
307,LTR44,32,84,4,0
308,Tigger19a,1260,1998,1319,2157
309,LTR49,96,339,307,288
310,LTR48,171,233,247,361
311,AluYb9,43,116,104,103
312,AluYb8,284,361,314,500
313,LTR38C,0,36,24,4
314,LTR38B,80,28,64,189
315,tRNA-Leu-CTG,0,0,0,20
316,Tigger4a,1122,2120,1187,1331
317,LTR26B,4,56,19,20
318,Alu,394,506,470,695
319,LTR26D,41,43,43,0
320,LTR26E,68,119,48,27
321,MER9a2,96,145,81,108
322,HERV15-int,41,94,92,40
323,L1MB8,7992,13859,7894,11240
324,UCON69,0,8,0,0
325,Charlie14a,514,587,659,664
326,HERV-Fc2-int,0,2,0,6
327,L1MB1,1001,2094,1593,1468
328,L1MB3,7403,12309,7596,11255
329,L1MB2,4502,12418,5045,7601
330,L1MB5,3659,6606,3860,6113
331,L1MB4,3865,7007,4185,4746
332,AluJr4,2952,4194,3141,5181
333,L1P4a,172,273,101,212
334,UCON4,32,148,51,76
335,UCON71_Crp,133,79,121,137
336,MamRep4096,365,366,164,460
337,MER135,135,180,200,102
338,THE1-int,132,202,91,160
339,HERVS71-int,223,246,330,369
340,HSAT6,0,0,0,0
341,HERVK11-int,76,224,112,277
342,ACRO1,3,14,1,0
343,LTR90A,74,67,71,105
344,UCON35,4,16,16,0
345,LTR90B,84,126,60,59
346,LTR27E,59,63,164,101
347,MER65B,141,181,33,110
348,MER65A,153,409,166,426
349,UCON88,0,16,16,0
350,HERVK3-int,567,647,456,829
351,L1ME2z,2654,4365,2674,3883
352,L1PA11,1399,2710,1692,3107
353,OldhAT1,3611,4577,3528,5166
354,LTR91,16,56,12,0
355,Charlie1a,2545,4582,2886,3742
356,Charlie1b,1250,1642,947,1108
357,PRIMA41-int,90,205,94,203
358,LTR26C,24,44,51,75
359,LTR27D,36,4,4,0
360,SST1,53,52,50,138
361,MER54A,120,263,120,262
362,MER103C,2634,3711,1794,4085
363,MER51-int,158,316,216,517
364,MER67C,146,240,240,242
365,L1PA15,2228,4908,2621,3698
366,SVA_C,181,200,112,238
367,AluYm1,446,630,711,1017
368,UCON81,0,0,12,0
369,LTR1D1,64,80,85,377
370,L1PA17,914,2153,1440,2211
371,ERV3-16A3_I-int,1125,1766,1295,3393
372,MER34A1,212,328,262,446
373,Tigger16a,454,760,490,1048
374,THE1B-int,1379,3189,2047,3032
375,Tigger9a,204,511,359,305
376,Tigger9b,430,482,395,312
377,LTR27C,181,192,252,333
378,Charlie18a,2192,2468,1886,1876
379,MLT2F,307,377,300,534
380,AluSq10,257,334,334,624
381,AluJr,16705,20548,16944,22393
382,Charlie10,262,407,219,120
383,Charlie11,52,88,44,91
384,Charlie12,16,8,16,0
385,UCON21,0,0,0,0
386,L1MEg1,327,569,266,180
387,L1MEg2,108,219,205,345
388,Charlie17,393,475,381,598
389,MER110A,80,119,76,171
390,UCON56,0,0,0,0
391,UCON82,0,4,0,0
392,HERVE-int,249,409,195,767
393,MLT1L,2712,3915,2607,3995
394,UCON87,0,0,0,0
395,MLT1H1-int,52,173,48,204
396,tRNA-Ala-GCA,16,0,0,0
397,HUERS-P2-int,28,89,111,30
398,UCON62,0,0,0,0
399,MLT1E3-int,1,46,43,69
400,L2a,59858,92421,70733,108939
401,Kanga1,52,173,115,199
402,MamGyp-int,466,392,267,247
403,CR1-3_Croc,259,571,329,667
404,LTR22E,181,189,145,98
405,MER76-int,88,72,48,190
406,UCON60,0,12,0,4
407,ERVL-B4-int,1071,1967,965,2783
408,LTR22B,64,89,28,31
409,LTR22C,0,0,14,0
410,MER81,244,416,251,481
411,MLT1H2,3225,3413,3837,8454
412,UCON23,16,0,16,0
413,MST-int,176,230,242,855
414,UCON12A,0,0,0,0
415,UCON31,4,0,20,0
416,UCON51,0,16,0,0
417,CR1-16_AMi,114,110,64,48
418,L4_A_Mam,1217,2360,1633,1629
419,HERVH-int,4366,5580,4662,8145
420,AluSg4,990,1045,980,2070
421,LTR23-int,16,16,40,0
422,LTR88c,108,52,39,68
423,MamTip1,104,294,258,376
424,UCON48,4,32,0,87
425,MamTip3,104,180,186,395
426,MamTip2,1383,1759,1473,1935
427,THE1C,1025,1971,1500,2152
428,THE1B,2549,4585,3391,4022
429,THE1A,996,1496,1385,1419
430,UCON46,0,32,0,0
431,UCON41,0,0,0,0
432,UCON40,156,236,174,63
433,UCON43,0,0,0,4
434,MER84,139,135,103,204
435,MER4CL34,105,200,123,268
436,LTR1,30,93,58,91
437,MamRep1161,0,11,4,0
438,HERV1_I-int,128,186,175,95
439,LTR53B,80,44,12,35
440,UCON68,0,0,0,0
441,Eulor2A,8,28,16,0
442,Eulor2B,36,39,48,64
443,Eulor2C,0,20,0,0
444,L1M4c,2952,5375,2985,1625
445,L1M4b,1117,2145,1411,1437
446,LTR109A2,0,0,0,0
447,Plat_L3,619,1172,703,1952
448,tRNA-Pro-CCA,0,0,0,0
449,tRNA-Pro-CCG,4,0,0,0
450,X6A_LINE,368,629,380,645
451,LTR06,28,14,28,8
452,MER101,12,60,26,48
453,HERVL32-int,27,16,20,0
454,L1PREC2,2327,4182,2776,3080
455,MamGypLTR2b,4,170,64,15
456,MER105,320,411,254,512
457,MER104,704,1015,587,733
458,MamGypLTR3a,131,176,82,230
459,MER67B,63,137,140,192
460,U13_,124,129,125,114
461,tRNA-His-CAY_,0,16,16,62
462,HERVK-int,313,520,313,559
463,AluYf1,259,288,305,320
464,AluSx4,1820,2432,1987,3277
465,LTR38A1,0,4,4,100
466,AluSx1,16438,19294,16982,26616
467,AluSx3,4586,5215,4662,7972
468,L1HS,426,838,551,814
469,L5,235,276,196,459
470,MER21C,2505,3564,2632,4571
471,MER21B,1324,2237,1511,2389
472,MER21A,824,1392,1160,1382
473,tRNA-Ser-TCG,0,0,0,0
474,L2,19983,31292,22370,34596
475,MIR3,24199,31760,22109,33671
476,L3,17262,23797,17273,26218
477,Charlie21a,493,800,452,427
478,ERV24B_Prim-int,60,89,79,63
479,Chompy-6_Croc,0,4,0,0
480,MER68-int,127,106,89,195
481,L1M2a1,12,32,16,110
482,MER88,0,20,20,4
483,LTR75_1,12,76,20,0
484,MER57E1,62,82,30,61
485,MER4A1_,268,274,269,217
486,MER57E3,165,228,249,189
487,HERVK14-int,127,227,93,100
488,GSATX,0,4,28,194
489,tRNA-Ser-TCA,0,0,0,0
490,MER85,231,397,347,393
491,LTR16A2,219,231,268,227
492,LTR16A1,330,441,452,986
493,LTR19-int,120,173,188,210
494,LTR71A,4,88,64,107
495,LTR71B,70,89,32,277
496,Charlie9,383,543,625,935
497,MLT1J-int,211,341,177,547
498,MER61C,74,96,45,15
499,MER61B,16,88,44,75
500,MER61A,136,119,112,159
501,Tigger5b,1008,3066,1004,1271
502,MER61F,12,36,40,39
503,MER61E,211,168,137,118
504,MER61D,30,127,37,84
505,MER136,0,0,0,12
506,MER75,147,288,104,171
507,MER76,123,137,133,165
508,MER77,687,867,812,1389
509,MER72,205,285,158,280
510,MER73,59,68,18,44
511,L1MC5a,7911,13700,7875,8954
512,UCON33,56,32,4,0
513,Helitron1Na_Mam,16,52,24,0
514,LTR12C,841,1309,1121,1987
515,LTR12B,8,57,23,80
516,MER61-int,229,788,676,876
517,tRNA-Ile-ATA,8,12,19,0
518,LTR12F,84,126,98,63
519,LTR12E,131,161,108,279
520,LTR12D,144,231,118,387
521,tRNA-Met,0,9,19,4
522,HERV30-int,16,40,1,25
523,tRNA-Ser-TCY,0,0,0,0
524,U13,53,89,163,171
525,LTR47A2,170,144,143,324
526,LTR40a,178,732,263,492
527,LTR40b,301,463,259,364
528,LTR33A_,184,369,167,371
529,LTR12_,36,105,99,152
530,UCON96,0,0,0,0
531,MLT1M-int,0,0,0,0
532,Eulor9A,0,36,44,0
533,MamGypsy2-LTR,103,52,61,71
534,Eulor9C,0,0,0,20
535,Eulor9B,0,0,16,0
536,tRNA-Met-i,0,0,20,0
537,MER123,4,4,0,16
538,BSR_Beta,324,414,339,465
539,LTR2,301,472,376,686
540,MER2,3446,5307,4293,4496
541,MER3,3251,3877,3240,3773
542,Arthur1C,151,244,107,191
543,HERVL74-int,319,163,190,532
544,Arthur1A,132,284,159,339
545,HERV1_LTRa,0,41,56,0
546,HERV1_LTRc,4,4,8,0
547,HERV1_LTRb,32,12,8,0
548,HERV1_LTRe,60,36,8,22
549,HERV1_LTRd,0,19,51,0
550,MER4-int,891,1205,926,956
551,Tigger4b,1289,2419,1617,1930
552,MER106B,140,393,366,201
553,MER106A,192,314,166,165
554,MamGypLTR1a,52,106,66,246
555,L1M3de,96,294,158,448
556,MamGypLTR1b,844,764,837,606
557,MamGypLTR1d,60,148,80,84
558,L1PA15-16,220,702,315,569
559,MER44D,275,389,299,676
560,MER113,851,1534,823,1097
561,tRNA-Val-GTY,0,0,28,0
562,LTR3B_,74,136,194,260
563,MER65C,1115,1882,1082,1558
564,HERV-Fc2_LTR,0,0,0,0
565,MER41A,417,799,358,515
566,MER66-int,167,356,267,160
567,TAR1,0,18,22,42
568,Tigger16b,820,1307,711,857
569,MER74C,12,16,0,80
570,UCON84,0,24,16,8
571,MLT2A1,431,740,555,834
572,U4,144,83,193,615
573,MLT1E-int,0,0,0,0
574,MER74B,190,246,214,277
575,L2-1_Crp,48,12,4,67
576,MLT2A2,609,508,622,985
577,Arthur1B,194,345,390,513
578,PRIMA4-int,287,502,256,222
579,THE1D-int,866,1546,1162,2388
580,Mam_R4,87,154,90,191
581,MLT1G1,856,1397,1138,2303
582,MLT1G3,520,933,554,704
583,Charlie25,150,362,161,570
584,Charlie24,287,388,365,757
585,LTR6B,143,250,219,500
586,UCON72,0,4,4,0
587,tRNA-SeC_e_-TGA,0,0,0,0
588,MLT1H-int,226,373,232,254
589,LOR1a,449,676,338,697
590,Arthur1,243,461,160,545
591,MLT1J1-int,51,90,107,93
592,LOR1b,51,185,172,111
593,LTR10B1,128,117,323,264
594,LTR10B2,27,68,4,155
595,LTR108c_Mam,0,0,0,0
596,MLT1K-int,28,0,16,0
597,MIRb,49366,77288,55213,83328
598,Charlie13a,232,222,247,388
599,Charlie13b,190,212,199,275
600,UCON132b,58,123,121,239
601,MER63B,673,886,438,626
602,LTR39,434,779,348,470
603,UCON78,63,92,16,91
604,AluYj4,309,474,281,551
605,MER66D,32,31,28,24
606,LTR107_Mam,20,80,32,79
607,MER66C,76,154,134,218
608,MER91B,391,309,414,524
609,MER66A,79,71,64,253
610,Charlie2a,634,1136,560,882
611,Charlie2b,767,1380,912,967
612,L1MA8,2454,5149,2996,4178
613,MER50B,175,136,99,147
614,MIRc,23050,34310,24493,37242
615,tRNA-Lys-AAA,12,28,24,86
616,LTR22C0,36,84,108,122
617,X1_LINE,0,20,0,0
618,LTR22C2,0,17,21,0
619,MER46C,2106,3435,2025,2794
620,MER31B,249,483,323,425
621,MamRep38,375,505,415,591
622,MER31A,370,406,482,590
623,MER107,104,128,38,60
624,L4_B_Mam,734,1580,1134,1277
625,MER34D,64,44,71,60
626,LTR88b,175,218,293,280
627,MamRep1151,326,446,270,417
628,MER20,5396,6609,5419,8147
629,LTR30,41,54,61,123
630,LTR7,264,557,604,799
631,LTR16E2,339,472,332,413
632,LTR16E1,217,405,282,730
633,LTR43B,2,44,16,56
634,MER49,827,1300,796,1352
635,MER48,44,25,32,43
636,PRIMAX-int,24,0,8,16
637,LTR36,75,170,215,28
638,LTR40c,194,268,181,187
639,UCON49,52,56,8,144
640,UCON105,82,199,55,32
641,PRIMA4_LTR,115,119,79,126
642,HERVK22-int,958,1448,801,1012
643,tRNA-Arg-CGG,0,0,12,0
644,Tigger6a,382,578,293,457
645,Tigger6b,16,116,48,8
646,SVA_F,208,224,177,540
647,tRNA-Arg-CGA,0,0,0,0
648,MER52D,269,204,186,23
649,L1MCb,188,352,324,470
650,L1MCc,597,1027,1121,836
651,L1PB2,860,1386,758,928
652,L1MCa,1309,3065,1696,2276
653,L1PB4,1281,2993,1639,2873
654,MER72B,32,64,44,36
655,MER102b,1490,2011,1561,2587
656,MER102c,863,1292,1175,1556
657,MER102a,1076,1089,1036,1557
658,LTR58,20,48,19,107
659,AluYa5,152,227,132,287
660,tRNA-Arg-AGG,0,0,53,44
661,LTR53-int,98,254,229,291
662,AluYa8,27,28,29,65
663,LTR55,60,88,36,87
664,LTR56,225,243,275,269
665,LTR57,64,94,56,160
666,LTR45C,147,245,166,214
667,LTR45B,30,68,96,193
668,LTR52,112,168,176,367
669,LTR53,126,165,165,96
670,MER39,488,826,679,601
671,MER34B-int,182,448,204,228
672,LTR75B,21,44,37,18
673,CR1-12_AMi,4,52,32,0
674,CR1_Mam,820,870,477,536
675,MER33,2692,5105,3075,5508
676,MER34,303,427,216,287
677,L1P4d,61,25,13,6
678,MLT1G3-int,234,164,41,64
679,HERVI-int,136,84,85,23
680,Eulor6A,0,0,0,0
681,Eulor6B,0,0,12,0
682,L1P4e,0,32,8,16
683,Eulor6D,0,0,4,0
684,Eulor6E,32,20,23,83
685,MER83A-int,16,4,24,39
686,MER44C,436,1147,830,938
687,L1MC2,1901,3809,2491,3040
688,L1MC3,3449,6430,4020,5386
689,FRAM,1298,1880,1018,2161
690,L1MC1,6124,10959,6983,9763
691,MLT1M,437,540,560,468
692,L1MC4,10204,18898,11449,14790
693,HERV9-int,117,170,229,327
694,X8_LINE,48,88,56,67
695,L2b,47054,67845,55852,127309
696,L1MB7,11941,24185,12505,18199
697,LTR81C,12,36,63,160
698,LTR38-int,16,12,47,8
699,Helitron1Nb_Mam,32,79,12,44
700,LTR5A,191,185,150,159
701,LTR5B,298,566,267,483
702,LTR81B,60,180,84,225
703,BC200,111,102,245,280
704,L4_C_Mam,869,1978,1031,1595
705,LTR81A,47,175,110,24
706,LTR28B,71,84,98,135
707,LTR28C,116,275,104,400
708,LTR104_Mam,319,403,239,187
709,Tigger17,60,44,52,16
710,Tigger10,980,1149,764,1592
711,MLT1F2-int,45,101,82,201
712,Tigger12,385,716,339,684
713,MER4E,263,392,182,336
714,MER4D,251,423,317,488
715,tRNA-Ser-TCA_,0,0,32,0
716,MER4A,358,352,338,800
717,MLT1E,104,88,115,204
718,MER4C,55,144,154,198
719,MER4B,577,1264,1025,1815
720,MSTA-int,1323,2284,1395,3279
721,MLT1J2-int,83,135,60,139
722,MLT1D-int,1110,1114,735,1022
723,HERV-Fc1_LTR1,0,0,0,9
724,HERV-Fc1_LTR2,0,0,0,0
725,HERV-Fc1_LTR3,0,0,0,5
726,LTR50,641,791,693,1011
727,MER6,245,451,430,431
728,LTR80A,16,67,58,186
729,LTR80B,70,68,51,12
730,HAL1,7082,14573,8172,9651
731,Chompy-7_Croc,0,0,0,0
732,HERV9NC-int,189,335,224,563
733,MLT2D,746,965,895,1914
734,MLT2E,8,52,24,0
735,GSAT,0,0,0,0
736,MER34A,192,334,188,479
737,HUERS-P1-int,159,226,77,327
738,MER34C,24,91,68,2
739,MER34B,135,302,135,239
740,Ricksha_0,88,134,46,286
741,ORSL-2b,175,311,95,247
742,DNA1_Mam,68,87,51,4
743,PrimLTR79,66,59,16,60
744,LTR57-int,46,56,60,194
745,LTR8B,343,515,345,593
746,LTR8A,596,825,692,1076
747,Tigger12A,318,418,244,602
748,L1ME4a,9969,19029,9051,11967
749,UCON9,12,16,0,0
750,L1ME4c,2416,4047,2631,3823
751,L1ME4b,9277,16630,10428,16813
752,LTR89,173,315,186,433
753,LTR14A,26,20,0,0
754,LTR87,389,340,449,1191
755,UCON1,0,24,0,0
756,UCON2,60,64,51,0
757,ORSL-2a,44,59,121,137
758,LTR83,203,163,168,20
759,UCON5,0,0,28,0
760,LTR81,8,44,64,16
761,UCON7,0,0,0,40
762,MER121B,0,8,0,0
763,MER65D,108,121,68,255
764,MER124,268,402,277,532
765,MER57-int,235,513,321,452
766,UCON93,8,11,0,0
767,Charlie17a,247,328,242,327
768,Charlie17b,48,44,32,24
769,HUERS-P3-int,1020,938,540,296
770,MER34-int,774,507,562,323
771,UCON79,4,0,0,0
772,UCON61,0,0,0,0
773,Eulor8,0,4,0,0
774,UCON70,28,40,88,91
775,Eulor4,0,0,0,0
776,7SK,99879,94593,128790,262256
777,UCON73,12,112,36,12
778,L1P,8,9,6,7
779,UCON75,0,0,0,0
780,Eulor3,0,0,0,0
781,UCON77,0,21,0,0
782,LTR25-int,746,857,855,1556
783,L1M,196,211,94,448
784,Zaphod,308,328,116,241
785,Tigger18a,302,671,424,306
786,tRNA-Arg-CGY_,0,1,20,84
787,Tigger3,255,558,320,842
788,MLT1I-int,136,91,123,214
789,MER4B-int,165,457,261,207
790,LTR106_Mam,80,140,67,75
791,X6B_LINE,355,422,353,291
792,MLT1A-int,223,360,307,378
793,tRNA-Ile-ATC,0,0,0,0
794,Eulor11,0,8,52,32
795,Eulor10,0,0,0,0
796,Eulor12,0,35,0,0
797,MamGypLTR1c,124,180,113,181
798,LTR48B,958,863,776,1430
799,Tigger4,616,1180,730,1009
800,tRNA-Ile-ATT,7,44,99,133
801,AluYe5,95,142,129,346
802,AluYe6,57,32,41,55
803,LTR13,590,1353,669,1271
804,LTR14,31,58,31,40
805,LTR15,317,180,178,94
806,LTR16,229,643,233,732
807,LTR17,279,497,307,473
808,tRNA-Leu-CTA_,0,0,0,0
809,MER5A1,2337,3650,3252,3704
810,LTR78B,321,487,410,338
811,MER97d,24,95,24,28
812,MLT1I,1732,3046,1805,3952
813,MER9B,11,0,4,0
814,LTR51,16,88,60,149
815,X7C_LINE,220,142,90,217
816,Merlin1_HS,48,92,0,8
817,LTR40A1,107,218,160,154
818,LTR41C,277,276,164,398
819,LTR41B,662,664,644,1016
820,Kanga2_a,443,978,703,900
821,LTR29,190,144,196,323
822,LTR14C,38,29,58,0
823,LTR14B,106,107,84,210
824,LTR22B2,0,0,0,0
825,MER101B,44,47,24,79
826,MSTB1,1192,1510,1009,2282
827,LTR103b_Mam,16,120,165,0
828,AluYk11,112,131,133,366
829,AluYk12,22,34,20,58
830,LTR33B,147,255,186,224
831,HERVE_a-int,109,85,66,192
832,LTR33A,119,443,408,598
833,U14,218,112,291,242
834,LTR105_Mam,156,131,151,151
835,Tigger19b,1395,2011,1630,1903
836,Helitron3Na_Mam,163,382,251,363
837,L1PA2,656,1283,780,1032
838,L1PA5,2322,4316,2531,3779
839,L1PA4,1478,3217,1966,3424
840,L1PA7,4148,9356,5551,8344
841,L1PA6,13895,15318,18883,23468
842,L1PA8,1881,3445,2353,3564
843,MER90,188,172,130,119
844,L1P4c,0,0,0,0
845,MER94,931,1591,1025,1469
846,MER11A,203,624,486,814
847,LTR65,132,308,271,106
848,LTR64,60,144,92,20
849,LTR1B,356,244,296,443
850,LTR1C,0,47,0,0
851,LTR1D,40,176,88,66
852,LTR1E,108,100,56,94
853,LTR1F,4,52,5,114
854,LTR62,91,64,62,28
855,MER41B,442,703,361,738
856,MER5B,4788,7227,5773,6795
857,MER67A,188,170,158,172
858,hAT-N1_Mam,184,258,227,258
859,LTR69,71,72,72,47
860,LTR68,77,55,24,5
861,MER5C,335,627,370,394
862,tRNA-His-CAY,0,0,0,0
863,AluSg,5625,6073,5345,8502
864,MER54B,83,44,43,103
865,MER70A,35,156,36,56
866,Tigger17c,442,582,373,806
867,LTR10F,102,262,122,125
868,LTR24B,161,330,171,134
869,Eulor7,0,0,0,0
870,MER97c,8,52,0,0
871,L1MD3,1554,2692,1899,2389
872,L1MD2,3376,6307,3461,5458
873,L1MD1,1970,4062,2437,3194
874,HERV17-int,359,623,617,650
875,LTR1C1,44,23,5,0
876,LTR1C3,0,0,0,0
877,Eulor1,0,16,0,0
878,MER70B,47,52,40,134
879,tRNA-Gly-GGY,0,4,11,0
880,LTR84a,128,160,55,306
881,LTR84b,140,415,207,322
882,UCON6,172,156,280,167
883,tRNA-Gly-GGG,0,3,0,11
884,MLT1G1-int,20,56,84,177
885,MER77B,411,719,562,706
886,MER132,0,0,0,0
887,Tigger17b,28,32,41,0
888,L1ME3A,4983,8795,5060,7970
889,L1ME3B,3646,6199,3381,4711
890,L1ME3C,510,1432,894,1041
891,L1ME3D,1353,2480,1826,2493
892,L1MEf,3614,6475,4131,4558
893,L1ME3F,2238,4939,2306,2688
894,L1ME3G,4928,10010,4927,9188
895,Tigger1a_Art,17,62,96,154
896,MER57F,87,149,86,90
897,MER57D,8,163,56,4
898,MER47C,276,267,156,164
899,MER47B,171,240,188,355
900,MER47A,1180,2060,1219,1899
901,SVA_D,228,300,185,850
902,SVA_E,79,183,174,257
903,D20S16,35,16,48,28
904,MER30B,32,116,58,74
905,SVA_A,341,495,370,1106
906,SVA_B,208,245,142,234
907,FAM,1072,1128,1257,1977
908,MER89-int,80,135,102,116
909,MER90a,419,462,296,565
910,MER97a,59,88,51,64
911,tRNA-Thr-ACY_,0,8,20,0
912,MLT1F-int,176,307,223,321
913,MER34C_,45,92,40,213
914,Tigger14a,514,642,413,754
915,MSTD-int,264,538,282,380
916,Charlie22a,398,549,237,190
917,L1MC4a,3951,7935,5170,6501
918,Helitron2Na_Mam,317,200,533,810
919,Ricksha_a,0,4,36,63
920,LFSINE_Vert,1065,1265,1056,2509
921,L1MDb,427,290,310,536
922,L1MDa,1687,3637,2016,1940
923,UCON38,40,17,0,8
924,7SLRNA,79102,77008,122097,249451
925,MER6B,268,294,278,382
926,LOR1-int,765,1381,783,720
927,LTR72,36,68,39,87
928,UCON37,12,0,24,55
929,HERVP71A-int,210,386,255,259
930,L1P3b,1,7,1,100
931,LTR73,57,94,68,90
932,HERV35I-int,127,272,96,146
933,MER68,804,1130,901,1059
934,LTR108d_Mam,0,0,0,0
935,MamGypsy2-I,192,348,286,541
936,tRNA-Tyr-TAT,0,0,0,0
937,MER110-int,20,71,42,56
938,Tigger2a,1238,1621,1023,923
939,MLT1C-int,184,395,235,324
940,HY1,215,322,589,692
941,HY3,191,234,195,333
942,HY4,24,124,21,202
943,HY5,44,16,100,272
944,MamRep605,1179,1775,1263,2043
945,tRNA-Thr-ACY,0,8,32,0
946,MER87,0,24,12,55
947,MER89,113,280,214,408
948,HUERS-P3b-int,356,1081,431,829
949,MER133B,0,0,4,0
950,HERV9N-int,157,104,122,233
951,MER133A,0,8,0,0
952,Eulor5A,0,12,8,55
953,5S,770,712,3376,8442
954,Eulor5B,4,8,0,0
955,LTR19B,136,289,69,251
956,LTR19C,48,52,135,96
957,LTR19A,445,410,592,575
958,MLT1J2,953,1488,1142,1272
959,MamRep564,136,243,124,216
960,UCON28c,4,39,0,0
961,MLT1J1,658,878,803,1210
962,UCON34,88,84,126,62
963,LTR2C,90,134,94,207
964,LTR2B,91,123,132,70
965,HAL1M8,857,1749,1080,1080
966,AluYi6,67,64,113,132
967,MSR1,77,125,113,358
968,Tigger8,317,468,264,530
969,LTR49-int,266,868,314,410
970,MER31-int,202,793,230,465
971,Tigger1,8550,14418,10221,13021
972,tRNA-Ala-GCY_,0,0,12,0
973,Kanga1d,32,181,108,175
974,Tigger2,1740,2855,1819,2101
975,Kanga1b,28,175,114,246
976,Kanga1c,158,264,243,210
977,Tigger7,1465,1997,1759,2407
978,Kanga1a,232,282,182,250
979,L1M3b,55,154,84,15
980,UCON71,16,8,28,0
981,LTR10A,167,141,114,318
982,tRNA-Asp-GAY,20,8,0,32
983,LTR10C,222,506,225,370
984,LTR10B,15,13,6,0
985,LTR10E,95,140,44,36
986,LTR10D,44,108,60,48
987,LTR10G,36,21,0,16
988,AluY,9408,10895,9266,15444
989,SATR2,117,212,33,278
990,LTR16D1,20,88,69,123
991,LTR16D2,22,53,37,185
992,L1M3a,182,211,286,472
993,MER57B1,111,239,223,423
994,UCON85,0,0,0,0
995,L2-1_AMi,353,395,319,721
996,MER57B2,214,367,195,251
997,MamSINE1,2978,3698,3393,5827
998,UCON11,0,0,0,0
999,Tigger3a,1511,2614,1608,2742
1000,HERVL40-int,375,536,575,926
1001,MER53,716,1058,551,1179
1002,MER50,224,495,299,574
1003,MER52-int,44,62,19,124
1004,UCON76,0,0,0,0
1005,Penelope1_Vert,272,572,558,807
1006,MER87B,56,60,99,136
1007,MamRep434,728,1203,591,919
1008,HERVFH19-int,56,138,17,32
1009,L2-3_Crp,502,847,495,1304
1010,HERVK14C-int,6,21,8,0
1011,HAL1ME,1784,3451,1724,2723
1012,LTR28,8,56,36,29
1013,MLT1A1-int,139,300,247,159
1014,FLAM_C,3543,4810,3561,5074
1015,LTR81AB,15,0,20,0
1016,FLAM_A,2138,2998,2325,3215
1017,L1M6B,222,570,166,216
1018,MER121,16,148,32,116
1019,LTR37B,365,506,343,337
1020,LTR23,119,175,172,264
1021,LTR22,40,31,40,0
1022,LTR25,82,52,65,75
1023,LTR12,93,308,212,307
1024,LTR27,59,32,26,73
1025,LTR26,74,140,170,124
1026,LTR7A,15,15,3,9
1027,tRNA-Thr-ACG_,0,0,0,0
1028,LTR6A,159,180,112,403
1029,LTR37A,200,358,185,120
1030,L1ME3Cz,3115,5560,3406,4005
1031,MER92D,79,80,68,168
1032,MER4E1,197,359,310,179
1033,MLT1O,612,1220,891,1167
1034,U8,0,0,4,0
1035,U5,28,78,8,126
1036,MER125,4,4,0,90
1037,U7,60,136,71,16
1038,HAL1b,1135,1802,969,1160
1039,U1,187,243,417,902
1040,U3,6043,6576,13817,27995
1041,LTR24,107,156,103,209
1042,MLT2B1,331,639,407,857
1043,MER1A,1284,1468,1479,2043
1044,MER57A1,171,372,248,297
1045,MER127,40,24,60,24
1046,MLT1A0-int,228,324,308,509
1047,LTR86A1,131,161,206,157
1048,LTR86A2,43,86,64,91
1049,MER126,48,100,90,14
1050,tRNA-Arg-CGA_,0,0,0,0
1051,MER9a1,59,79,61,28
1052,Charlie16a,636,794,732,952
1053,MER9a3,150,280,217,696
1054,MER63A,500,735,505,754
1055,MER63C,102,122,169,58
1056,MER51C,49,66,28,94
1057,MER63D,210,473,341,338
1058,MLT2C1,379,658,382,335
1059,UCON97,0,20,4,68
1060,MLT2B5,68,24,16,20
1061,MLT-int,48,135,156,183
1062,MLT2B4,470,971,681,1088
1063,AluSq4,476,411,404,436
1064,AluSq2,7630,9305,8432,12865
1065,MLT1F1-int,92,224,36,107
1066,MER94B,88,102,28,48
1067,Tigger20a,473,657,241,422
1068,U2,632,724,690,1700
1069,Charlie7a,283,614,341,416
1070,MER45A,416,662,419,418
1071,UCON15,0,0,0,0
1072,MLT1E1A-int,16,55,76,104
1073,MERX,123,188,84,71
1074,HERVIP10B3-int,672,624,1052,990
1075,MER34C2,120,204,198,86
1076,Charlie26a,64,223,112,403
1077,Cheshire,423,974,572,747
1078,L1ME2,4276,7939,4255,5896
1079,MER75B,0,20,1,31
1080,Charlie30a,298,517,301,390
1081,LTR7Y,141,205,241,443
1082,MSTD,1943,2353,1496,2285
1083,LTR1F2,64,136,134,108
1084,LTR1F1,4,86,61,0
1085,tRNA-Val-GTG,32,20,20,0
1086,HERVK9-int,401,578,362,681
1087,tRNA-Ser-AGY,0,4,0,0
1088,HERVIP10F-int,303,458,227,314
1089,HERV3-int,273,643,411,806
1090,U17,3330,3757,4335,10118
1091,MER92A,20,12,4,92
1092,UCON100,0,0,0,0
1093,MER70-int,94,160,219,270
1094,CR1-11_Crp,12,0,27,0
1095,UCON74,36,64,83,56
1096,AluJb,20383,27412,23328,34804
1097,AluSc5,707,776,745,1376
1098,SATR1,7,49,40,5
1099,AluSc8,2565,3149,2871,4630
1100,L1PA10,2316,4014,2224,2987
1101,L1PA13,2082,4531,2684,4241
1102,L1PA12,855,1482,984,1332
1103,AluJo,12886,16448,14234,22034
1104,L1PA14,700,1895,986,1689
1105,AluYh3a3,69,98,128,68
1106,L1PA16,3798,6898,4424,5191
1107,HERVFH21-int,4,91,85,47
1108,L1MC,1302,2697,1538,1631
1109,UCON65,0,0,0,0
1110,UCON64,0,40,16,0
1111,UCON63,0,4,0,0
1112,LTR43,45,66,34,39
1113,L1MD,2612,4489,2724,4165
1114,MLT1J,3352,4945,3730,5140
1115,MLT1N2,665,1124,954,934
1116,UCON28a,0,16,0,8
1117,UCON28b,0,0,47,4
1118,LSU-rRNA_Hsa,4750,5544,8903,30103
1119,MLT1H2-int,47,116,55,0
1120,HERVL18-int,307,545,202,611
1121,tRNA-Phe-TTY,4,24,8,0
1122,tRNA-Thr-ACA,0,0,12,0
1123,MSTB2-int,11,39,34,4
1124,MamRep137,569,1584,949,1343
1125,MER66B,490,576,212,533
1126,MER83,138,257,162,79
1127,MER91A,510,771,722,1407
1128,MIR1_Amn,2892,4217,3115,5016
1129,MER45R,8,76,11,0
1130,MER4D0,76,247,76,56
1131,BLACKJACK,388,824,342,440
1132,MLT1A1,1236,1901,1231,2498
1133,MLT1A0,3815,6211,4255,7161
1134,L2-3_AMi,0,0,0,0
1135,HERVL-int,1102,2148,1645,3059
1136,MER91C,290,414,345,337
1137,L1MA5,1306,2938,1458,2740
1138,MLT1N2-int,0,28,36,71
1139,U6,303,488,345,559
1140,X7B_LINE,75,281,87,43
1141,L1M2a,824,1316,845,1849
1142,MamRep1879,227,296,188,452
1143,L1M2c,271,465,292,357
1144,L1M2b,64,111,72,32
1145,CR1-8_Crp,0,0,0,0
1146,LTR22A,53,51,82,92
1147,HERV-Fc1-int,8,16,0,6
1148,AluSz6,7197,9302,7980,11739
1149,L1PA8A,711,1908,1216,1224
1150,MER68B,192,252,158,314
1151,MER68C,24,32,28,0
1152,MER83C,16,12,0,88
1153,MER50C,20,84,106,133
1154,AluYd8,31,30,14,20
1155,MER52A,465,1079,841,1529
1156,tRNA-Trp-TGG,0,8,0,56
1157,MER52C,147,166,110,174
1158,L1M2,2264,4438,2313,3992
1159,L1M3,1131,2185,1146,1494
1160,L2c,49806,75674,55160,83750
1161,L1M1,2177,4999,2611,3601
1162,L1M6,957,1270,827,1016
1163,L1M7,682,1085,783,916
1164,L1M4,5468,10615,6358,7702
1165,L1M5,10835,20794,10986,14102
1166,MLT1G,467,691,814,1516
1167,MLT1F,1117,1604,1282,2261
1168,L1M8,439,1094,602,695
1169,MLT1D,4951,7279,4733,8327
1170,MLT1C,4855,7374,5101,8589
1171,MLT1B,10504,11809,12667,24879
1172,MLT1A,1449,2622,1929,2293
1173,tRNA-Ser-TCA_m_,43,8,48,375
1174,MER4A1,715,885,609,1541
1175,UCON99,12,4,4,0
1176,Looper,333,487,245,304
1177,UCON92,0,0,0,0
1178,MLT1B-int,311,628,351,669
1179,LTR9B,475,521,400,399
1180,LTR9C,48,67,16,163
1181,LTR9D,112,208,169,311
1182,UCON22,16,0,16,31
1183,UCON94,0,4,0,0
1184,MADE1,306,655,431,588
1185,MADE2,446,890,622,1359
1186,AluSp,6708,7938,7334,10579
1187,AluSq,3314,3728,3339,5846
1188,PABL_A-int,151,292,197,364
1189,LTR33C,116,116,192,98
1190,tRNA-Lys-AAG,36,36,69,64
1191,AluSx,17737,20673,17551,28335
1192,AluSz,15823,18074,16220,23989
1193,Ricksha_b,19,48,17,193
1194,PABL_B,101,112,71,208
1195,Charlie20a,161,345,156,87
1196,L1MEh,536,971,581,678
1197,L1MEi,769,1709,796,1233
1198,L1MEj,529,865,369,511
1199,AluSc,5240,5931,5721,8758
1200,L1MEd,3750,8378,4033,4423
1201,tRNA-Gly-GGA,43,52,16,86
1202,Charlie23a,180,501,157,224
1203,L1MEg,2747,5800,3181,4277
1204,LTR7B,346,392,296,554
1205,L1MEa,100,97,12,0
1206,L1MEb,396,757,332,758
1207,L1MEc,4575,9738,4543,7639
1208,LTR76,145,91,136,203
1209,LTR77,15,12,16,15
1210,LTR101_Mam,187,259,271,555
1211,LTR75,145,106,121,143
1212,LTR47A,124,264,138,366
1213,AluYc3,33,110,54,106
1214,LTR70,155,139,241,190
1215,LTR47B,0,0,0,0
1216,tRNA-Glu-GAG,0,0,0,0
1217,Tigger3d,283,307,182,218
1218,Tigger3c,611,965,657,751
1219,MLT1E1A,396,1023,642,1373
1220,LTR78,754,1151,692,1434
1221,LTR79,340,732,702,897
1222,tRNA-Tyr-TAC,20,4,40,43
1223,LTR67B,625,675,444,407
1224,MSTA1-int,0,8,4,23
1225,MER113A,408,661,522,604
1226,MER113B,71,218,199,193
1227,tRNA-Glu-GAG_,40,91,325,618
1228,MamRep1527,43,207,104,234
1229,MER1B,1799,2462,2627,4586
1230,LTR1B1,12,16,16,31
1231,LTR1B0,5,0,16,135
1232,LTR37-int,180,598,361,473
1233,Harlequin-int,303,722,545,917
1234,LTR88a,27,156,87,83
1235,tRNA-Ala-GCG,0,0,12,92
1236,L1ME5,664,1434,633,1912
1237,HERV16-int,124,212,251,343
1238,L1ME1,11238,20204,12959,16795
1239,CR1-L3B_Croc,0,8,0,0
1240,L1ME3,3148,5508,3407,5376
1241,MSTC-int,16,151,24,32
1242,L1PBa1,222,448,376,382
1243,LTR43-int,3,81,23,140
1244,LTR7C,209,326,141,364
1245,tRNA-Ala-GCY,32,0,16,32
1246,L1MA5A,1024,1902,973,1468
1247,LTR5_Hs,275,370,279,498
1248,MER5A,7763,10815,8864,11558
1249,REP522,20,3,13,41
1250,AmnSINE1,1649,1937,1663,2247
1251,X7D_LINE,8,0,8,0
1252,AmnSINE2,166,286,124,419
1253,Tigger3b,2173,4160,2332,3487
1254,MSTB-int,285,589,520,566
1255,MLT1L-int,12,12,0,0
1256,L1PA3,1121,2240,1503,2121
1257,MamRep1894,28,70,94,105
1258,UCON20,0,0,0,0
1259,MER57E2,12,25,4,0
1260,MER99,75,133,56,99
1261,UCON50,0,0,0,0
1262,CRP1,0,0,0,0
1263,UCON44,0,28,46,0
1264,MLT1O-int,0,19,0,0
1265,MLT1H,1676,2759,2094,4037
1266,UCON47,87,84,40,15
