,0,S3,S6,S7,S9,S10,S16,S17,S18,S19,S20
0,MER11B,12639,11669,13104,26413,10848,8737,19432,8364,12648,14083
1,MER44B,1648,981,888,1135,854,848,978,894,872,768
2,UCON80_AMi,181,112,104,56,100,132,275,124,38,219
3,MSTA1,143,144,116,119,104,136,117,87,193,52
4,MLT1E1-int,0,0,16,0,20,0,0,0,0,0
5,UCON27,19,0,20,0,8,0,0,4,0,0
6,MER96B,425,255,216,226,151,192,371,256,386,251
7,MLT1E2-int,62,48,57,48,38,21,67,54,25,57
8,UCON29,122,27,55,71,13,52,0,20,63,40
9,Zaphod2,167,196,205,24,40,98,70,170,26,116
10,MER41E,140,131,99,129,135,64,109,109,28,85
11,MER41D,222,48,87,80,52,119,112,47,32,84
12,MER41G,20,52,24,28,0,44,39,0,36,12
13,MLT2B3,1033,557,760,923,579,531,947,633,603,760
14,LTR82B,256,131,238,216,164,225,186,178,93,178
15,UCON26,34,52,0,15,34,39,31,24,0,48
16,MER41C,181,104,127,97,65,100,47,100,150,47
17,CR1-L3A_Croc,49,38,44,36,59,16,12,20,45,26
18,L1M4a2,652,538,488,284,316,396,394,289,169,416
19,L1M4a1,1185,473,579,456,484,475,336,587,745,589
20,UCON19,0,0,0,0,0,0,0,0,0,0
21,MER96,171,135,162,119,92,52,363,151,155,108
22,MER20B,1673,1019,1118,756,826,888,1533,910,1404,1066
23,LTR82A,232,207,226,72,197,232,324,210,75,188
24,MLT1E3,555,331,287,330,282,181,389,261,382,200
25,LTR35A,36,12,16,8,28,0,0,28,0,0
26,LTR35B,24,24,32,7,20,32,84,32,32,20
27,MER95,63,72,48,57,24,50,56,56,63,48
28,MER44A,2287,1681,1735,1141,1394,1491,2392,1177,1996,1876
29,MSTB2,505,281,329,467,388,274,330,271,243,274
30,CER,96,53,48,44,29,25,120,60,111,88
31,AluYh7,5,6,6,13,11,4,8,7,3,20
32,Charlie15b,979,707,597,419,481,386,669,553,328,606
33,LTR52-int,48,0,27,39,4,24,83,28,0,27
34,Charlie15a,1622,1469,1120,484,1056,842,1245,829,759,1039
35,LTR85c,162,260,183,205,224,118,311,184,100,310
36,LTR85b,156,81,117,110,80,111,17,157,83,64
37,LTR85a,357,201,305,116,316,300,440,326,173,304
38,MER97b,4,0,8,0,20,4,0,0,0,0
39,Tigger12c,293,171,275,224,151,233,280,234,229,368
40,AluYh9,9,2,1,1,1,2,5,0,81,1
41,LTR66,76,41,44,52,17,24,56,38,25,32
42,LTR103_Mam,88,45,44,16,12,12,4,20,31,19
43,LTR61,49,92,68,24,41,75,24,53,4,73
44,tRNA-Leu-TTA_m_,117,84,182,119,84,107,63,48,32,44
45,FordPrefect_a,16,40,44,0,48,43,0,12,16,20
46,UCON67,16,4,0,0,0,0,0,0,0,12
47,LTR60,4,6,0,1,5,23,0,4,0,10
48,tRNA-Leu-CTY,0,0,0,0,0,7,0,0,0,0
49,LTR60B,40,9,6,4,28,0,55,22,16,44
50,UCON58,0,0,0,0,0,0,0,0,0,0
51,UCON59,0,0,12,0,0,0,0,12,0,4
52,UCON24,0,8,0,0,0,0,0,0,0,0
53,UCON57,12,0,0,0,0,0,0,0,0,0
54,UCON54,40,44,36,18,60,8,0,12,96,4
55,UCON55,183,111,124,72,96,70,80,132,97,52
56,UCON53,11,1,0,0,4,0,0,0,0,0
57,HERVKC4-int,32,16,12,15,49,24,54,32,8,16
58,LSAU,0,0,0,0,0,0,0,0,0,0
59,Chap1_Mam,577,406,373,339,414,382,558,358,710,494
60,LTR3,179,211,249,293,148,109,398,132,157,343
61,X5B_LINE,25,30,18,7,36,20,8,27,42,28
62,AluSg7,1397,1136,1359,995,993,807,1765,794,819,946
63,AluYi6_4d,28,27,35,39,18,22,31,18,17,17
64,LTR4,99,60,89,82,49,65,94,73,62,76
65,LTR5,47,34,57,24,34,22,162,58,37,26
66,LTR8,1373,1129,1032,926,1069,1056,1389,916,1301,1039
67,LTR9,252,126,142,137,106,142,137,159,247,162
68,UCON66,0,0,0,0,24,0,0,4,0,0
69,ORSL,190,175,191,125,141,136,189,73,62,270
70,X9_LINE,389,593,554,675,383,307,511,279,538,340
71,MER57C2,33,12,23,23,0,31,131,44,45,8
72,HERVH48-int,266,79,181,127,195,64,177,178,202,88
73,MER57C1,21,77,49,52,26,31,4,28,4,17
74,LTR13A,235,231,168,144,100,110,135,116,101,140
75,hAT-16_Crp,0,0,0,0,0,0,0,0,0,0
76,MSTB1-int,116,4,67,11,60,16,100,40,47,44
77,tRNA-Asn-AAT,0,0,0,0,0,0,0,0,0,0
78,L1PB3,2751,1579,1396,1810,1657,910,1972,1456,2278,1386
79,MER115,555,423,477,438,362,303,771,465,760,343
80,Tigger13a,1209,914,774,500,709,668,909,662,898,697
81,MER117,1462,1048,1150,1052,820,710,1770,1032,1120,1011
82,MER110,79,62,44,51,80,24,4,28,128,44
83,MER112,2018,1621,1200,664,1030,1202,1697,1015,1166,1415
84,L1PB1,6513,3434,2997,2911,2595,2603,4597,3256,3624,3264
85,MER74A,502,402,443,536,487,242,849,305,832,429
86,HERVK11D-int,14,8,0,0,0,8,0,5,22,3
87,LTR13_,46,29,45,28,27,24,26,38,77,96
88,MER119,476,393,219,241,316,327,274,275,301,375
89,MER5C1,307,116,132,245,82,95,330,143,101,184
90,PABL_A,186,107,181,73,161,165,252,151,156,77
91,LTR38,20,44,32,24,4,0,0,0,13,0
92,ALR_Alpha,1555,1440,1044,759,1028,1332,1562,1149,2672,2153
93,MamGypLTR3,40,30,21,40,79,63,64,42,16,16
94,MER65-int,216,121,60,81,33,95,57,104,69,171
95,MLT1K,4112,3149,3105,2343,2857,2330,3696,2432,2966,2934
96,LTR32,475,219,317,439,277,163,372,217,136,320
97,LTR33,1708,1139,1119,1576,1091,1049,2376,1127,1117,1087
98,L1MA10,1371,848,825,671,730,792,751,846,847,860
99,LTR31,66,52,32,8,36,16,108,20,115,16
100,AluYg6,91,29,40,43,37,56,85,40,26,34
101,LTR34,123,84,54,112,24,60,144,32,36,20
102,LTR35,94,11,32,12,16,36,0,29,137,48
103,MLT2B2,279,203,272,180,210,165,286,181,264,117
104,HERVK13-int,318,153,177,159,194,109,208,136,41,95
105,UCON25,0,0,0,0,0,14,0,0,0,4
106,Tigger17a,1727,1103,1283,864,1148,879,1442,1040,998,1365
107,L1P1,1163,628,577,504,594,538,695,613,702,582
108,L1P3,1740,995,971,597,890,783,1109,934,1049,932
109,L1P2,1575,1001,797,636,814,691,1464,786,745,733
110,L1P5,60,33,42,19,13,29,3,25,63,56
111,L1P4,1011,741,684,426,536,657,732,500,816,686
112,LTR108b_Mam,12,8,4,0,12,24,0,0,0,0
113,LTR21A,2310,2930,2826,2454,2305,1805,2788,1452,1930,1930
114,tRNA-Arg-AGA,0,8,0,0,4,4,0,0,46,4
115,LTR21C,0,0,0,0,0,0,0,0,0,0
116,LTR21B,32,16,8,12,4,0,7,8,0,8
117,LTR86B1,148,114,163,56,175,111,90,100,16,122
118,LTR86B2,38,36,39,32,9,0,48,48,154,16
119,UCON103,0,0,0,0,0,0,0,0,0,0
120,UCON101,0,0,0,0,0,0,0,0,0,0
121,L1PB,462,305,226,86,177,226,285,189,259,181
122,UCON107,35,64,8,12,12,31,52,20,16,108
123,ERV3-16A3_LTR,192,120,118,57,52,154,347,92,254,212
124,tRNA-Glu-GAA,54,21,13,107,35,14,0,6,40,5
125,LTR18A,46,32,36,4,24,51,0,32,86,16
126,LTR18C,8,20,3,0,4,12,0,1,0,0
127,LTR18B,99,60,76,68,36,87,64,48,214,100
128,ERV24_Prim-int,116,96,112,70,28,24,0,59,36,41
129,MER70C,69,4,24,24,40,8,0,4,40,8
130,LTR3B,17,0,9,3,0,19,3,7,21,0
131,LTR3A,111,68,65,100,37,132,115,68,103,76
132,MSTA,4484,2494,3070,2853,2450,1849,4034,2548,2504,2627
133,MSTB,2513,1554,1823,1780,1495,1428,2907,1756,1613,1531
134,LTR59,24,0,40,27,0,27,39,0,8,24
135,MER11D,18,5,42,23,19,11,29,15,34,38
136,LTR108a_Mam,22,16,50,0,75,16,8,16,0,4
137,GSATII,1,3,0,37,5,12,8,14,6,6
138,ERVL47-int,20,20,40,31,52,8,28,36,4,8
139,MER11C,352,232,316,93,234,186,267,167,163,253
140,MER83B,39,23,33,82,14,12,83,71,24,33
141,LTR24C,90,23,20,19,62,72,32,39,24,41
142,LTR54,189,172,187,120,143,113,252,87,228,173
143,tRNA-Pro-CCY,4,4,4,0,4,36,0,0,0,0
144,MER129,24,28,12,23,23,24,84,8,0,8
145,MER6C,52,18,21,1,12,3,16,32,0,2
146,LTR16B,181,128,68,67,152,87,200,179,133,88
147,MER6A,832,417,451,230,443,249,503,401,288,316
148,MER130,32,36,47,8,8,24,71,40,0,16
149,Tigger15a,2535,1773,1502,1100,1256,1181,1559,1598,1628,1551
150,Tigger2b_Pri,901,489,627,469,665,459,749,567,353,515
151,Kanga11a,245,174,111,143,26,93,55,116,71,157
152,MER131,590,556,416,145,353,246,324,252,357,395
153,THE1D,2209,1308,1551,1493,1441,1209,2738,1348,1382,1416
154,Ricksha_c,343,109,201,232,178,98,145,168,274,152
155,FordPrefect,434,272,163,369,258,167,620,196,228,229
156,Charlie10a,103,120,107,31,76,55,115,84,119,88
157,L1M3c,282,178,127,43,102,178,411,169,134,280
158,Charlie10b,132,52,44,19,82,36,133,32,46,76
159,L1M3f,382,256,152,223,92,211,168,263,513,196
160,L1M3d,115,88,59,56,48,116,165,108,171,116
161,L1M3e,408,224,438,410,344,303,925,418,467,376
162,LTR47B4,20,12,16,0,47,16,0,12,7,0
163,MLT2C2,175,98,150,199,82,93,279,114,116,159
164,MER92C,4,12,16,0,8,28,0,4,0,8
165,MER92B,411,392,335,225,395,260,453,210,298,266
166,CR1-13_AMi,31,32,32,4,19,12,40,16,0,4
167,MER134,0,4,0,4,0,0,0,0,0,0
168,LTR47B2,55,47,29,29,45,26,93,21,112,37
169,LTR47B3,40,8,24,84,24,36,68,11,0,16
170,LTR1A2,421,271,217,381,237,198,346,313,288,204
171,MER51A,547,457,209,158,423,334,641,151,346,306
172,MER51B,137,89,156,139,88,36,325,88,20,62
173,LTR1A1,61,48,57,24,42,27,71,75,0,46
174,MER51D,60,40,25,43,1,16,4,20,0,36
175,MER51E,36,52,20,0,67,12,84,20,75,28
176,Tigger5,294,270,246,211,206,136,255,213,164,266
177,HERV4_I-int,379,204,223,152,180,96,374,72,113,104
178,LTR86C,128,68,100,171,80,0,44,36,0,24
179,MER45C,418,148,139,374,246,192,383,277,263,265
180,MER45B,233,149,138,141,215,193,333,190,171,154
181,L3b,3718,2491,2581,2516,2278,2271,2958,1978,2546,2709
182,LTR108e_Mam,0,0,4,24,8,4,0,8,0,16
183,MER75A,48,4,8,0,12,24,0,32,4,0
184,MER83B-int,60,32,28,39,95,19,47,12,40,68
185,Tigger11a,473,435,359,197,403,776,629,423,657,772
186,Ricksha,73,8,52,54,32,0,92,28,0,15
187,MER57A-int,880,862,811,717,692,905,1920,668,1318,1167
188,HERVL66-int,53,54,78,110,48,75,48,87,27,8
189,L1MA1,2009,1411,1128,784,959,1018,2092,1073,1325,1398
190,L1MA2,3936,1816,1731,1665,1714,1359,2881,1853,2457,1734
191,L1MA3,5306,2863,2807,2308,2502,2158,3875,2609,3456,2542
192,L1MA4,4705,2820,2388,1754,2399,1861,3523,2274,2484,2291
193,AluYc,520,311,425,375,244,320,418,305,238,288
194,L1MA6,2242,1384,1136,989,999,879,1233,1094,898,1021
195,L1MA7,2867,1920,1579,1150,1701,1344,2047,1594,2084,1392
196,Charlie29a,773,614,425,407,265,312,379,412,576,385
197,L1MA9,4762,3208,2577,1918,2334,2307,4007,2823,2765,2791
198,MER4D1,556,340,440,138,346,328,586,360,305,173
199,THE1C-int,1167,540,606,600,574,467,1309,613,479,520
200,UCON16,0,0,0,4,0,0,0,0,0,4
201,tRNA-Leu-TTG,0,0,0,0,0,0,0,4,0,4
202,tRNA-Gln-CAA,32,0,12,0,4,8,59,8,0,28
203,ERVL-int,375,299,258,184,203,114,430,219,127,190
204,tRNA-Leu-TTA,0,0,0,0,0,0,0,0,0,0
205,tRNA-Gln-CAG,4,0,4,0,0,0,0,4,0,12
206,_GAATG_n,36,44,14,7,3,0,1,1,32,16
207,MLT1G-int,167,126,60,101,104,68,47,136,132,108
208,MER2B,1029,796,893,732,537,692,1110,509,725,794
209,UCON12,0,0,4,0,0,0,0,0,0,0
210,MER30,1999,1144,1052,1027,990,1030,1418,913,1231,1109
211,SSU-rRNA_Hsa,9697,11505,4169,10236,14101,10100,19290,4261,13866,4119
212,Charlie19a,619,432,491,267,422,301,441,374,435,440
213,MLT1-int,79,7,49,138,17,44,56,33,26,30
214,UCON17,8,0,0,0,0,0,0,4,0,0
215,UCON14,4,0,0,0,8,16,0,8,100,0
216,MLT1E2,1289,832,927,1019,776,799,1133,855,1077,832
217,MER21-int,499,273,240,304,296,364,400,394,257,238
218,UCON18,0,0,0,0,0,0,0,0,0,0
219,MIR,54353,37370,38670,32531,34837,30837,55102,32353,34552,33920
220,_CATTC_n,1,0,1,3,0,0,0,0,4,1
221,MLT1E1,177,117,194,130,94,148,421,128,32,66
222,MER92-int,268,247,159,55,73,138,219,85,112,87
223,tRNA-Asn-AAC,1,7,0,0,16,7,0,0,0,7
224,THE1A-int,1713,1424,1532,1308,1301,1340,2562,1604,1240,1561
225,tRNA-Val-GTA,0,0,0,0,0,0,0,0,0,0
226,LTR72B,28,0,4,24,4,0,75,28,4,24
227,Charlie4z,3025,2247,2754,2069,2229,2318,2961,1679,2114,2160
228,Tigger1a_Mars,8,0,0,20,0,4,0,0,0,0
229,MLT1F2,1799,1176,1362,1099,1286,842,1521,1071,1086,1093
230,Charlie4a,1411,1481,703,572,794,803,509,816,783,962
231,MLT1F1,1109,727,827,780,668,902,973,672,704,812
232,tRNA-Cys-TGY,15,4,4,24,0,4,0,0,0,0
233,tRNA-Gln-CAA_,15,6,31,1,2,6,29,12,0,0
234,ERVL-E-int,2192,1449,1378,1356,1205,990,1971,1464,1803,1236
235,X2_LINE,48,20,8,4,0,28,4,28,0,8
236,X7A_LINE,323,165,183,70,79,127,189,129,154,84
237,UCON8,48,32,70,0,52,0,64,32,103,24
238,MER50-int,173,68,78,95,80,88,365,56,56,71
239,LTR54B,297,200,235,305,168,254,325,188,369,301
240,MamRep488,68,63,68,16,40,52,0,40,76,36
241,MER84-int,11,0,23,6,21,9,10,11,6,10
242,LTR102_Mam,116,107,84,47,104,28,229,94,171,52
243,PABL_B-int,274,272,299,115,144,257,677,164,306,249
244,MER41-int,1107,600,620,347,395,377,615,524,695,335
245,Eulor6C,0,0,0,0,0,0,8,0,0,0
246,L1MA4A,4176,2393,1935,1526,1730,1738,2507,2293,2410,2396
247,HERVIP10FH-int,331,196,319,150,278,219,359,198,345,149
248,tRNA-Met_,4,0,0,0,0,0,0,0,0,0
249,MER67D,87,54,40,34,94,22,4,45,52,34
250,MLT1H1,694,572,560,613,489,354,466,412,761,502
251,AluYh3,270,218,306,98,286,254,221,148,211,173
252,AluYk4,222,133,184,105,123,136,265,65,79,80
253,AluYk2,152,120,101,99,67,77,129,72,60,75
254,AluYk3,123,129,127,100,94,94,114,84,137,96
255,LTR27B,45,40,88,62,70,16,136,44,0,20
256,MER8,972,712,723,857,696,598,765,730,814,817
257,tRNA-Leu-CTA,0,0,0,0,0,0,0,0,0,0
258,MSTC,1136,640,557,613,673,417,997,731,955,686
259,LTR2752,92,28,68,115,106,56,121,48,16,80
260,UCON39,158,220,172,251,139,96,71,52,40,180
261,LTR39-int,32,32,20,0,20,20,15,0,0,0
262,HSAT5,85,30,50,60,26,26,222,59,34,36
263,HSAT4,349,215,136,336,349,225,451,554,286,112
264,LTR22B1,148,58,84,14,166,84,177,95,118,60
265,L1ME3E,2352,1472,1202,1019,1045,983,1797,1106,1293,1354
266,UCON89,12,32,20,0,12,16,0,8,0,12
267,LTR46-int,331,203,401,189,209,84,459,171,159,172
268,tRNA-Thr-ACG,0,4,0,0,0,0,0,4,0,4
269,L1P4b,0,0,0,14,1,2,0,6,3,16
270,Zaphod3,191,48,135,76,124,75,190,84,51,71
271,L1PBa,1195,543,607,491,570,481,870,585,678,606
272,MamRTE1,8618,7775,8696,6587,6438,7046,9749,5423,7150,9216
273,UCON80,1,32,12,30,0,13,0,18,49,18
274,UCON83,0,0,0,0,0,0,0,0,0,0
275,LTR16D,144,66,132,138,135,68,32,112,159,52
276,LTR16C,1224,888,860,1083,787,917,1651,823,945,742
277,L1PBb,161,80,125,179,36,20,146,108,235,77
278,LTR16A,685,508,521,359,465,336,852,362,573,456
279,UCON86,19,27,0,23,20,36,35,12,0,20
280,LTR16B2,243,152,147,238,172,104,327,116,184,147
281,SAR,4,0,0,0,0,20,0,0,20,0
282,MARNA,2477,2129,2253,1551,1430,1123,2260,1460,1619,1923
283,LTR16B1,210,189,252,138,138,111,142,88,76,96
284,LTR9A1,123,143,76,83,76,47,51,91,24,45
285,MER58D,1066,1064,810,651,1183,775,524,631,572,811
286,MER58C,1260,1032,984,586,845,687,623,767,986,1121
287,MER58B,3206,2505,2311,1628,2154,1876,3284,1913,1753,1982
288,MER58A,5887,4270,4596,2993,3321,4256,5565,3704,4984,5381
289,MamGypLTR2c,119,116,76,55,44,51,279,112,146,84
290,HSATI,4,0,0,0,0,0,0,0,0,2
291,Charlie3,241,151,234,257,103,203,111,279,190,150
292,Charlie1,1328,1243,994,682,950,866,1166,729,956,1256
293,Charlie6,221,161,173,118,57,128,192,59,66,332
294,Charlie7,1351,914,816,691,725,545,1077,711,629,714
295,Charlie4,29,28,52,0,20,16,3,33,60,64
296,Charlie5,722,545,530,285,569,490,379,468,419,593
297,MER39B,620,371,502,358,302,316,310,327,538,623
298,Charlie8,1332,1165,809,517,1018,1077,1339,1003,1292,1292
299,L1MC5,10493,6882,6806,4231,5251,5592,8112,5537,6081,6575
300,MER101-int,758,631,489,410,500,514,670,435,611,735
301,HSMAR1,1316,1332,1363,688,850,901,1436,631,902,1472
302,LTR42,117,125,160,125,68,107,251,116,119,168
303,LTR41,1034,1022,997,628,836,783,971,535,955,611
304,HSMAR2,960,842,699,635,570,595,751,634,1043,869
305,LTR46,216,221,189,104,161,92,46,105,78,136
306,LTR45,28,28,16,20,0,8,0,24,4,40
307,LTR44,59,71,32,74,40,0,125,7,91,31
308,Tigger19a,1734,1273,1150,926,1109,946,1651,1133,1369,1334
309,LTR49,354,242,292,186,177,46,132,196,216,168
310,LTR48,238,224,239,61,138,171,189,288,393,168
311,AluYb9,51,47,30,51,29,86,17,34,62,41
312,AluYb8,256,170,194,145,149,176,248,155,189,307
313,LTR38C,24,9,48,9,40,65,132,12,52,13
314,LTR38B,31,36,12,24,116,0,46,52,119,4
315,tRNA-Leu-CTG,0,0,12,0,0,0,0,0,0,0
316,Tigger4a,1582,1276,1088,740,1086,794,1129,993,787,1153
317,LTR26B,71,51,28,4,48,60,121,52,64,27
318,Alu,495,383,497,342,366,386,827,324,529,348
319,LTR26D,31,0,24,56,24,28,0,29,40,8
320,LTR26E,76,37,54,143,48,32,7,40,137,28
321,MER9a2,150,61,102,96,104,42,93,82,100,74
322,HERV15-int,57,55,68,37,48,44,66,40,108,15
323,L1MB8,13070,9087,8699,5078,7212,6831,11158,7456,7497,7817
324,UCON69,0,0,0,0,0,0,0,0,0,0
325,Charlie14a,683,589,548,348,584,536,755,367,322,569
326,HERV-Fc2-int,0,0,0,0,0,0,0,0,0,0
327,L1MB1,1759,1115,1064,785,846,766,1267,1116,1281,1208
328,L1MB3,11202,7321,7366,4787,6895,5599,9858,6724,6684,6075
329,L1MB2,6918,4525,3959,2856,3778,4001,5188,3821,4394,4278
330,L1MB5,6068,4237,3828,2788,3632,2853,4771,3604,3371,3596
331,L1MB4,7105,4355,4184,2843,3903,3554,5529,3559,4441,3989
332,AluJr4,4432,3079,3275,2253,2263,2793,3753,2810,2120,2737
333,L1P4a,185,147,35,67,153,25,114,67,52,60
334,UCON4,114,75,44,16,44,104,48,47,107,83
335,UCON71_Crp,193,181,175,133,99,81,142,99,63,91
336,MamRep4096,210,156,252,234,203,83,134,163,151,84
337,MER135,224,252,175,140,157,136,182,63,198,120
338,THE1-int,175,136,120,225,53,43,66,100,208,39
339,HERVS71-int,442,312,463,293,318,383,744,336,361,419
340,HSAT6,0,0,0,0,0,0,0,0,0,0
341,HERVK11-int,224,128,135,81,87,57,186,79,36,61
342,ACRO1,6,3,8,8,0,3,55,3,0,12
343,LTR90A,137,61,76,0,80,21,74,51,14,68
344,UCON35,0,0,16,0,0,0,0,4,0,12
345,LTR90B,36,104,52,0,80,17,138,40,52,72
346,LTR27E,84,68,68,200,124,27,191,76,59,48
347,MER65B,31,24,13,16,0,0,0,11,9,20
348,MER65A,253,241,231,210,172,214,204,150,227,153
349,UCON88,0,0,4,0,0,16,0,0,0,0
350,HERVK3-int,593,683,747,401,460,430,988,554,637,624
351,L1ME2z,4200,2695,2538,1588,1862,2161,3005,2466,2509,2467
352,L1PA11,2334,1509,1366,1057,1247,1167,2180,1357,1171,1109
353,OldhAT1,4138,4102,3642,3591,3353,2896,4625,2599,3807,3652
354,LTR91,39,16,8,0,31,0,0,52,0,36
355,Charlie1a,3889,2611,2261,1383,2000,1879,2381,2035,2359,2166
356,Charlie1b,1775,1362,1258,583,880,967,1545,916,773,1028
357,PRIMA41-int,128,87,80,40,50,48,46,32,20,64
358,LTR26C,60,54,34,33,35,12,31,38,0,41
359,LTR27D,29,8,4,19,0,0,0,15,0,0
360,SST1,44,51,86,46,50,34,107,45,25,61
361,MER54A,228,101,107,72,99,66,135,123,258,128
362,MER103C,3631,2710,2491,2709,2957,2050,4362,2245,3675,1971
363,MER51-int,321,173,337,248,151,188,266,199,358,229
364,MER67C,356,191,211,88,139,162,167,80,73,352
365,L1PA15,4265,1992,2221,1746,2007,1868,3804,2335,2105,2686
366,SVA_C,187,101,141,174,153,106,234,109,106,71
367,AluYm1,610,599,504,364,420,406,658,372,519,467
368,UCON81,8,0,12,0,0,20,56,0,0,0
369,LTR1D1,175,116,88,112,107,84,145,37,117,44
370,L1PA17,1866,1088,914,757,933,887,1470,928,908,971
371,ERV3-16A3_I-int,1469,1039,993,1101,755,675,1163,769,826,944
372,MER34A1,258,259,281,93,140,186,601,167,56,391
373,Tigger16a,872,577,427,263,524,355,564,396,233,581
374,THE1B-int,2767,1379,1569,1287,1884,1155,3164,1865,1393,1341
375,Tigger9a,427,281,244,173,188,201,159,167,163,269
376,Tigger9b,376,174,294,161,250,96,470,132,143,254
377,LTR27C,146,87,87,79,95,72,56,80,106,89
378,Charlie18a,1417,1117,1119,636,764,969,918,761,861,1713
379,MLT2F,419,210,422,314,355,210,794,286,257,386
380,AluSq10,316,293,274,178,308,274,324,290,174,182
381,AluJr,18938,15552,14856,10314,11312,12333,17585,11265,12859,12608
382,Charlie10,354,280,188,119,147,221,106,355,252,179
383,Charlie11,32,12,68,52,27,16,4,27,12,20
384,Charlie12,28,16,8,24,56,16,0,20,28,16
385,UCON21,8,0,0,0,0,0,24,0,0,0
386,L1MEg1,365,229,189,97,92,171,166,180,79,184
387,L1MEg2,140,120,204,145,279,93,321,192,178,248
388,Charlie17,498,568,277,184,268,309,571,297,371,517
389,MER110A,47,56,61,75,32,52,0,56,71,108
390,UCON56,0,0,0,0,0,0,0,0,0,0
391,UCON82,4,0,0,15,4,0,0,0,0,8
392,HERVE-int,427,214,287,133,211,118,180,173,213,103
393,MLT1L,3048,2070,2382,1753,1709,1751,2564,1918,2068,2407
394,UCON87,0,0,0,0,0,0,0,0,0,0
395,MLT1H1-int,44,39,51,34,54,11,32,27,87,4
396,tRNA-Ala-GCA,16,0,12,27,24,0,0,0,0,8
397,HUERS-P2-int,65,20,46,12,32,27,113,52,44,23
398,UCON62,0,0,0,0,0,0,0,0,0,16
399,MLT1E3-int,66,28,25,8,18,4,16,30,52,25
400,L2a,92652,60812,65849,59699,55704,51867,95213,57440,59853,57147
401,Kanga1,147,176,120,106,124,172,179,124,55,92
402,MamGyp-int,391,322,423,165,236,292,304,227,335,271
403,CR1-3_Croc,505,364,337,170,386,227,483,358,202,306
404,LTR22E,196,172,122,87,66,116,235,64,176,151
405,MER76-int,94,56,80,16,24,48,83,40,60,56
406,UCON60,11,0,4,0,0,23,0,8,0,20
407,ERVL-B4-int,1479,928,1170,936,1022,657,1271,1117,967,843
408,LTR22B,66,58,55,69,0,57,12,34,128,53
409,LTR22C,13,3,12,5,0,1,4,0,0,4
410,MER81,381,210,372,483,419,214,468,247,244,231
411,MLT1H2,2368,2027,2665,2718,2572,2747,4333,1712,2967,2327
412,UCON23,35,8,16,0,56,0,28,4,12,16
413,MST-int,213,128,152,263,163,157,206,112,112,164
414,UCON12A,0,0,0,0,0,0,0,0,0,0
415,UCON31,0,12,0,0,0,0,0,0,0,0
416,UCON51,0,0,12,0,0,0,0,0,0,0
417,CR1-16_AMi,96,39,80,72,36,119,43,60,16,48
418,L4_A_Mam,2458,1227,1155,860,1036,1039,1609,1081,1530,1042
419,HERVH-int,6410,4469,4503,3296,3462,4280,6132,2976,2088,4010
420,AluSg4,1200,991,979,766,754,905,1282,740,784,846
421,LTR23-int,76,12,16,24,0,16,0,0,0,2
422,LTR88c,85,63,24,0,53,56,118,36,0,50
423,MamTip1,188,151,88,187,76,100,155,115,115,215
424,UCON48,4,0,8,12,0,16,0,4,0,0
425,MamTip3,128,170,99,52,140,16,64,112,142,155
426,MamTip2,1857,1225,1381,1312,987,907,2294,884,1205,1501
427,THE1C,1804,1287,1256,1226,1288,1091,1901,1388,1158,1177
428,THE1B,4038,2709,2770,2209,2241,2150,4513,2583,2570,2672
429,THE1A,1582,1328,1172,1549,1103,1136,2507,1248,1321,1297
430,UCON46,0,0,0,12,0,0,0,0,0,0
431,UCON41,0,0,4,0,0,0,55,0,0,0
432,UCON40,233,228,91,24,74,82,140,72,112,176
433,UCON43,0,4,0,16,0,0,8,4,0,0
434,MER84,158,139,48,128,107,96,79,92,63,80
435,MER4CL34,156,183,96,133,76,96,230,32,180,128
436,LTR1,53,13,28,100,44,0,64,48,48,53
437,MamRep1161,0,8,0,0,0,0,44,8,0,0
438,HERV1_I-int,172,36,68,58,51,43,164,68,84,80
439,LTR53B,31,4,24,32,0,11,0,24,0,16
440,UCON68,0,0,0,0,0,0,0,0,0,0
441,Eulor2A,0,28,16,0,4,12,0,8,0,32
442,Eulor2B,100,76,47,0,36,32,48,64,0,76
443,Eulor2C,8,0,0,0,0,0,0,0,0,0
444,L1M4c,2736,1926,1570,729,1532,1580,1603,1506,2235,1910
445,L1M4b,1908,1277,1178,658,780,879,1474,1015,1397,1137
446,LTR109A2,0,0,0,0,0,0,0,0,0,0
447,Plat_L3,1146,863,882,619,760,747,1322,715,1184,786
448,tRNA-Pro-CCA,0,0,0,0,0,0,0,0,0,0
449,tRNA-Pro-CCG,0,0,0,0,0,0,0,0,0,0
450,X6A_LINE,636,482,473,1005,435,293,640,396,452,516
451,LTR06,49,16,44,8,20,8,0,4,24,28
452,MER101,89,20,76,63,8,76,71,80,109,68
453,HERVL32-int,52,8,4,12,16,0,0,16,139,4
454,L1PREC2,3793,2408,2404,1904,2046,1824,2688,2038,1916,2287
455,MamGypLTR2b,63,52,68,103,80,63,4,20,43,12
456,MER105,442,184,281,212,183,164,460,306,209,296
457,MER104,1103,710,572,441,629,470,737,487,369,614
458,MamGypLTR3a,147,108,114,122,69,87,316,103,155,60
459,MER67B,181,184,118,119,126,207,36,155,64,109
460,U13_,164,80,93,32,119,39,167,29,72,65
461,tRNA-His-CAY_,11,13,1,46,1,6,1,11,10,12
462,HERVK-int,308,178,124,79,78,127,300,140,357,200
463,AluYf1,288,225,210,142,162,169,242,149,148,212
464,AluSx4,2041,1432,1591,1515,1562,1208,1923,952,1256,1493
465,LTR38A1,28,4,4,44,0,0,12,16,0,0
466,AluSx1,18362,14730,14302,12483,11371,13060,21714,10869,11796,13484
467,AluSx3,5984,5074,4950,4182,3945,4559,5948,3666,3539,4264
468,L1HS,742,437,441,333,470,317,553,416,530,408
469,L5,210,161,163,118,156,112,153,116,44,210
470,MER21C,3778,2444,2444,1957,1833,1847,3767,2733,2593,2203
471,MER21B,2057,1379,1658,1575,1121,1205,1778,1236,1228,1358
472,MER21A,1258,982,922,982,666,819,1307,649,743,859
473,tRNA-Ser-TCG,0,0,0,0,0,0,0,0,0,0
474,L2,32014,20018,20622,18536,18235,16556,34131,19367,21427,19090
475,MIR3,29155,22948,23891,19377,19818,20739,36113,19914,22685,24383
476,L3,23028,16959,17010,15538,15047,13607,24249,14509,17248,16832
477,Charlie21a,665,516,510,402,508,610,424,350,417,419
478,ERV24B_Prim-int,138,60,84,98,90,32,118,71,39,112
479,Chompy-6_Croc,0,0,0,0,0,0,0,0,0,0
480,MER68-int,161,78,72,46,96,56,137,85,55,108
481,L1M2a1,16,32,4,0,32,11,111,24,64,32
482,MER88,48,28,20,0,63,0,0,12,0,0
483,LTR75_1,26,0,15,87,28,30,142,0,0,4
484,MER57E1,123,50,81,55,28,19,82,51,67,30
485,MER4A1_,284,197,354,200,263,195,676,310,426,350
486,MER57E3,332,259,306,125,208,172,204,175,344,236
487,HERVK14-int,242,130,163,56,78,87,118,88,202,95
488,GSATX,12,4,21,0,0,0,0,8,0,0
489,tRNA-Ser-TCA,0,0,0,0,0,0,0,0,0,0
490,MER85,293,275,309,168,263,333,211,200,285,186
491,LTR16A2,279,279,187,242,196,75,142,105,286,244
492,LTR16A1,648,386,608,490,387,353,882,409,380,425
493,LTR19-int,236,188,136,110,147,148,391,156,189,91
494,LTR71A,111,43,72,112,88,39,80,75,22,80
495,LTR71B,124,21,80,87,98,55,144,52,30,6
496,Charlie9,465,579,461,369,258,282,660,257,361,479
497,MLT1J-int,504,262,200,122,140,211,285,211,112,174
498,MER61C,110,40,80,18,32,6,20,71,67,57
499,MER61B,80,84,72,79,52,67,44,59,124,100
500,MER61A,86,72,95,77,63,71,58,72,48,124
501,Tigger5b,923,780,806,591,421,634,877,656,739,660
502,MER61F,65,12,27,16,16,12,137,20,4,8
503,MER61E,306,212,216,144,179,82,16,68,179,104
504,MER61D,24,36,29,72,106,0,120,36,103,36
505,MER136,0,0,0,15,12,30,0,0,0,0
506,MER75,278,140,129,63,141,82,107,72,75,123
507,MER76,158,114,117,94,111,47,157,100,125,165
508,MER77,967,763,791,820,447,675,1098,793,890,944
509,MER72,201,102,102,321,110,182,125,113,111,127
510,MER73,62,32,40,26,40,6,32,100,85,32
511,L1MC5a,11463,8678,7656,4600,6157,6579,9098,6445,7228,7528
512,UCON33,44,8,8,0,12,4,0,12,44,0
513,Helitron1Na_Mam,88,28,16,12,16,8,103,39,0,12
514,LTR12C,1194,821,889,1091,947,696,1849,733,858,662
515,LTR12B,15,43,81,47,41,21,10,54,14,37
516,MER61-int,497,324,301,244,255,269,370,457,358,459
517,tRNA-Ile-ATA,28,20,0,66,27,4,32,16,0,35
518,LTR12F,112,78,126,95,42,118,10,147,146,105
519,LTR12E,165,91,112,82,68,91,239,119,147,111
520,LTR12D,110,50,145,114,81,103,132,62,151,82
521,tRNA-Met,4,36,28,0,4,0,0,0,0,16
522,HERV30-int,51,8,16,2,8,21,12,13,60,12
523,tRNA-Ser-TCY,0,0,12,0,0,0,0,8,0,0
524,U13,62,44,84,161,84,28,43,53,99,26
525,LTR47A2,124,96,188,56,78,60,135,44,86,224
526,LTR40a,475,217,339,380,419,269,512,282,137,248
527,LTR40b,469,258,340,232,328,213,603,323,76,217
528,LTR33A_,348,192,156,136,168,144,366,231,148,173
529,LTR12_,111,92,105,68,54,102,95,79,25,100
530,UCON96,0,0,0,0,0,4,4,0,0,0
531,MLT1M-int,0,0,0,0,0,0,0,0,0,0
532,Eulor9A,72,72,0,0,24,32,24,40,4,4
533,MamGypsy2-LTR,76,43,100,0,84,64,104,64,15,83
534,Eulor9C,10,0,0,0,0,0,0,12,47,0
535,Eulor9B,16,36,12,0,0,12,0,0,0,0
536,tRNA-Met-i,31,0,0,0,0,0,0,24,0,8
537,MER123,23,20,8,0,0,4,0,0,0,4
538,BSR_Beta,393,324,250,288,120,309,319,171,292,285
539,LTR2,332,295,223,369,191,278,419,232,214,299
540,MER2,5295,3770,3719,2324,3025,3389,3419,3207,3199,3822
541,MER3,3772,2914,2869,1870,2699,2349,3790,2505,2075,2627
542,Arthur1C,150,143,48,167,134,44,140,48,7,80
543,HERVL74-int,199,238,366,265,216,502,356,172,448,298
544,Arthur1A,212,193,277,171,111,111,252,209,269,172
545,HERV1_LTRa,8,36,8,19,11,13,0,12,16,3
546,HERV1_LTRc,25,4,32,0,8,12,0,4,0,38
547,HERV1_LTRb,16,0,0,4,4,4,28,0,0,16
548,HERV1_LTRe,0,0,0,0,0,0,0,4,0,0
549,HERV1_LTRd,0,36,27,12,7,18,74,0,0,16
550,MER4-int,1062,1014,691,594,810,669,520,695,956,808
551,Tigger4b,2022,1495,1594,725,1168,1282,1605,1124,1253,1649
552,MER106B,383,220,283,261,180,234,391,176,132,196
553,MER106A,224,268,244,168,237,183,214,159,48,127
554,MamGypLTR1a,70,34,76,67,72,24,21,41,67,32
555,L1M3de,183,87,87,95,92,122,251,120,117,98
556,MamGypLTR1b,1193,1272,1271,604,1024,1308,2157,950,874,1161
557,MamGypLTR1d,155,24,40,29,52,44,0,40,36,60
558,L1PA15-16,409,250,208,255,150,196,278,259,196,211
559,MER44D,384,223,199,136,349,175,581,205,222,252
560,MER113,1217,686,597,776,606,728,1003,621,682,766
561,tRNA-Val-GTY,4,0,0,4,5,0,0,1,0,0
562,LTR3B_,87,104,67,31,36,85,43,65,52,187
563,MER65C,934,903,745,767,541,706,965,608,850,1074
564,HERV-Fc2_LTR,0,0,0,0,0,0,0,0,0,0
565,MER41A,619,371,375,271,301,327,233,284,146,376
566,MER66-int,295,248,175,243,120,117,269,226,158,159
567,TAR1,30,4,2,3,4,0,0,13,12,2
568,Tigger16b,879,758,833,488,646,436,1015,654,710,827
569,MER74C,15,4,0,0,0,19,16,36,0,8
570,UCON84,12,0,3,44,0,0,0,0,16,44
571,MLT2A1,765,326,402,531,332,228,674,453,344,408
572,U4,90,107,103,287,47,99,28,44,87,53
573,MLT1E-int,0,0,0,0,0,0,0,0,0,0
574,MER74B,364,236,318,160,163,146,526,252,132,176
575,L2-1_Crp,51,62,20,36,0,12,0,28,4,44
576,MLT2A2,722,404,438,480,387,296,516,502,371,490
577,Arthur1B,306,303,134,186,229,211,417,164,111,225
578,PRIMA4-int,496,385,274,292,188,224,108,234,242,259
579,THE1D-int,1421,589,760,781,720,579,1338,906,706,548
580,Mam_R4,221,46,56,63,93,78,59,71,95,93
581,MLT1G1,903,717,770,812,590,535,1043,651,738,557
582,MLT1G3,444,371,323,566,385,412,579,429,435,350
583,Charlie25,341,116,110,76,34,83,140,183,134,147
584,Charlie24,328,361,303,149,313,205,283,335,352,325
585,LTR6B,202,240,377,177,164,370,540,264,438,481
586,UCON72,8,0,0,0,0,0,0,0,0,0
587,tRNA-SeC_e_-TGA,0,0,0,0,0,0,0,0,0,0
588,MLT1H-int,357,180,166,134,152,164,260,183,228,149
589,LOR1a,636,360,411,585,443,111,199,249,437,164
590,Arthur1,369,221,260,106,81,163,340,209,204,264
591,MLT1J1-int,226,112,56,67,99,34,126,61,71,114
592,LOR1b,133,69,127,145,91,83,115,124,176,90
593,LTR10B1,179,76,112,72,66,70,329,72,83,120
594,LTR10B2,24,16,32,16,23,16,35,12,20,4
595,LTR108c_Mam,0,0,0,0,8,0,0,0,0,0
596,MLT1K-int,20,8,20,94,28,16,40,0,0,20
597,MIRb,66664,46217,48044,42782,42212,38713,66436,43212,47828,45186
598,Charlie13a,181,155,199,104,76,45,337,176,106,161
599,Charlie13b,251,151,112,25,72,192,132,107,106,134
600,UCON132b,167,90,85,48,25,50,210,101,47,134
601,MER63B,714,454,299,205,451,403,461,345,307,528
602,LTR39,522,485,473,875,392,587,755,344,1039,401
603,UCON78,12,68,56,36,44,68,44,23,67,19
604,AluYj4,340,218,272,307,265,286,333,216,256,179
605,MER66D,8,24,4,72,0,8,0,28,0,55
606,LTR107_Mam,44,24,27,0,16,39,0,72,66,40
607,MER66C,178,68,103,82,46,40,243,72,141,46
608,MER91B,419,259,346,364,282,224,366,294,246,222
609,MER66A,64,39,80,89,35,24,48,43,48,56
610,Charlie2a,965,689,536,344,677,483,1165,531,621,674
611,Charlie2b,1251,889,803,503,666,757,570,532,677,739
612,L1MA8,4062,2678,2544,1530,2079,1931,2965,1818,2672,2431
613,MER50B,130,32,76,117,67,56,4,99,108,32
614,MIRc,30170,22843,22315,18789,19767,18614,32457,18841,23150,21407
615,tRNA-Lys-AAA,4,4,4,0,0,0,0,4,0,0
616,LTR22C0,41,44,67,82,16,65,60,104,4,28
617,X1_LINE,28,0,0,0,41,0,4,8,47,12
618,LTR22C2,31,18,8,18,12,4,0,44,0,13
619,MER46C,2027,1771,1598,1036,1268,1277,1662,1380,1451,2489
620,MER31B,411,250,306,253,268,166,371,406,314,237
621,MamRep38,461,267,297,308,355,282,672,314,365,346
622,MER31A,447,435,297,342,360,214,169,358,327,338
623,MER107,87,60,46,55,48,30,166,67,104,54
624,L4_B_Mam,1247,827,581,490,545,715,1033,857,605,781
625,MER34D,43,43,40,15,23,8,112,24,63,32
626,LTR88b,283,115,124,225,184,166,435,180,144,148
627,MamRep1151,245,234,187,184,152,218,355,161,202,211
628,MER20,6453,4622,4841,4290,3929,4193,6455,4092,4447,4573
629,LTR30,25,52,81,1,72,33,11,32,57,20
630,LTR7,515,365,410,352,356,345,404,392,287,294
631,LTR16E2,478,295,400,327,500,144,568,268,522,315
632,LTR16E1,483,358,330,241,168,369,412,324,429,231
633,LTR43B,34,17,18,7,32,67,0,6,0,36
634,MER49,921,627,639,776,734,489,976,518,527,700
635,MER48,59,62,32,52,0,24,139,16,80,6
636,PRIMAX-int,20,0,8,0,4,8,0,0,0,0
637,LTR36,217,148,215,58,80,87,187,80,213,83
638,LTR40c,330,115,197,287,111,156,271,131,165,189
639,UCON49,60,7,16,79,0,28,0,36,0,16
640,UCON105,88,80,44,32,119,56,51,89,68,66
641,PRIMA4_LTR,89,83,110,111,86,48,103,56,76,108
642,HERVK22-int,1371,850,947,857,698,623,1443,786,1025,741
643,tRNA-Arg-CGG,0,8,4,0,0,0,0,0,0,0
644,Tigger6a,423,319,263,193,213,269,353,241,319,226
645,Tigger6b,113,41,68,56,110,32,4,64,0,44
646,SVA_F,265,265,269,165,164,249,416,149,243,202
647,tRNA-Arg-CGA,0,0,0,0,0,0,0,0,0,0
648,MER52D,228,89,212,159,90,97,203,54,104,92
649,L1MCb,386,282,252,140,232,106,191,246,304,201
650,L1MCc,1103,678,587,692,557,345,554,645,435,645
651,L1PB2,1247,625,465,349,535,571,736,724,688,537
652,L1MCa,2449,1435,1414,931,1174,1102,1392,1399,1727,1242
653,L1PB4,2391,1159,1132,723,1129,943,1401,1231,1290,1350
654,MER72B,59,56,32,24,20,39,51,20,15,40
655,MER102b,2252,1612,1605,956,1374,1283,1751,1243,1241,1350
656,MER102c,1536,1162,1153,625,891,1048,995,757,860,926
657,MER102a,1102,776,881,781,855,829,815,620,1119,762
658,LTR58,122,68,24,12,16,27,91,12,24,20
659,AluYa5,152,119,119,112,136,93,262,128,252,149
660,tRNA-Arg-AGG,12,0,4,0,12,0,0,0,0,0
661,LTR53-int,159,136,112,109,92,97,344,134,159,104
662,AluYa8,35,19,12,75,32,11,18,10,9,42
663,LTR55,72,28,8,19,44,20,3,48,4,12
664,LTR56,346,313,262,402,80,164,191,100,317,163
665,LTR57,16,85,119,38,55,33,134,19,76,40
666,LTR45C,172,108,106,116,59,41,19,73,37,86
667,LTR45B,130,57,86,75,116,42,37,80,184,99
668,LTR52,158,163,168,102,67,105,296,105,173,164
669,LTR53,183,110,133,130,112,99,207,61,142,198
670,MER39,792,434,609,410,398,424,664,503,621,511
671,MER34B-int,229,277,174,75,190,123,224,146,248,237
672,LTR75B,44,27,31,7,59,23,22,34,5,14
673,CR1-12_AMi,87,16,4,56,8,11,0,16,0,4
674,CR1_Mam,881,659,520,376,394,595,917,493,536,607
675,MER33,3990,2929,2702,1708,2495,2011,3139,2147,2001,2581
676,MER34,417,155,169,64,254,234,458,200,223,167
677,L1P4d,37,16,0,9,0,4,12,28,0,0
678,MLT1G3-int,48,84,132,98,83,75,36,41,53,40
679,HERVI-int,95,119,114,68,53,100,61,35,93,88
680,Eulor6A,0,0,0,0,0,0,0,8,0,0
681,Eulor6B,4,0,12,0,0,0,0,4,0,0
682,L1P4e,31,5,19,12,16,0,0,43,0,0
683,Eulor6D,8,0,0,24,0,0,3,0,34,0
684,Eulor6E,8,12,12,20,0,0,0,12,0,0
685,MER83A-int,16,16,0,28,4,4,181,4,0,12
686,MER44C,960,608,738,525,479,468,1103,616,567,628
687,L1MC2,3805,2265,2138,1591,1828,1773,2961,1893,2275,1934
688,L1MC3,5557,3709,3458,2595,2754,2836,4469,3133,3392,3160
689,FRAM,1515,1206,1379,991,1100,1031,1317,954,1043,1159
690,L1MC1,9980,6476,6010,5466,6050,4745,9391,5733,6378,6438
691,MLT1M,592,511,285,567,291,359,982,376,362,386
692,L1MC4,18462,12025,11134,7226,9713,8760,13127,10149,10753,9992
693,HERV9-int,237,135,151,192,231,88,458,117,183,104
694,X8_LINE,59,75,23,40,63,104,0,36,43,76
695,L2b,44428,30777,35325,33381,29723,28989,54338,28457,32703,35318
696,L1MB7,18367,11789,11511,8223,10138,9357,15085,10065,10293,9864
697,LTR81C,40,32,36,36,32,12,28,36,0,44
698,LTR38-int,24,0,4,20,0,32,0,4,8,4
699,Helitron1Nb_Mam,20,24,44,20,8,26,39,28,20,4
700,LTR5A,190,136,84,123,112,143,147,94,93,99
701,LTR5B,522,352,431,316,268,241,334,158,213,208
702,LTR81B,114,60,112,54,12,28,144,92,96,70
703,BC200,156,81,135,59,65,91,266,107,76,155
704,L4_C_Mam,1852,909,913,467,836,780,1177,1042,1022,876
705,LTR81A,91,76,68,114,40,79,51,52,163,64
706,LTR28B,190,88,60,84,96,20,94,76,8,36
707,LTR28C,253,111,72,128,124,76,303,188,51,81
708,LTR104_Mam,230,205,100,301,108,129,369,113,195,151
709,Tigger17,40,16,20,4,27,4,32,56,0,56
710,Tigger10,1311,1027,967,992,828,759,1004,602,757,1059
711,MLT1F2-int,54,41,52,33,55,47,114,34,65,35
712,Tigger12,620,437,428,266,347,333,560,353,340,449
713,MER4E,347,245,230,99,158,132,192,140,199,256
714,MER4D,394,418,354,174,250,178,321,229,263,256
715,tRNA-Ser-TCA_,0,0,0,0,0,0,0,0,0,0
716,MER4A,426,348,434,495,269,464,580,242,396,470
717,MLT1E,136,162,117,116,92,76,168,77,68,43
718,MER4C,201,131,166,119,83,115,174,116,59,120
719,MER4B,1161,1015,806,803,962,642,1420,895,951,612
720,MSTA-int,1762,1038,1218,1306,1033,787,2010,1179,1268,1076
721,MLT1J2-int,95,27,64,171,56,47,14,88,24,59
722,MLT1D-int,1806,1541,1281,984,1379,797,1247,961,1416,1096
723,HERV-Fc1_LTR1,0,0,0,0,0,0,0,0,0,0
724,HERV-Fc1_LTR2,0,0,0,0,0,0,0,0,0,0
725,HERV-Fc1_LTR3,0,0,0,0,0,0,0,0,0,0
726,LTR50,877,706,641,596,669,491,669,424,618,343
727,MER6,497,290,263,130,268,249,386,192,187,341
728,LTR80A,88,27,51,20,36,56,0,29,0,32
729,LTR80B,45,55,51,50,20,4,72,41,48,52
730,HAL1,13323,8959,7750,4508,6763,6489,9641,7083,6740,6912
731,Chompy-7_Croc,0,0,0,0,0,0,0,0,0,0
732,HERV9NC-int,319,165,150,195,128,60,138,194,102,141
733,MLT2D,799,581,630,761,844,520,1163,486,610,536
734,MLT2E,54,20,52,104,16,12,15,15,0,8
735,GSAT,0,0,4,0,0,0,0,0,0,0
736,MER34A,322,177,151,200,208,154,240,193,73,127
737,HUERS-P1-int,229,54,184,118,173,88,154,85,94,75
738,MER34C,24,32,16,12,52,0,20,20,16,32
739,MER34B,251,319,144,180,187,96,283,104,247,179
740,Ricksha_0,102,67,72,50,88,63,253,60,84,36
741,ORSL-2b,317,119,148,92,104,82,152,100,144,119
742,DNA1_Mam,44,16,44,0,44,40,67,20,16,32
743,PrimLTR79,78,33,84,47,52,52,82,24,100,52
744,LTR57-int,111,96,95,44,0,12,99,24,64,64
745,LTR8B,554,371,436,285,410,566,604,403,368,374
746,LTR8A,874,640,702,507,633,447,695,587,695,328
747,Tigger12A,265,156,201,116,162,176,256,232,370,292
748,L1ME4a,12755,9788,7951,4984,6713,7165,8006,6688,6572,7865
749,UCON9,0,0,0,0,4,0,0,0,0,4
750,L1ME4c,4591,2944,2293,1334,2332,2201,3048,2251,2458,2573
751,L1ME4b,11919,8388,7422,5935,7261,6714,10964,6806,7807,7294
752,LTR89,247,121,185,79,180,118,140,154,260,243
753,LTR14A,22,20,50,8,4,12,54,40,0,36
754,LTR87,404,361,349,300,253,322,550,341,406,291
755,UCON1,0,0,0,28,0,0,0,0,0,0
756,UCON2,98,68,52,19,27,28,32,39,135,28
757,ORSL-2a,116,97,40,42,71,53,188,51,48,78
758,LTR83,251,40,86,76,88,56,110,95,99,68
759,UCON5,8,16,0,12,12,8,0,4,0,4
760,LTR81,16,8,43,46,0,0,0,8,4,4
761,UCON7,0,0,0,0,28,8,0,16,0,4
762,MER121B,4,0,0,0,0,0,0,0,0,0
763,MER65D,102,96,32,91,25,11,80,41,71,75
764,MER124,250,250,271,75,224,292,282,192,245,239
765,MER57-int,483,280,263,229,324,169,310,313,265,161
766,UCON93,0,0,0,0,0,0,0,4,0,4
767,Charlie17a,369,300,247,321,132,218,328,267,340,229
768,Charlie17b,94,75,48,36,96,35,48,120,20,91
769,HUERS-P3-int,1669,1357,1717,1158,1289,700,570,364,920,617
770,MER34-int,1153,1080,1077,487,627,1087,1049,585,891,1077
771,UCON79,12,0,0,0,0,0,0,4,0,4
772,UCON61,0,0,0,0,0,0,0,0,0,0
773,Eulor8,8,4,0,0,0,0,0,8,0,0
774,UCON70,51,91,71,8,128,27,48,60,44,76
775,Eulor4,0,0,0,0,0,0,0,0,0,0
776,7SK,46793,47929,47096,131294,50515,26874,52595,27319,74193,57038
777,UCON73,79,77,39,0,43,59,0,44,31,62
778,L1P,25,2,10,1,6,2,0,2,3,3
779,UCON75,0,0,0,0,0,0,0,0,0,0
780,Eulor3,0,0,0,0,0,0,0,0,0,0
781,UCON77,0,0,0,0,0,0,0,3,0,4
782,LTR25-int,583,613,672,674,601,639,826,454,658,655
783,L1M,149,84,96,42,132,107,129,83,48,111
784,Zaphod,319,157,129,90,152,119,170,114,395,68
785,Tigger18a,858,449,447,236,463,229,964,256,341,417
786,tRNA-Arg-CGY_,5,0,8,8,1,0,0,2,0,0
787,Tigger3,683,436,261,239,353,351,393,234,246,170
788,MLT1I-int,108,112,35,20,55,21,14,24,0,59
789,MER4B-int,348,240,116,227,152,177,289,137,48,218
790,LTR106_Mam,77,58,25,27,36,68,23,24,0,49
791,X6B_LINE,447,395,333,306,263,401,689,314,332,469
792,MLT1A-int,296,347,246,183,220,255,168,190,266,136
793,tRNA-Ile-ATC,0,0,0,0,0,0,0,0,0,0
794,Eulor11,40,16,0,31,0,0,0,0,0,16
795,Eulor10,0,0,0,0,0,0,0,0,0,0
796,Eulor12,0,20,0,31,0,0,0,8,0,0
797,MamGypLTR1c,235,107,99,80,88,64,23,70,44,119
798,LTR48B,491,522,545,504,485,358,524,352,409,456
799,Tigger4,1158,577,484,410,440,423,795,631,664,481
800,tRNA-Ile-ATT,42,42,52,60,48,64,28,39,73,4
801,AluYe5,89,128,101,110,80,86,124,135,205,152
802,AluYe6,42,41,47,41,26,23,67,25,76,30
803,LTR13,857,833,771,479,591,669,1184,401,649,706
804,LTR14,41,24,55,0,6,44,60,12,0,0
805,LTR15,273,423,263,119,236,270,356,186,254,319
806,LTR16,350,239,295,218,307,271,635,318,283,306
807,LTR17,374,267,265,431,368,236,363,201,142,196
808,tRNA-Leu-CTA_,0,0,0,0,0,0,0,0,0,0
809,MER5A1,3649,2500,2596,2359,2003,2220,3018,2099,2320,2269
810,LTR78B,379,275,356,262,196,321,416,334,229,372
811,MER97d,48,56,52,24,35,56,60,36,92,68
812,MLT1I,1750,1134,1399,1621,1368,1037,2261,1140,1285,1251
813,MER9B,0,12,16,0,0,0,0,4,4,12
814,LTR51,72,32,95,48,89,24,32,24,48,31
815,X7C_LINE,244,88,84,153,104,87,364,77,140,112
816,Merlin1_HS,39,28,28,4,32,48,0,0,36,19
817,LTR40A1,180,148,152,56,118,112,51,56,95,98
818,LTR41C,275,195,170,271,87,108,277,150,158,180
819,LTR41B,874,727,867,578,654,795,1405,648,819,886
820,Kanga2_a,1323,636,550,676,507,452,780,588,530,692
821,LTR29,113,112,109,35,139,136,94,100,300,141
822,LTR14C,12,0,12,0,16,0,0,40,0,5
823,LTR14B,113,110,60,100,45,36,76,66,99,42
824,LTR22B2,0,0,0,16,0,0,0,5,0,12
825,MER101B,16,32,40,23,8,0,15,20,36,36
826,MSTB1,1219,877,973,875,756,803,828,734,950,687
827,LTR103b_Mam,72,68,58,27,48,48,40,12,132,88
828,AluYk11,97,103,118,65,108,133,80,153,120,100
829,AluYk12,23,20,18,14,31,16,16,17,77,15
830,LTR33B,224,223,67,111,98,99,363,146,158,248
831,HERVE_a-int,49,50,89,32,111,18,32,49,146,73
832,LTR33A,276,173,209,140,170,123,380,270,365,221
833,U14,140,140,119,148,118,76,180,36,28,196
834,LTR105_Mam,95,36,36,90,83,32,359,79,171,56
835,Tigger19b,1922,1768,1578,1139,1254,1145,1574,1148,1389,1706
836,Helitron3Na_Mam,363,223,232,241,379,276,250,182,305,161
837,L1PA2,1066,594,654,548,554,515,739,596,680,560
838,L1PA5,3748,1963,2247,1790,2054,1621,3483,2294,2685,1972
839,L1PA4,2838,1630,1566,1597,1575,1146,2398,1462,1512,1581
840,L1PA7,8370,4813,4768,3982,4422,3460,5626,4712,4686,4459
841,L1PA6,14080,13236,15948,11929,14758,13154,21419,9775,17437,13425
842,L1PA8,3492,1839,1654,1341,1604,1625,2713,1876,2055,1652
843,MER90,211,235,156,193,120,190,123,105,106,101
844,L1P4c,0,0,0,0,0,0,0,0,0,0
845,MER94,1270,764,856,866,599,577,914,625,733,1181
846,MER11A,427,280,234,135,168,267,357,218,335,224
847,LTR65,117,110,186,158,110,218,95,144,120,266
848,LTR64,164,64,101,116,100,40,317,100,195,69
849,LTR1B,495,451,348,570,310,387,800,350,520,423
850,LTR1C,0,12,4,0,0,0,0,1,0,12
851,LTR1D,134,79,48,73,120,56,118,86,88,63
852,LTR1E,112,48,87,12,64,0,144,68,48,92
853,LTR1F,104,36,44,4,8,16,0,28,32,28
854,LTR62,79,89,66,109,84,23,107,14,0,84
855,MER41B,680,350,367,259,293,242,517,382,414,464
856,MER5B,7323,5134,5437,3678,3960,4390,5971,4474,5328,5273
857,MER67A,173,60,73,95,124,36,67,125,134,40
858,hAT-N1_Mam,177,108,128,88,119,28,307,179,12,115
859,LTR69,16,24,20,36,12,24,0,8,8,44
860,LTR68,45,95,64,7,28,12,55,54,0,20
861,MER5C,513,344,244,154,140,210,225,402,192,350
862,tRNA-His-CAY,0,0,0,0,0,0,0,0,0,0
863,AluSg,6122,4696,5225,4022,4101,4400,6502,3493,3416,4439
864,MER54B,76,52,44,0,24,28,0,36,39,76
865,MER70A,59,44,68,28,95,36,24,100,57,28
866,Tigger17c,585,373,382,324,266,399,325,348,326,532
867,LTR10F,180,53,80,22,49,58,134,118,160,26
868,LTR24B,318,243,248,270,163,187,257,206,164,197
869,Eulor7,0,0,0,0,0,0,0,0,0,0
870,MER97c,28,28,44,0,0,0,12,4,0,8
871,L1MD3,2861,1651,1421,1233,1224,1198,2087,1553,1401,1594
872,L1MD2,5606,3627,3376,2507,2984,2640,4589,3074,3432,3472
873,L1MD1,3712,2221,2019,1298,2052,1646,2773,1908,2280,1775
874,HERV17-int,523,319,438,379,298,220,588,373,512,357
875,LTR1C1,8,22,4,16,4,4,40,4,0,8
876,LTR1C3,0,0,0,0,0,4,0,0,0,0
877,Eulor1,0,16,0,0,0,28,4,0,0,0
878,MER70B,16,40,8,0,0,4,108,4,0,48
879,tRNA-Gly-GGY,0,3,4,0,0,0,28,0,52,0
880,LTR84a,125,163,120,136,105,24,35,100,143,76
881,LTR84b,230,119,160,74,131,129,409,135,140,68
882,UCON6,184,156,175,83,136,149,41,60,113,235
883,tRNA-Gly-GGG,1,4,4,4,0,0,0,8,0,0
884,MLT1G1-int,73,56,12,24,31,44,28,41,69,23
885,MER77B,668,415,461,506,324,382,718,387,125,220
886,MER132,0,0,0,0,0,0,0,0,0,0
887,Tigger17b,0,4,0,16,16,48,110,12,0,36
888,L1ME3A,7641,5180,4478,3545,4241,3406,7068,4045,4492,4280
889,L1ME3B,5471,3707,3141,1710,2465,2913,3850,2620,2982,3071
890,L1ME3C,1142,849,651,485,622,541,707,658,872,648
891,L1ME3D,2495,1808,1523,729,1195,1126,1394,1054,1752,1452
892,L1MEf,6544,4154,3573,2159,3146,4479,5059,3780,3027,4838
893,L1ME3F,3826,2691,2284,1035,1726,1571,2095,1871,1933,1993
894,L1ME3G,7409,5140,5088,3384,3826,3326,5518,3870,4954,4432
895,Tigger1a_Art,97,121,20,12,39,38,68,73,28,72
896,MER57F,67,48,53,8,31,53,153,31,88,32
897,MER57D,48,24,40,43,137,39,140,28,7,0
898,MER47C,240,230,210,246,334,174,793,227,208,229
899,MER47B,224,120,188,219,188,98,294,148,203,116
900,MER47A,1749,1157,1160,818,982,835,1274,923,995,1006
901,SVA_D,315,215,254,237,200,239,602,251,121,203
902,SVA_E,234,135,135,123,133,78,135,108,58,89
903,D20S16,13,2,5,18,7,10,16,20,66,9
904,MER30B,88,28,60,65,32,0,68,59,1,40
905,SVA_A,526,296,379,387,320,228,602,291,438,283
906,SVA_B,227,175,160,141,161,182,262,116,81,110
907,FAM,1156,882,977,825,783,843,1362,713,1202,1107
908,MER89-int,127,73,78,8,20,23,99,30,56,56
909,MER90a,632,455,302,344,398,211,546,273,325,219
910,MER97a,60,12,0,0,0,0,0,8,0,0
911,tRNA-Thr-ACY_,4,0,0,0,0,0,0,0,0,0
912,MLT1F-int,337,114,124,236,187,111,375,172,151,79
913,MER34C_,48,48,40,8,95,56,61,83,40,43
914,Tigger14a,535,400,348,247,244,248,452,254,210,391
915,MSTD-int,296,229,239,232,330,175,356,309,202,267
916,Charlie22a,414,263,358,319,355,435,519,240,402,411
917,L1MC4a,7003,4855,4897,3526,3438,4165,5818,4196,4453,4222
918,Helitron2Na_Mam,337,218,346,211,234,327,305,209,399,221
919,Ricksha_a,48,15,32,27,0,0,47,29,66,0
920,LFSINE_Vert,1308,945,1341,1430,1024,871,1094,823,1441,1067
921,L1MDb,606,330,426,373,297,245,481,309,298,299
922,L1MDa,2958,1813,1587,1130,1738,1526,2088,1536,1562,1557
923,UCON38,10,12,8,0,24,0,44,7,0,20
924,7SLRNA,47378,48416,56010,112585,46800,34913,69337,33887,55715,59676
925,MER6B,350,184,172,159,172,221,88,217,246,158
926,LOR1-int,1180,711,624,725,756,512,674,380,633,535
927,LTR72,68,48,20,16,39,48,209,33,40,55
928,UCON37,16,24,0,0,0,0,8,0,44,8
929,HERVP71A-int,206,101,168,160,96,128,32,103,253,95
930,L1P3b,42,0,4,5,9,0,0,12,0,0
931,LTR73,49,40,55,27,47,19,72,45,187,45
932,HERV35I-int,120,52,142,75,91,45,156,108,24,96
933,MER68,1015,669,838,769,627,679,955,656,974,644
934,LTR108d_Mam,0,0,0,0,0,0,0,0,0,0
935,MamGypsy2-I,356,224,172,154,276,88,259,248,239,152
936,tRNA-Tyr-TAT,0,0,0,0,0,0,0,0,0,0
937,MER110-int,93,65,41,4,35,40,0,24,0,26
938,Tigger2a,1270,935,884,556,674,618,1192,847,1319,823
939,MLT1C-int,371,219,259,304,262,136,179,179,183,108
940,HY1,338,168,202,293,165,213,377,200,186,348
941,HY3,306,266,192,117,299,155,253,124,189,202
942,HY4,83,96,92,140,87,72,82,116,200,116
943,HY5,32,8,36,105,0,75,0,16,28,28
944,MamRep605,1898,1240,1241,1010,1026,741,1336,896,865,1244
945,tRNA-Thr-ACY,12,0,0,32,0,0,0,0,0,0
946,MER87,44,28,5,20,7,20,28,24,1,4
947,MER89,290,164,224,297,153,190,403,166,122,315
948,HUERS-P3b-int,762,478,297,351,277,205,642,404,486,439
949,MER133B,7,4,0,0,0,0,0,0,0,16
950,HERV9N-int,216,80,200,59,137,54,231,134,57,125
951,MER133A,0,4,0,0,0,0,0,0,0,0
952,Eulor5A,7,8,20,4,44,24,20,32,20,51
953,5S,585,742,511,1313,1052,733,718,245,860,492
954,Eulor5B,0,0,0,0,0,0,0,0,0,0
955,LTR19B,96,141,81,83,122,48,227,69,39,116
956,LTR19C,59,124,75,51,135,76,159,48,71,121
957,LTR19A,631,543,429,274,299,567,1111,337,273,646
958,MLT1J2,1355,804,912,947,851,661,1488,846,950,838
959,MamRep564,298,266,215,27,287,191,320,129,100,444
960,UCON28c,4,0,0,4,32,0,35,12,0,24
961,MLT1J1,905,452,591,665,525,374,859,497,449,454
962,UCON34,102,100,59,32,67,48,71,52,92,79
963,LTR2C,111,70,40,55,57,61,24,75,81,136
964,LTR2B,89,76,79,118,20,74,94,54,66,62
965,HAL1M8,1500,1079,1047,417,820,723,1570,752,855,843
966,AluYi6,40,59,35,28,60,40,36,54,27,47
967,MSR1,95,110,81,107,84,106,214,34,169,145
968,Tigger8,318,275,227,101,148,147,218,230,487,194
969,LTR49-int,881,461,466,298,554,396,907,503,327,339
970,MER31-int,431,188,226,142,240,144,384,151,236,139
971,Tigger1,13965,8898,8738,6796,7681,6711,11205,8146,8012,7349
972,tRNA-Ala-GCY_,0,0,16,0,11,0,0,0,0,0
973,Kanga1d,112,108,36,58,71,62,8,48,27,64
974,Tigger2,2846,1823,1761,778,1508,1409,2479,1372,1741,1527
975,Kanga1b,144,76,72,80,36,40,237,72,24,92
976,Kanga1c,270,109,127,111,55,140,194,155,154,84
977,Tigger7,2051,1680,1679,947,1168,1124,2104,1454,1312,1611
978,Kanga1a,285,188,137,84,169,99,162,163,239,233
979,L1M3b,183,92,84,154,100,68,16,84,119,56
980,UCON71,0,4,0,0,0,0,0,20,0,0
981,LTR10A,162,306,220,122,82,147,331,230,89,196
982,tRNA-Asp-GAY,8,11,4,0,17,12,0,0,4,7
983,LTR10C,333,204,214,186,199,243,188,182,133,136
984,LTR10B,0,0,31,4,32,35,36,15,35,40
985,LTR10E,118,45,106,9,85,42,131,21,173,44
986,LTR10D,127,51,31,63,61,78,51,56,42,43
987,LTR10G,24,21,20,0,14,16,66,41,0,4
988,AluY,10577,8821,9014,6416,7515,8018,12686,6622,7072,7775
989,SATR2,94,81,83,182,84,36,57,52,80,35
990,LTR16D1,82,53,49,71,60,54,272,48,229,48
991,LTR16D2,24,46,32,65,40,27,96,45,55,24
992,L1M3a,302,156,291,46,173,234,311,201,266,177
993,MER57B1,289,120,182,154,115,99,142,89,155,88
994,UCON85,4,0,0,0,0,0,0,0,0,0
995,L2-1_AMi,578,307,386,301,335,224,628,302,266,279
996,MER57B2,331,208,252,143,191,208,317,145,319,164
997,MamSINE1,3637,3984,3271,2135,2694,2641,5077,2469,3571,3718
998,UCON11,0,4,0,0,11,0,0,0,0,0
999,Tigger3a,2410,1733,1708,1796,1561,1198,2054,1513,1390,1553
1000,HERVL40-int,718,331,568,342,515,367,357,459,447,546
1001,MER53,887,436,454,380,433,383,409,303,422,637
1002,MER50,356,196,337,321,306,296,480,291,191,245
1003,MER52-int,24,45,30,6,43,24,0,20,41,15
1004,UCON76,11,8,0,0,0,16,0,0,0,0
1005,Penelope1_Vert,337,273,368,396,318,301,438,237,388,464
1006,MER87B,76,76,16,4,39,16,51,51,75,12
1007,MamRep434,966,753,755,486,616,513,781,512,562,755
1008,HERVFH19-int,73,60,10,28,8,24,82,18,0,14
1009,L2-3_Crp,945,515,546,503,528,388,434,577,565,486
1010,HERVK14C-int,24,4,12,24,4,15,75,0,8,0
1011,HAL1ME,2645,1711,1652,1108,1250,1378,1625,1480,1016,1445
1012,LTR28,28,47,32,3,16,13,111,28,94,32
1013,MLT1A1-int,320,123,136,213,219,241,299,135,324,183
1014,FLAM_C,5067,4150,3754,2393,2791,3179,4337,2501,3012,3690
1015,LTR81AB,4,16,32,0,16,0,0,32,0,12
1016,FLAM_A,2900,2345,2489,1725,1870,1846,3362,1710,2218,2211
1017,L1M6B,261,188,150,117,239,161,336,163,233,241
1018,MER121,82,34,37,142,63,4,128,65,4,34
1019,LTR37B,446,223,241,188,200,172,495,264,615,287
1020,LTR23,163,109,113,26,86,122,48,87,163,161
1021,LTR22,14,24,16,83,16,11,74,40,0,24
1022,LTR25,159,87,93,46,24,21,144,61,36,64
1023,LTR12,214,141,191,122,59,81,247,136,59,117
1024,LTR27,40,4,24,43,20,21,4,14,0,13
1025,LTR26,132,52,100,202,84,68,162,71,151,63
1026,LTR7A,22,5,23,6,3,51,147,6,12,40
1027,tRNA-Thr-ACG_,0,0,0,0,0,0,0,0,0,0
1028,LTR6A,163,193,241,130,114,71,229,105,193,178
1029,LTR37A,302,171,127,135,76,144,183,131,313,112
1030,L1ME3Cz,5113,3751,3081,1721,2682,2956,3766,2885,3034,2861
1031,MER92D,87,32,36,24,0,28,95,56,11,24
1032,MER4E1,260,183,182,106,137,129,674,185,77,199
1033,MLT1O,1092,691,869,857,831,439,877,633,650,736
1034,U8,16,4,0,0,0,0,0,0,28,0
1035,U5,43,16,12,0,0,28,91,21,40,46
1036,MER125,28,20,12,0,12,0,56,4,0,4
1037,U7,136,51,20,4,52,71,4,28,32,40
1038,HAL1b,1511,919,738,519,742,854,1203,975,1008,844
1039,U1,205,182,192,301,217,121,139,139,188,185
1040,U3,5954,4929,4763,12536,5874,4081,7516,2666,5542,3738
1041,LTR24,103,152,120,155,59,40,285,88,191,132
1042,MLT2B1,500,317,452,271,266,276,713,400,253,341
1043,MER1A,1722,1207,1247,1277,1019,858,1574,1039,1145,842
1044,MER57A1,275,146,139,82,177,138,221,198,136,178
1045,MER127,63,68,54,72,24,0,62,32,88,43
1046,MLT1A0-int,384,141,199,178,257,82,281,211,284,137
1047,LTR86A1,280,144,150,98,151,104,91,168,227,96
1048,LTR86A2,30,47,53,28,38,4,177,117,1,40
1049,MER126,97,35,37,11,87,28,4,38,14,68
1050,tRNA-Arg-CGA_,0,0,0,0,0,0,0,0,0,0
1051,MER9a1,62,34,48,43,90,36,12,77,96,73
1052,Charlie16a,717,562,453,397,498,499,683,470,637,467
1053,MER9a3,309,189,178,299,225,136,448,208,213,198
1054,MER63A,588,398,525,627,482,583,744,388,612,407
1055,MER63C,112,149,163,68,64,112,111,126,48,180
1056,MER51C,92,35,45,63,32,40,28,22,37,70
1057,MER63D,473,291,305,241,228,230,563,346,145,368
1058,MLT2C1,517,406,270,407,355,188,318,260,199,289
1059,UCON97,8,0,0,0,0,4,0,12,0,0
1060,MLT2B5,20,4,12,24,4,4,4,44,39,8
1061,MLT-int,80,157,100,107,88,104,109,97,102,123
1062,MLT2B4,796,512,467,475,377,342,607,494,711,482
1063,AluSq4,678,556,333,359,383,324,426,212,396,407
1064,AluSq2,9732,7573,7513,5881,6182,5841,10526,5549,6512,7030
1065,MLT1F1-int,122,169,76,76,40,75,142,100,32,96
1066,MER94B,166,108,95,126,16,32,124,67,85,52
1067,Tigger20a,679,482,398,325,297,244,460,303,278,304
1068,U2,389,584,357,710,350,254,237,183,237,358
1069,Charlie7a,554,396,371,84,220,308,389,316,329,367
1070,MER45A,556,440,379,331,251,328,362,382,300,303
1071,UCON15,4,0,4,0,0,0,0,0,0,0
1072,MLT1E1A-int,16,24,76,0,72,8,8,32,52,80
1073,MERX,178,72,67,148,64,28,66,67,67,124
1074,HERVIP10B3-int,801,713,619,537,427,709,778,593,856,831
1075,MER34C2,156,279,167,168,178,100,202,179,88,68
1076,Charlie26a,203,101,137,68,193,87,223,134,73,108
1077,Cheshire,763,554,557,282,531,440,859,479,433,475
1078,L1ME2,6636,4328,4245,2872,3459,3659,6138,3691,4383,3704
1079,MER75B,40,21,17,7,11,1,53,16,0,40
1080,Charlie30a,411,396,532,278,374,267,347,183,352,491
1081,LTR7Y,208,168,182,121,119,199,205,125,75,98
1082,MSTD,2149,1249,1370,1254,1074,1113,2306,1175,1190,1039
1083,LTR1F2,107,142,80,86,99,23,32,96,0,36
1084,LTR1F1,64,16,32,31,24,24,120,55,28,52
1085,tRNA-Val-GTG,2,0,0,0,12,0,0,25,69,3
1086,HERVK9-int,763,445,455,338,575,324,554,342,543,399
1087,tRNA-Ser-AGY,8,4,4,0,19,0,0,0,0,8
1088,HERVIP10F-int,510,180,205,231,136,191,413,341,221,271
1089,HERV3-int,379,324,251,151,252,123,208,138,434,276
1090,U17,2418,2301,1948,5852,2060,1132,2201,1009,1967,2275
1091,MER92A,0,20,0,27,11,16,0,4,0,12
1092,UCON100,0,4,0,0,0,4,0,15,28,0
1093,MER70-int,120,120,164,98,73,75,270,77,119,38
1094,CR1-11_Crp,12,4,4,0,4,0,0,12,4,16
1095,UCON74,115,24,39,43,43,52,143,32,20,20
1096,AluJb,25748,21208,20840,16216,17130,17732,29762,15494,18967,18061
1097,AluSc5,815,705,785,735,507,640,1078,506,793,509
1098,SATR1,54,28,49,0,8,44,92,16,49,30
1099,AluSc8,3499,2708,2890,2084,2345,2290,3357,2076,1693,2777
1100,L1PA10,3086,1954,1934,1291,1645,1433,2538,1697,2003,1684
1101,L1PA13,3617,2084,2365,2223,1951,1586,2652,2015,2296,1555
1102,L1PA12,1014,986,781,786,441,437,1070,646,585,650
1103,AluJo,16178,12052,12465,9809,10026,10776,16988,10229,11145,10527
1104,L1PA14,1437,980,959,739,739,712,738,1000,912,773
1105,AluYh3a3,82,150,51,39,92,55,50,49,81,89
1106,L1PA16,5329,3232,2915,1946,3013,2462,3765,3245,4129,2893
1107,HERVFH21-int,39,24,36,44,4,44,40,45,12,15
1108,L1MC,2224,1259,1352,953,1279,995,1370,1124,970,1263
1109,UCON65,0,4,0,0,0,0,0,0,0,0
1110,UCON64,8,12,0,0,0,0,0,0,0,0
1111,UCON63,0,0,0,0,0,0,0,0,0,0
1112,LTR43,72,64,79,14,68,52,0,45,18,50
1113,L1MD,3092,2448,2059,1944,1697,1504,3120,1653,2374,2044
1114,MLT1J,4347,3115,3066,3325,2840,2750,5257,2908,3253,2865
1115,MLT1N2,831,688,527,602,643,436,1026,575,645,743
1116,UCON28a,0,4,4,4,0,0,0,0,0,24
1117,UCON28b,12,0,0,8,0,4,0,0,8,0
1118,LSU-rRNA_Hsa,6856,7318,3422,9214,8729,6488,17771,4674,8040,3894
1119,MLT1H2-int,119,40,48,28,24,24,167,23,166,20
1120,HERVL18-int,539,220,272,401,228,75,331,175,569,228
1121,tRNA-Phe-TTY,16,0,8,0,0,0,0,4,0,0
1122,tRNA-Thr-ACA,0,0,0,4,4,0,0,0,0,0
1123,MSTB2-int,25,29,20,0,0,0,99,16,0,28
1124,MamRep137,1123,963,956,421,690,739,1293,702,767,780
1125,MER66B,576,461,491,798,385,657,872,372,400,731
1126,MER83,103,136,124,68,116,111,387,149,107,94
1127,MER91A,458,455,514,577,512,404,641,461,288,373
1128,MIR1_Amn,3958,2508,2515,2060,2535,2540,4083,2158,2718,2560
1129,MER45R,47,32,32,27,24,8,0,28,24,60
1130,MER4D0,227,184,198,68,116,112,312,139,116,144
1131,BLACKJACK,552,305,355,178,238,389,584,235,275,418
1132,MLT1A1,1917,1143,1142,1089,976,1066,1791,1003,1522,1070
1133,MLT1A0,5537,3840,3894,3353,3233,2679,5702,3202,3673,3664
1134,L2-3_AMi,0,0,0,0,0,0,0,0,0,0
1135,HERVL-int,1852,1140,1339,1770,1062,833,1812,1211,1337,886
1136,MER91C,290,235,301,184,198,99,452,131,190,185
1137,L1MA5,2412,1473,1593,969,1298,1229,1920,1459,1525,1163
1138,MLT1N2-int,56,8,12,8,23,8,0,8,0,0
1139,U6,457,311,232,132,196,252,276,215,210,231
1140,X7B_LINE,271,146,133,109,200,175,410,138,226,113
1141,L1M2a,1144,821,933,563,633,428,826,557,477,748
1142,MamRep1879,298,224,161,287,335,123,160,180,170,140
1143,L1M2c,290,250,270,181,246,68,646,306,357,168
1144,L1M2b,135,64,12,44,8,52,4,72,4,32
1145,CR1-8_Crp,0,0,0,0,0,0,0,0,0,0
1146,LTR22A,82,23,45,22,24,8,0,20,4,8
1147,HERV-Fc1-int,9,1,4,0,0,0,0,8,0,0
1148,AluSz6,9117,7694,7161,5346,5941,6371,8623,5730,6280,7310
1149,L1PA8A,1357,748,776,642,840,629,1329,881,909,794
1150,MER68B,255,170,183,59,140,135,208,196,204,124
1151,MER68C,12,24,44,8,16,19,86,8,84,27
1152,MER83C,40,23,25,44,13,0,0,20,0,12
1153,MER50C,51,44,48,26,40,24,173,28,44,12
1154,AluYd8,24,14,13,9,14,8,13,24,7,23
1155,MER52A,675,443,647,916,574,359,1261,509,621,771
1156,tRNA-Trp-TGG,0,0,0,0,0,0,0,0,0,0
1157,MER52C,47,152,96,52,24,87,124,67,206,88
1158,L1M2,3997,2760,2663,1619,2250,1790,2735,2129,2201,2243
1159,L1M3,2160,1235,1161,851,1002,840,1314,1076,912,1144
1160,L2c,72507,49222,52161,45897,46961,40608,75392,43561,48896,47141
1161,L1M1,4411,2379,2129,1715,1928,1815,2819,2286,2269,1947
1162,L1M6,1036,817,746,599,652,525,521,573,561,922
1163,L1M7,1223,799,625,354,617,618,825,743,654,619
1164,L1M4,9972,6209,6443,3274,5016,4603,6361,5200,5539,5851
1165,L1M5,17398,11450,10804,6082,8197,8765,11419,8958,9629,9468
1166,MLT1G,894,338,477,467,426,474,920,552,499,420
1167,MLT1F,1610,1166,1389,1021,908,989,1902,1039,1187,1309
1168,L1M8,640,513,406,275,391,304,835,354,517,501
1169,MLT1D,7410,4673,4904,4737,4542,4089,6717,4311,4620,4150
1170,MLT1C,6294,4434,4501,4618,4506,3627,7433,4269,4007,4747
1171,MLT1B,8421,6857,7214,12952,6623,4840,7939,4735,8328,6729
1172,MLT1A,2610,1737,1815,1915,1414,1298,2674,1529,1777,1559
1173,tRNA-Ser-TCA_m_,254,253,326,65,123,185,364,265,137,93
1174,MER4A1,575,658,626,816,478,430,810,407,642,567
1175,UCON99,4,0,0,0,0,0,0,0,0,0
1176,Looper,298,303,179,64,279,204,213,173,181,265
1177,UCON92,0,0,0,0,0,0,0,0,0,0
1178,MLT1B-int,574,332,430,334,331,277,244,332,405,379
1179,LTR9B,254,176,346,355,162,270,380,245,270,322
1180,LTR9C,28,36,36,0,0,8,52,17,0,7
1181,LTR9D,197,93,94,170,34,132,56,174,457,116
1182,UCON22,0,12,16,0,0,0,0,0,0,0
1183,UCON94,16,0,12,12,0,0,20,8,0,0
1184,MADE1,578,361,330,202,467,296,315,361,531,448
1185,MADE2,652,516,571,472,473,374,838,503,665,614
1186,AluSp,8406,7308,7514,5531,5852,5550,9255,5106,5681,6272
1187,AluSq,3700,2924,3501,2668,2829,2858,4939,2371,2630,2929
1188,PABL_A-int,284,236,244,45,157,114,275,176,154,140
1189,LTR33C,124,80,96,124,135,31,146,87,110,96
1190,tRNA-Lys-AAG,40,12,20,52,32,16,82,40,4,48
1191,AluSx,21578,18288,18861,15710,13878,16539,25700,13578,14806,16730
1192,AluSz,18555,15454,15545,12173,12178,13868,22585,11661,12948,14270
1193,Ricksha_b,68,37,48,42,0,8,8,58,63,24
1194,PABL_B,156,58,48,114,77,105,23,39,58,27
1195,Charlie20a,265,155,203,70,123,84,213,160,99,184
1196,L1MEh,741,551,473,381,349,323,688,406,451,343
1197,L1MEi,1381,905,718,753,518,453,974,721,756,670
1198,L1MEj,741,378,411,399,350,362,703,310,187,296
1199,AluSc,6703,5942,5772,5039,4733,4967,7569,4013,5267,5011
1200,L1MEd,7054,4178,3837,2384,3477,3122,5059,3652,3916,3676
1201,tRNA-Gly-GGA,39,16,48,35,20,0,12,16,0,24
1202,Charlie23a,349,231,218,194,155,222,362,198,328,188
1203,L1MEg,4967,3181,2471,1658,2477,2667,3000,2861,3094,2514
1204,LTR7B,304,207,277,169,223,259,558,255,146,241
1205,L1MEa,90,84,28,104,88,15,78,56,104,12
1206,L1MEb,879,483,423,256,391,221,471,336,600,491
1207,L1MEc,7978,5355,4381,3048,4255,3486,5295,4476,4099,3990
1208,LTR76,207,143,129,178,75,150,237,137,213,100
1209,LTR77,23,6,4,0,0,6,59,20,11,1
1210,LTR101_Mam,363,254,183,258,220,151,427,223,232,160
1211,LTR75,121,134,152,90,124,123,134,87,65,100
1212,LTR47A,193,152,83,106,132,71,247,117,193,172
1213,AluYc3,171,72,104,62,47,40,116,56,75,63
1214,LTR70,237,286,216,89,225,181,275,114,259,240
1215,LTR47B,0,0,4,0,8,0,0,12,0,12
1216,tRNA-Glu-GAG,0,0,0,0,0,0,0,0,0,0
1217,Tigger3d,300,420,316,141,225,348,514,203,235,185
1218,Tigger3c,777,588,654,553,586,498,939,580,529,590
1219,MLT1E1A,844,629,522,502,459,470,1234,558,518,431
1220,LTR78,888,480,516,471,637,361,832,455,881,524
1221,LTR79,675,456,486,558,549,392,406,496,361,522
1222,tRNA-Tyr-TAC,0,4,0,0,4,0,0,4,0,8
1223,LTR67B,800,546,664,476,551,375,1184,368,587,601
1224,MSTA1-int,0,19,0,0,0,0,0,0,0,0
1225,MER113A,686,610,353,504,408,289,513,517,484,658
1226,MER113B,253,159,257,96,75,83,294,140,177,193
1227,tRNA-Glu-GAG_,190,36,100,319,122,62,14,17,36,39
1228,MamRep1527,179,74,98,134,32,80,221,56,168,140
1229,MER1B,2765,1810,2175,2223,2064,1738,3385,2078,2246,1502
1230,LTR1B1,48,16,17,8,0,0,0,36,15,8
1231,LTR1B0,47,0,13,26,64,11,60,51,0,0
1232,LTR37-int,507,402,327,188,257,143,203,245,190,175
1233,Harlequin-int,696,380,505,377,391,327,654,387,393,313
1234,LTR88a,91,148,60,153,36,52,217,87,139,116
1235,tRNA-Ala-GCG,7,4,0,0,0,0,0,0,0,0
1236,L1ME5,1239,699,750,436,490,588,538,662,659,637
1237,HERV16-int,265,234,160,125,148,74,241,95,223,85
1238,L1ME1,18994,12710,11620,7088,9871,9611,13454,10469,11130,10610
1239,CR1-L3B_Croc,12,0,0,0,20,8,0,4,8,0
1240,L1ME3,4866,3219,2819,2157,2805,2955,4196,2696,2992,3049
1241,MSTC-int,116,52,52,32,96,12,0,28,32,20
1242,L1PBa1,282,277,195,141,153,187,381,176,262,294
1243,LTR43-int,17,49,44,24,20,37,79,16,33,55
1244,LTR7C,202,290,234,238,200,72,295,113,372,174
1245,tRNA-Ala-GCY,0,0,8,0,0,0,0,0,0,0
1246,L1MA5A,1616,993,850,610,711,683,961,920,1030,871
1247,LTR5_Hs,327,290,290,181,184,193,395,192,211,244
1248,MER5A,11802,8816,8223,6695,7451,8026,13526,7297,8963,10036
1249,REP522,33,5,2,0,1,0,0,4,0,0
1250,AmnSINE1,1562,1775,1564,1339,1234,1318,1975,1054,1379,1747
1251,X7D_LINE,4,12,0,0,0,0,0,0,0,0
1252,AmnSINE2,190,161,187,165,55,237,476,133,168,235
1253,Tigger3b,3320,2197,2507,1858,2077,1655,2142,1869,1765,1731
1254,MSTB-int,574,387,400,740,419,435,802,430,392,323
1255,MLT1L-int,20,4,28,4,0,4,0,4,28,4
1256,L1PA3,2033,1221,1095,803,1181,922,1463,1084,997,994
1257,MamRep1894,48,103,60,51,48,32,148,88,109,203
1258,UCON20,0,0,0,0,0,8,0,0,0,4
1259,MER57E2,8,0,20,0,8,0,0,12,0,0
1260,MER99,63,64,32,4,20,59,0,28,32,20
1261,UCON50,20,4,0,0,32,0,0,0,0,12
1262,CRP1,0,0,8,0,0,0,0,0,0,0
1263,UCON44,0,0,12,0,4,0,24,16,63,13
1264,MLT1O-int,0,0,0,0,0,0,0,0,0,0
1265,MLT1H,3078,1783,1917,1803,1654,1559,3147,1670,2119,2170
1266,UCON47,76,88,72,44,60,36,91,24,24,72
